timestamp,policy,endpoint,method,payload_bytes,inflight_sync,inflight_async,inflight_process,work_sync,work_async,work_process,worker,latency_ms,error
1789747123.2932103,least_conn,/api/user/profile,POST,200,2,2,2,1897.3,2777.7,808.7,sync,46.341,
1789747123.295743,least_conn,/api/user/profile,POST,200,6,6,6,2643.0,7358.1,2597.6,sync,45.949,
1789747123.2958865,least_conn,/api/user/profile,POST,200,7,7,7,2750.4,8126.5,2921.1,sync,45.456,
1789747123.3044698,least_conn,/api/user/profile,POST,200,1,1,0,1468.1,1254.6,0.0,process,58.488,
1789747123.3298068,least_conn,/api/user/profile,POST,200,6,8,8,3682.5,8520.7,3025.1,sync,32.038,
1789747123.330094,least_conn,/api/user/profile,POST,200,7,8,8,3792.5,8518.6,3023.1,sync,32.073,
1789747123.3977559,least_conn,/api/auth/verify,POST,150,4,3,3,2221.3,3949.4,1288.5,async,149.781,
1789747123.4009068,least_conn,/api/feed,POST,300,1,1,1,1467.9,1254.5,327.3,sync,154.744,
1789747123.4011366,least_conn,/api/feed,POST,300,8,8,7,2859.3,8896.4,2918.6,process,150.346,
1789747123.4012835,least_conn,/api/feed,POST,300,2,2,1,1897.7,2778.1,326.8,process,154.621,
1789747123.4022913,least_conn,/api/feed,POST,300,3,3,2,2006.6,3950.2,807.0,process,154.583,
1789747123.4279692,least_conn,/api/feed,POST,300,4,4,3,2220.8,4587.4,1288.2,process,179.889,
1789747123.428816,least_conn,/api/user/profile,POST,200,7,7,6,2751.9,8128.0,2595.1,process,178.598,
1789747123.4295502,least_conn,/api/user/profile,POST,200,6,6,5,2644.0,7359.1,2271.0,process,179.914,
1789747123.4458716,least_conn,/api/auth/verify,POST,150,5,5,5,2430.9,6106.3,2273.2,sync,196.653,
1789747123.4464486,least_conn,/api/auth/verify,POST,150,4,4,4,2220.4,4586.9,1770.1,sync,198.264,
1789747123.4466906,least_conn,/api/search,POST,250,7,8,8,2442.0,8542.9,3047.3,sync,151.693,
1789747123.4468544,least_conn,/api/auth/verify,POST,150,3,3,3,2006.1,3949.7,1288.9,sync,198.992,
1789747123.4472358,least_conn,/api/report/generate,POST,350,0,0,0,0.0,0.0,0.0,sync,204.792,
1789747123.4558988,least_conn,/api/user/profile,POST,200,8,8,7,3843.4,8457.7,2694.3,process,150.264,
1789747123.4584594,least_conn,/api/search,POST,250,2,1,1,1898.2,1254.2,327.1,async,212.067,
1789747123.4745004,least_conn,/api/user/profile,POST,200,6,7,8,3071.0,7218.7,2269.5,sync,74.819,
1789747123.4763885,least_conn,/api/user/profile,POST,200,2,7,5,451.2,6882.9,1801.6,sync,28.748,
1789747123.485892,least_conn,/api/user/profile,POST,200,8,7,7,2860.4,8125.0,2919.6,async,235.247,
1789747123.486196,least_conn,/api/user/profile,POST,200,7,6,6,2753.3,7356.8,2596.3,async,236.186,
1789747123.525467,least_conn,/api/auth/verify,POST,150,5,5,4,2434.6,6110.1,1769.0,process,277.006,
1789747123.529632,least_conn,/api/search,POST,250,6,7,5,2880.1,7189.1,1255.3,process,125.724,
1789747123.5542388,least_conn,/api/user/profile,POST,200,5,6,4,1151.6,5485.0,1566.2,process,94.094,
1789747123.5549622,least_conn,/api/feed,POST,300,7,7,3,3129.8,7007.7,925.5,process,125.137,
1789747123.5566056,least_conn,/api/user/profile,POST,200,3,4,4,798.6,4089.6,1327.8,sync,29.066,
1789747123.557269,least_conn,/api/search,POST,250,5,4,4,2435.4,4586.4,1769.6,async,308.953,
1789747123.5716405,least_conn,/api/feed,POST,300,6,7,6,2878.6,7187.3,1675.3,sync,167.482,
1789747123.5750527,least_conn,/api/auth/verify,POST,150,3,7,5,556.6,6868.0,1790.9,sync,125.273,
1789747123.575353,least_conn,/api/feed,POST,300,4,7,5,771.2,6866.2,1789.6,sync,125.326,
1789747123.5787039,least_conn,/api/feed,POST,300,7,7,4,3125.9,7003.8,1405.6,process,148.324,
1789747123.5883334,least_conn,/api/user/profile,POST,200,3,3,1,705.5,2751.3,354.1,process,29.777,
1789747123.7422416,least_conn,/api/report/generate,POST,350,6,5,5,2645.0,6105.1,2271.9,async,492.777,
1789747123.7424958,least_conn,/api/report/generate,POST,350,1,0,0,1468.4,0.0,0.0,async,496.879,
1789747123.7429993,least_conn,/api/feed,POST,300,3,2,2,2007.0,2776.3,807.3,async,495.431,
1789747123.7764752,least_conn,/api/user/profile,POST,200,0,0,0,0.0,0.0,0.0,sync,30.942,
1789747123.8470309,least_conn,/api/user/profile,POST,200,2,2,1,324.6,1945.7,420.8,process,36.524,
1789747123.8550363,least_conn,/api/user/profile,POST,200,2,2,2,323.9,1944.9,747.6,sync,44.147,
1789747123.8552551,least_conn,/api/user/profile,POST,200,3,3,3,433.5,3117.3,1167.4,sync,43.65,
1789747123.856083,least_conn,/api/user/profile,POST,200,1,1,1,213.7,1173.7,421.3,sync,46.02,
1789747123.856358,least_conn,/api/user/profile,POST,200,5,5,5,2010.7,4388.4,1997.5,sync,43.351,
1789747123.8746102,least_conn,/api/user/profile,POST,200,4,4,3,543.2,3753.9,1165.8,process,62.461,
1789747123.8930647,least_conn,/api/user/profile,POST,200,5,8,8,2796.8,7236.0,3233.5,sync,35.262,
1789747123.927402,least_conn,/api/search,POST,250,1,1,0,214.0,1174.0,0.0,process,117.581,
1789747123.9565191,least_conn,/api/user/profile,POST,200,7,7,6,2544.3,6327.1,2507.0,process,142.075,
1789747123.963105,least_conn,/api/auth/verify,POST,150,5,5,4,2011.8,4389.5,1490.8,process,150.324,
1789747123.9789,least_conn,/api/auth/verify,POST,150,5,4,4,2012.9,3752.2,1491.6,async,166.324,
1789747123.9816327,least_conn,/api/search,POST,250,3,3,2,434.2,3118.0,746.5,process,170.236,
1789747123.9933865,least_conn,/api/report/generate,POST,350,8,8,7,2968.1,7575.5,2828.1,process,178.03,
1789747124.021217,least_conn,/api/user/profile,POST,200,8,8,7,4303.3,6664.3,2613.6,process,91.948,
1789747124.0223377,least_conn,/api/search,POST,250,6,8,8,2905.3,7231.5,3229.0,sync,163.976,
1789747124.0230732,least_conn,/api/report/generate,POST,350,4,4,4,542.3,3753.0,1492.5,sync,210.713,
1789747124.0234916,least_conn,/api/auth/verify,POST,150,0,0,0,0.0,0.0,0.0,sync,215.308,
1789747124.0240977,least_conn,/api/feed,POST,300,7,7,7,2542.7,6325.5,2832.8,sync,209.423,
1789747124.0247552,least_conn,/api/feed,POST,300,6,6,6,2116.2,5557.0,2509.3,sync,210.699,
1789747124.025369,least_conn,/api/feed,POST,300,7,8,8,4291.0,7225.6,3223.1,sync,166.27,
1789747124.0255356,least_conn,/api/feed,POST,300,4,8,8,2370.6,7243.3,3240.8,sync,168.652,
1789747124.040006,least_conn,/api/auth/verify,POST,150,7,8,8,4347.5,6924.1,3175.5,sync,143.204,
1789747124.0501769,least_conn,/api/user/profile,POST,200,8,8,7,4064.7,6425.6,2519.6,process,91.063,
1789747124.062009,least_conn,/api/user/profile,POST,200,3,8,7,1586.1,6939.6,2495.4,sync,35.386,
1789747124.0624087,least_conn,/api/user/profile,POST,200,3,8,7,615.4,6953.6,2507.6,sync,37.526,
1789747124.0694156,least_conn,/api/user/profile,POST,200,7,8,7,3477.6,6910.0,2469.5,sync,39.092,
1789747124.0699067,least_conn,/api/user/profile,POST,200,5,8,7,1904.6,6923.4,2481.2,sync,41.252,
1789747124.0753763,least_conn,/api/user/profile,POST,200,7,8,8,3426.7,6817.8,2799.2,sync,33.524,
1789747124.1285908,least_conn,/api/report/generate,POST,350,6,6,5,2117.6,5558.4,1993.5,process,314.764,
1789747124.1400244,least_conn,/api/report/generate,POST,350,8,8,7,2702.9,7310.3,2790.6,process,291.514,
1789747124.1432962,least_conn,/api/auth/verify,POST,150,4,3,3,544.1,3116.4,1166.5,async,331.378,
1789747124.1455357,least_conn,/api/feed,POST,300,1,0,0,214.3,0.0,0.0,async,336.047,
1789747124.1466045,least_conn,/api/user/profile,POST,200,2,1,1,325.1,1173.5,421.0,async,336.307,
1789747124.1489282,least_conn,/api/search,POST,250,2,8,7,197.3,6945.4,2500.4,sync,123.026,
1789747124.1502557,least_conn,/api/user/profile,POST,200,6,8,8,3211.2,6636.6,2710.9,sync,85.757,
1789747124.1504343,least_conn,/api/report/generate,POST,350,8,8,7,4583.7,7087.5,2821.7,process,274.069,
1789747124.1685317,least_conn,/api/user/profile,POST,200,8,8,7,3778.0,7193.1,2651.6,process,173.591,
1789747124.1840415,least_conn,/api/user/profile,POST,200,7,8,8,4087.6,6536.7,2610.9,sync,107.045,
1789747124.1855662,least_conn,/api/user/profile,POST,200,7,7,8,2355.0,5797.8,2548.9,sync,36.486,
1789747124.185913,least_conn,/api/user/profile,POST,200,7,7,7,2426.5,5784.7,2291.4,sync,34.967,
1789747124.1964772,least_conn,/api/user/profile,POST,200,8,8,7,3457.3,6736.6,2483.3,process,144.464,
1789747124.2022467,least_conn,/api/feed,POST,300,7,8,8,3763.1,6566.3,2640.5,sync,128.955,
1789747124.2197394,least_conn,/api/user/profile,POST,200,5,8,8,2101.8,7028.7,2823.9,sync,33.417,
1789747124.2200096,least_conn,/api/auth/verify,POST,150,7,8,8,3321.1,6634.4,2708.6,sync,155.235,
1789747124.2208025,least_conn,/api/report/generate,POST,350,8,8,7,4019.9,6380.9,2446.4,process,256.113,
1789747124.2248843,least_conn,/api/auth/verify,POST,150,4,8,7,1692.8,6929.5,2486.6,sync,197.002,
1789747124.2687075,least_conn,/api/search,POST,250,8,8,7,3586.7,6907.3,2467.1,process,238.031,
1789747124.284604,least_conn,/api/feed,POST,300,6,8,8,3334.1,6568.5,2642.7,sync,211.572,
1789747124.3004923,least_conn,/api/report/generate,POST,350,8,8,7,3871.6,7286.8,2565.6,process,317.251,
1789747124.3035295,least_conn,/api/report/generate,POST,350,6,8,7,2008.5,6912.8,2471.9,sync,273.552,
1789747124.3154314,least_conn,/api/search,POST,250,8,8,7,3769.5,6106.8,1980.7,process,184.696,
1789747124.3243573,least_conn,/api/auth/verify,POST,150,8,6,8,3631.5,5167.0,2557.7,async,176.362,
1789747124.344728,least_conn,/api/user/profile,POST,200,8,8,7,2549.6,6929.1,2543.6,process,145.952,
1789747124.3585718,least_conn,/api/auth/verify,POST,150,7,8,8,2413.2,7008.3,2803.5,sync,169.7,
1789747124.3628082,least_conn,/api/feed,POST,300,7,8,7,3738.0,6726.1,2410.3,sync,138.66,
1789747124.3649383,least_conn,/api/auth/verify,POST,150,6,8,8,2203.3,7014.9,2810.0,sync,176.871,
1789747124.3666909,least_conn,/api/search,POST,250,6,8,7,2351.2,6730.8,2414.4,sync,143.129,
1789747124.3674514,least_conn,/api/feed,POST,300,7,8,8,2202.9,6881.9,2823.8,sync,162.766,
1789747124.3675847,least_conn,/api/feed,POST,300,7,8,8,4133.5,6707.8,2909.6,sync,141.141,
1789747124.380379,least_conn,/api/report/generate,POST,350,8,8,7,3679.3,6016.6,2088.3,process,238.364,
1789747124.3937702,least_conn,/api/feed,POST,300,8,8,7,2514.3,7287.7,2270.4,process,239.827,
1789747124.4098604,least_conn,/api/user/profile,POST,200,8,8,7,4207.4,6350.9,2371.6,process,138.798,
1789747124.4175744,least_conn,/api/user/profile,POST,200,7,8,8,3912.6,6078.9,2556.6,sync,112.516,
1789747124.422539,least_conn,/api/user/profile,POST,200,8,8,7,5130.5,6100.2,2250.4,process,120.144,
1789747124.4233184,least_conn,/api/user/profile,POST,200,7,8,8,3535.8,5946.3,2687.6,sync,62.663,
1789747124.4248276,least_conn,/api/feed,POST,300,8,8,7,2383.3,7156.6,2469.5,process,254.497,
1789747124.4530044,least_conn,/api/user/profile,POST,200,8,8,7,4243.2,5770.2,2234.9,process,70.312,
1789747124.5133872,least_conn,/api/report/generate,POST,350,8,8,7,4165.3,6722.5,2407.1,process,288.789,
1789747124.5153472,least_conn,/api/report/generate,POST,350,8,7,7,2970.1,6322.6,2829.9,async,700.25,
1789747124.5156362,least_conn,/api/user/profile,POST,200,8,5,8,3641.3,4401.8,2567.6,async,368.872,
1789747124.5159209,least_conn,/api/user/profile,POST,200,7,6,6,2545.6,5555.8,2508.1,async,701.664,
1789747124.5168118,least_conn,/api/feed,POST,300,6,5,5,2119.0,4385.5,1994.6,async,703.219,
1789747124.5170956,least_conn,/api/search,POST,250,8,7,8,3891.0,5781.8,2834.7,async,536.282,
1789747124.5173905,least_conn,/api/feed,POST,300,3,2,2,434.9,1944.4,747.0,async,706.243,
1789747124.5335004,least_conn,/api/feed,POST,300,8,8,7,3926.2,5980.7,2223.4,process,216.163,
1789747124.5624957,least_conn,/api/user/profile,POST,200,7,8,6,4074.1,5430.8,2399.5,process,137.392,
1789747124.578456,least_conn,/api/auth/verify,POST,150,8,8,7,3690.3,6057.0,2290.4,process,231.622,
1789747124.6230545,least_conn,/api/auth/verify,POST,150,5,8,8,2314.3,5879.8,2621.1,sync,254.093,
1789747124.637197,least_conn,/api/feed,POST,300,8,8,7,4014.6,5541.6,2460.4,process,225.963,
1789747124.6636095,least_conn,/api/auth/verify,POST,150,8,5,7,4684.8,5546.0,2377.4,async,140.931,
1789747124.679803,least_conn,/api/search,POST,250,8,8,7,5228.5,5193.7,2718.7,process,225.068,
1789747124.6833253,least_conn,/api/auth/verify,POST,150,7,8,8,3955.1,5480.1,2881.2,sync,264.401,
1789747124.6834774,least_conn,/api/feed,POST,300,7,8,8,3707.0,5903.0,2644.3,sync,317.417,
1789747124.6844816,least_conn,/api/search,POST,250,6,8,8,2527.2,5876.2,2617.5,sync,315.069,
1789747124.684687,least_conn,/api/search,POST,250,7,8,8,3865.3,6225.9,2574.1,sync,398.013,
1789747124.6870146,least_conn,/api/search,POST,250,7,8,7,4070.2,5426.4,2723.2,sync,261.382,
1789747124.6871734,least_conn,/api/feed,POST,300,7,8,8,3326.4,5915.5,2656.9,sync,322.679,
1789747124.687304,least_conn,/api/feed,POST,300,8,8,7,5450.5,5415.7,2713.9,process,260.341,
1789747124.687925,least_conn,/api/feed,POST,300,7,8,8,3916.4,5874.3,2615.6,sync,318.278,
1789747124.7000923,least_conn,/api/image/thumbnail,POST,400,8,8,7,4138.6,5665.6,2217.4,process,304.354,
1789747124.7283957,least_conn,/api/user/profile,POST,200,8,2,7,4725.8,1741.4,2413.2,async,210.838,
1789747124.7290938,least_conn,/api/user/profile,POST,200,8,7,8,3856.7,5450.8,2636.3,async,403.081,
1789747124.7293353,least_conn,/api/search,POST,250,8,7,7,2518.1,5767.0,2273.7,async,575.86,
1789747124.761263,least_conn,/api/feed,POST,300,8,8,7,4677.2,8957.3,2370.8,process,237.642,
1789747124.7851737,least_conn,/api/search,POST,250,8,8,7,4351.3,8631.5,2556.8,process,220.806,
1789747124.7904003,least_conn,/api/search,POST,250,8,3,7,4693.2,2501.8,2384.8,async,268.766,
1789747124.804258,least_conn,/api/feed,POST,300,8,8,7,4584.9,8865.0,2496.3,process,269.079,
1789747124.849401,least_conn,/api/report/generate,POST,350,8,8,7,4226.7,8506.8,2578.9,process,269.456,
1789747124.8721378,least_conn,/api/feed,POST,300,7,8,8,3905.7,8145.3,2734.5,sync,247.001,
1789747124.872702,least_conn,/api/feed,POST,300,4,8,8,1726.8,7940.3,2803.6,sync,187.335,
1789747124.877486,least_conn,/api/user/profile,POST,200,8,8,7,4758.0,7809.1,2724.8,process,175.729,
1789747124.9027073,least_conn,/api/user/profile,POST,200,6,8,7,4613.7,7889.2,2535.1,sync,210.969,
1789747124.903255,least_conn,/api/image/thumbnail,POST,400,5,8,8,2154.4,7935.0,2798.4,sync,217.239,
1789747124.9060514,least_conn,/api/user/profile,POST,200,7,8,7,4720.2,7883.1,2529.7,sync,213.551,
1789747124.9080832,least_conn,/api/feed,POST,300,8,8,7,3932.0,7970.6,2351.6,process,226.499,
1789747124.917555,least_conn,/api/report/generate,POST,350,8,8,7,4225.5,8029.2,2364.5,process,277.893,
1789747124.932222,least_conn,/api/auth/verify,POST,150,8,7,8,4508.1,8389.1,2802.5,async,199.235,
1789747124.966609,least_conn,/api/report/generate,POST,350,8,8,7,4830.6,7881.8,2528.5,process,273.935,
1789747124.9938738,least_conn,/api/user/profile,POST,200,7,8,8,3555.8,7570.7,2873.3,sync,88.771,
1789747124.9941962,least_conn,/api/user/profile,POST,200,6,8,8,3446.7,7574.4,2877.0,sync,89.551,
1789747124.9943507,least_conn,/api/search,POST,250,5,8,7,1885.4,7922.3,2564.0,sync,306.748,
1789747125.0034251,least_conn,/api/feed,POST,300,8,8,7,4268.4,8787.8,2319.8,process,240.465,
1789747125.013546,least_conn,/api/feed,POST,300,4,8,7,1455.7,7924.2,2565.6,sync,326.174,
1789747125.0314436,least_conn,/api/feed,POST,300,8,8,7,4076.4,8595.8,2411.2,process,244.494,
1789747125.0353916,least_conn,/api/feed,POST,300,6,8,8,3095.1,7817.8,2753.5,sync,161.169,
1789747125.0412097,least_conn,/api/report/generate,POST,350,8,6,7,4681.4,6181.8,2374.4,async,518.105,
1789747125.0470443,least_conn,/api/feed,POST,300,7,8,8,3523.6,7814.0,2749.7,sync,172.351,
1789747125.0540476,least_conn,/api/user/profile,POST,200,6,8,8,3830.4,7569.7,2480.0,sync,56.772,
1789747125.054986,least_conn,/api/auth/verify,POST,150,8,8,7,3929.7,8365.6,2531.5,process,249.245,
1789747125.0601628,least_conn,/api/user/profile,POST,200,8,8,7,5105.6,7534.7,2583.1,process,150.564,
1789747125.082826,least_conn,/api/user/profile,POST,200,8,8,7,5022.9,7452.1,2591.0,process,162.883,
1789747125.1061754,least_conn,/api/search,POST,250,8,7,7,4679.2,7434.9,2372.5,async,582.801,
1789747125.1080875,least_conn,/api/auth/verify,POST,150,8,8,7,3656.7,8001.6,2429.4,process,256.839,
1789747125.1206625,least_conn,/api/report/generate,POST,350,5,8,7,3146.2,7894.7,2539.9,sync,429.592,
1789747125.1648173,least_conn,/api/report/generate,POST,350,8,8,7,3928.8,7779.9,2565.3,process,285.852,
1789747125.1654527,least_conn,/api/search,POST,250,8,8,7,4633.5,7799.1,2287.9,process,196.843,
1789747125.171536,least_conn,/api/report/generate,POST,350,7,8,8,3651.0,7551.8,2854.5,sync,264.069,
1789747125.1724236,least_conn,/api/search,POST,250,8,6,8,4511.1,6867.3,2805.5,async,439.815,
1789747125.185362,least_conn,/api/search,POST,250,8,8,7,4426.5,7507.1,2177.2,process,180.254,
1789747125.1941953,least_conn,/api/user/profile,POST,200,8,8,6,5660.4,7853.9,1901.3,process,132.042,
1789747125.2011068,least_conn,/api/user/profile,POST,200,8,7,7,5280.7,6536.0,2232.6,async,91.489,
1789747125.2013311,least_conn,/api/user/profile,POST,200,8,7,8,4045.9,7328.1,2676.4,async,536.017,
1789747125.2095232,least_conn,/api/search,POST,250,8,8,7,5491.1,7283.3,2138.8,process,176.447,
1789747125.2127068,least_conn,/api/user/profile,POST,200,8,7,6,5288.9,6543.1,1912.3,process,104.11,
1789747125.2381926,least_conn,/api/user/profile,POST,200,8,8,6,4216.9,6841.3,1880.9,process,70.162,
1789747125.2702715,least_conn,/api/search,POST,250,8,8,6,5477.0,7670.4,1905.9,process,185.188,
1789747125.2987056,least_conn,/api/user/profile,POST,200,8,8,6,2822.7,8322.5,2159.7,process,87.646,
1789747125.3355176,least_conn,/api/auth/verify,POST,150,8,8,5,4220.4,6845.3,1376.0,process,167.994,
1789747125.3409593,least_conn,/api/search,POST,250,8,7,7,5703.2,6372.2,2113.7,async,284.154,
1789747125.3412306,least_conn,/api/search,POST,250,8,4,7,4688.6,4023.9,2380.7,async,819.023,
1789747125.3424888,least_conn,/api/search,POST,250,8,8,6,2929.1,7060.8,2088.2,process,146.628,
1789747125.3550014,least_conn,/api/auth/verify,POST,150,8,8,6,2990.2,7130.7,1835.2,process,167.88,
1789747125.3708434,least_conn,/api/user/profile,POST,200,8,8,6,2392.2,7830.6,2250.0,process,98.294,
1789747125.4227111,least_conn,/api/feed,POST,300,8,8,6,2797.8,8294.1,2240.9,process,208.096,
1789747125.4332442,least_conn,/api/search,POST,250,8,8,6,2617.4,8088.0,2287.7,process,192.864,
1789747125.4568686,least_conn,/api/user/profile,POST,200,8,6,7,2878.8,6089.3,2459.4,async,253.826,
1789747125.4571023,least_conn,/api/search,POST,250,8,7,7,2876.5,6859.7,2457.1,async,253.743,
1789747125.45725,least_conn,/api/feed,POST,300,8,7,8,4037.2,7302.4,2854.3,async,665.398,
1789747125.4574568,least_conn,/api/feed,POST,300,8,5,8,4514.8,5695.8,2809.2,async,725.306,
1789747125.457692,least_conn,/api/feed,POST,300,8,7,8,4914.5,6905.7,2810.1,async,524.208,
1789747125.458125,least_conn,/api/search,POST,250,8,7,7,3076.1,5704.5,2160.6,async,283.279,
1789747125.4610257,least_conn,/api/user/profile,POST,200,8,8,6,1874.7,7516.0,2300.0,process,104.476,
1789747125.4781132,least_conn,/api/feed,POST,300,8,8,6,2211.5,7607.7,2144.3,process,177.7,
1789747125.4840322,least_conn,/api/user/profile,POST,200,8,6,6,1951.7,5320.8,2220.0,async,140.316,
1789747125.4928358,least_conn,/api/user/profile,POST,200,8,2,5,1239.7,2060.5,1714.5,async,30.455,
1789747125.501325,least_conn,/api/auth/verify,POST,150,8,8,6,1987.5,7309.0,2027.6,process,163.572,
1789747125.5065594,least_conn,/api/user/profile,POST,200,8,8,6,1466.0,6971.0,2072.2,process,81.887,
1789747125.535225,least_conn,/api/user/profile,POST,200,8,6,5,1225.6,6587.6,1702.8,process,70.505,
1789747125.5390053,least_conn,/api/image/thumbnail,POST,400,7,8,8,3940.2,7567.4,2477.7,sync,541.446,
1789747125.541697,least_conn,/api/image/thumbnail,POST,400,5,8,8,3285.8,7572.4,2482.7,sync,544.751,
1789747125.5473979,least_conn,/api/user/profile,POST,200,7,7,7,2968.3,5708.5,2164.6,sync,373.113,
1789747125.5516858,least_conn,/api/user/profile,POST,200,7,7,8,5148.3,6467.4,2479.3,sync,508.48,
1789747125.5608044,least_conn,/api/search,POST,250,8,7,7,1946.9,6087.9,2722.8,async,216.304,
1789747125.5614166,least_conn,/api/auth/verify,POST,150,8,7,6,1949.4,6090.8,2217.7,process,217.325,
1789747125.5703712,least_conn,/api/search,POST,250,8,8,6,1780.3,7390.1,2289.6,process,198.066,
1789747125.5887208,least_conn,/api/user/profile,POST,200,7,7,7,2261.6,8137.7,2713.6,sync,45.407,
1789747125.601211,least_conn,/api/search,POST,250,8,7,6,1221.0,7355.0,2025.7,process,135.72,
1789747125.6595936,least_conn,/api/feed,POST,300,8,7,6,1136.3,7256.3,2045.3,process,179.964,
1789747125.6842308,least_conn,/api/feed,POST,300,8,7,6,1034.6,8418.2,2019.8,process,180.985,
1789747125.692516,least_conn,/api/feed,POST,300,8,7,6,1013.3,8381.0,2221.3,process,183.971,
1789747125.703743,least_conn,/api/search,POST,250,7,8,8,4239.5,7422.6,2514.2,sync,688.06,
1789747125.7051318,least_conn,/api/search,POST,250,7,7,7,880.9,8155.2,2731.1,sync,164.292,
1789747125.7062447,least_conn,/api/feed,POST,300,7,7,7,5280.3,6379.2,2120.6,sync,650.439,
1789747125.7216966,least_conn,/api/user/profile,POST,200,7,7,5,3615.9,7527.8,1960.3,process,60.036,
1789747125.7335644,least_conn,/api/auth/verify,POST,150,8,7,6,897.1,8177.6,2245.6,process,195.96,
1789747125.7550256,least_conn,/api/feed,POST,300,7,8,7,4138.6,7206.8,2143.5,sync,632.677,
1789747125.7557971,least_conn,/api/feed,POST,300,7,7,7,2350.9,8098.3,2674.2,sync,206.864,
1789747125.760708,least_conn,/api/search,POST,250,7,7,7,2759.1,8066.1,2642.0,sync,207.17,
1789747125.7615483,least_conn,/api/feed,POST,300,7,7,8,4956.9,6426.5,2432.6,sync,712.507,
1789747125.7621424,least_conn,/api/user/profile,POST,200,6,7,5,4286.6,7204.4,1953.4,process,54.284,
1789747125.7907462,least_conn,/api/user/profile,POST,200,6,7,4,4176.8,7012.2,1552.2,process,55.429,
1789747125.7954025,least_conn,/api/user/profile,POST,200,4,7,5,3868.3,6862.7,1772.9,sync,38.738,
1789747125.7959847,least_conn,/api/user/profile,POST,200,5,7,5,4448.3,6809.1,1790.6,sync,31.661,
1789747125.8188756,least_conn,/api/user/profile,POST,200,5,7,4,4450.5,6812.1,1465.3,process,54.983,
1789747125.8227167,least_conn,/api/report/generate,POST,350,8,7,5,4057.5,8155.1,2010.7,process,250.673,
1789747125.8875606,least_conn,/api/report/generate,POST,350,7,7,4,3485.8,7300.1,1504.6,process,193.368,
1789747125.9358509,least_conn,/api/image/thumbnail,POST,400,7,7,5,3850.4,7938.2,2058.0,process,332.802,
1789747125.9417477,least_conn,/api/feed,POST,300,6,7,4,4391.0,6611.7,1379.3,process,149.227,
1789747125.9598434,least_conn,/api/report/generate,POST,350,8,5,5,1228.6,5335.6,1705.3,async,495.619,
1789747125.9602768,least_conn,/api/search,POST,250,8,6,7,1107.0,6584.7,2487.0,async,474.865,
1789747125.9606142,least_conn,/api/report/generate,POST,350,8,4,5,1231.6,4083.1,1707.8,async,496.887,
1789747125.9615386,least_conn,/api/report/generate,POST,350,8,3,5,1237.7,2832.1,1712.9,async,498.839,
1789747125.9618297,least_conn,/api/user/profile,POST,200,8,6,6,1224.4,6586.4,2029.1,async,496.91,
1789747125.962502,least_conn,/api/search,POST,250,5,7,5,1513.3,7221.4,1965.6,sync,257.063,
1789747125.9691176,least_conn,/api/user/profile,POST,200,6,7,3,4348.8,5595.3,1197.3,process,31.394,
1789747125.9874768,least_conn,/api/report/generate,POST,350,6,7,4,5051.1,6414.7,1450.2,process,166.805,
1789747125.991672,least_conn,/api/auth/verify,POST,150,5,7,5,3976.9,6857.1,1768.9,sync,234.211,
1789747125.9998481,least_conn,/api/user/profile,POST,200,5,4,3,3041.2,3129.9,1098.3,process,32.335,
1789747126.0006726,least_conn,/api/user/profile,POST,200,5,5,4,3038.1,3899.7,1423.3,process,32.539,
1789747126.0158505,least_conn,/api/user/profile,POST,200,5,5,4,3021.6,3883.2,1440.5,process,44.409,
1789747126.0279498,least_conn,/api/user/profile,POST,200,5,5,4,2948.7,3794.2,1330.4,process,38.707,
1789747126.0327175,least_conn,/api/auth/verify,POST,150,6,7,3,4636.1,5930.5,1100.6,process,142.881,
1789747126.0555584,least_conn,/api/user/profile,POST,200,5,5,4,2920.7,3650.2,1638.3,process,37.492,
1789747126.063914,least_conn,/api/user/profile,POST,200,5,5,3,2839.1,3568.5,1238.4,process,29.538,
1789747126.0857954,least_conn,/api/user/profile,POST,200,5,5,3,2725.3,3454.8,1186.5,process,28.668,
1789747126.104885,least_conn,/api/auth/verify,POST,150,5,2,3,3047.9,1824.0,1102.4,async,138.698,
1789747126.1200693,least_conn,/api/user/profile,POST,200,5,5,3,2574.2,3303.6,1281.8,process,32.709,
1789747126.1280222,least_conn,/api/feed,POST,300,5,5,3,2997.7,3727.2,1005.5,process,125.375,
1789747126.1412327,least_conn,/api/search,POST,250,5,7,5,2901.0,7213.7,1960.1,sync,434.71,
1789747126.1476014,least_conn,/api/auth/verify,POST,150,5,5,4,2995.3,3724.8,1485.9,process,144.483,
1789747126.171742,least_conn,/api/user/profile,POST,200,4,5,3,1379.5,3304.1,1313.9,process,28.81,
1789747126.1771517,least_conn,/api/report/generate,POST,350,4,7,4,2983.4,6818.4,1468.9,sync,414.16,
1789747126.1897202,least_conn,/api/feed,POST,300,5,5,3,2683.1,3412.6,1183.9,process,124.151,
1789747126.2040787,least_conn,/api/image/thumbnail,POST,400,5,7,5,4638.8,6571.4,1832.8,sync,405.795,
1789747126.2047284,least_conn,/api/user/profile,POST,200,4,5,5,2931.9,3773.2,1636.9,sync,211.286,
1789747126.275563,least_conn,/api/feed,POST,300,4,5,3,1361.3,3273.9,1255.2,process,126.591,
1789747126.282997,least_conn,/api/search,POST,250,3,5,4,215.4,3123.0,1837.2,sync,103.848,
1789747126.3059263,least_conn,/api/feed,POST,300,4,7,5,4209.7,6573.7,1834.5,sync,507.977,
1789747126.30944,least_conn,/api/user/profile,POST,200,3,5,2,2690.6,2625.8,817.5,process,30.846,
1789747126.3158033,least_conn,/api/image/thumbnail,POST,400,5,3,3,3043.4,2459.7,1099.7,async,348.733,
1789747126.3383548,least_conn,/api/report/generate,POST,350,4,5,3,1287.4,3150.6,1342.1,process,164.718,
1789747126.3673093,least_conn,/api/image/thumbnail,POST,400,5,5,2,2387.8,3371.4,800.0,process,237.836,
1789747126.3837242,least_conn,/api/search,POST,250,8,6,6,4102.4,6693.5,2286.3,async,820.659,
1789747126.3841808,least_conn,/api/feed,POST,300,8,6,7,1069.4,7304.8,2423.2,async,889.657,
1789747126.3991668,least_conn,/api/user/profile,POST,200,3,4,1,3099.8,1902.8,430.8,process,29.947,
1789747126.4431922,least_conn,/api/feed,POST,300,3,4,2,3254.3,2108.7,739.2,process,125.453,
1789747126.5170515,least_conn,/api/report/generate,POST,350,2,5,3,1386.7,2988.5,1387.8,sync,311.002,
1789747126.5229383,least_conn,/api/auth/verify,POST,150,3,2,2,3047.3,849.9,723.3,async,136.212,
1789747126.5231695,least_conn,/api/user/profile,POST,200,5,4,4,3039.7,3128.7,1424.6,async,555.36,
1789747126.523714,least_conn,/api/user/profile,POST,200,5,4,4,2464.5,2694.7,1517.6,async,413.423,
1789747126.539304,least_conn,/api/image/thumbnail,POST,400,2,5,3,1393.0,2595.5,1126.8,sync,254.667,
1789747126.5431697,least_conn,/api/report/generate,POST,350,3,3,2,3046.0,1487.0,722.4,process,156.002,
1789747126.5470827,least_conn,/api/search,POST,250,3,3,2,2872.9,1313.9,932.7,process,102.239,
1789747126.556619,least_conn,/api/report/generate,POST,350,3,3,2,3005.2,1446.2,902.9,process,155.859,
1789747126.606645,least_conn,/api/user/profile,POST,200,2,2,3,2533.9,1917.4,1064.8,sync,65.355,
1789747126.6101213,least_conn,/api/search,POST,250,2,5,3,1893.6,2480.5,1057.8,sync,302.475,
1789747126.6382248,least_conn,/api/user/profile,POST,200,2,3,1,2399.6,2358.0,422.5,process,29.771,
1789747126.6667044,least_conn,/api/search,POST,250,2,2,3,1475.7,1945.9,1107.6,sync,139.665,
1789747126.6676667,least_conn,/api/auth/verify,POST,150,3,2,2,2634.8,1910.1,694.5,async,122.732,
1789747126.6687288,least_conn,/api/feed,POST,300,2,0,3,1477.1,0.0,1109.7,async,142.39,
1789747126.6691628,least_conn,/api/user/profile,POST,200,2,1,3,1476.3,1173.9,1108.4,async,142.415,
1789747126.673144,least_conn,/api/feed,POST,300,3,3,1,2623.7,2537.5,369.3,process,124.51,
1789747126.7026033,least_conn,/api/user/profile,POST,200,2,1,1,2796.6,1250.0,473.4,async,28.12,
1789747126.7583377,least_conn,/api/search,POST,250,1,3,2,1306.0,2347.5,743.0,sync,146.381,
1789747126.7632756,least_conn,/api/auth/verify,POST,150,2,3,1,2640.8,2263.4,390.9,process,123.278,
1789747126.81341,least_conn,/api/report/generate,POST,350,1,0,2,1333.4,0.0,839.9,async,143.928,
1789747126.8278658,least_conn,/api/feed,POST,300,2,1,1,2737.0,1220.2,443.6,async,123.602,
1789747126.8525193,least_conn,/api/report/generate,POST,350,1,1,2,1331.8,1253.4,836.7,sync,181.451,
1789747126.8603003,least_conn,/api/search,POST,250,1,2,0,1377.6,2272.9,0.0,process,95.208,
1789747126.9489717,least_conn,/api/search,POST,250,0,0,1,0.0,0.0,332.1,sync,94.462,
1789747127.0372052,least_conn,/api/user/profile,POST,200,2,1,1,1820.3,1523.7,481.9,async,43.075,
1789747127.039953,least_conn,/api/user/profile,POST,200,8,7,7,7210.0,8044.7,2831.9,async,40.956,
1789747127.04043,least_conn,/api/user/profile,POST,200,5,4,4,3849.2,5337.7,1612.4,async,43.497,
1789747127.0993364,least_conn,/api/search,POST,250,1,0,0,1390.4,0.0,0.0,async,105.902,
1789747127.127716,least_conn,/api/feed,POST,300,1,1,0,1390.1,1524.1,0.0,process,134.006,
1789747127.1391487,least_conn,/api/auth/verify,POST,150,2,2,2,1818.4,2294.4,962.5,sync,144.076,
1789747127.1955993,least_conn,/api/user/profile,POST,200,7,8,8,6008.1,9832.4,2008.5,sync,55.135,
1789747127.2152605,least_conn,/api/user/profile,POST,200,6,5,5,5317.0,6106.8,2030.6,async,217.635,
1789747127.215466,least_conn,/api/search,POST,250,4,3,3,3420.9,3815.6,1287.0,async,219.124,
1789747127.2159982,least_conn,/api/search,POST,250,3,2,2,2032.2,2293.2,961.3,async,220.313,
1789747127.216208,least_conn,/api/feed,POST,300,7,6,6,6784.9,6875.9,2509.6,async,217.991,
1789747127.2201474,least_conn,/api/feed,POST,300,8,7,8,6889.2,7769.0,2838.9,async,181.046,
1789747127.2507145,least_conn,/api/feed,POST,300,2,2,1,1819.9,2295.9,481.7,process,256.394,
1789747127.2753272,least_conn,/api/search,POST,250,3,3,3,2030.8,3816.2,1287.7,sync,279.185,
1789747127.3275418,least_conn,/api/feed,POST,300,1,1,1,1389.9,1523.9,482.1,sync,333.61,
1789747127.3312237,least_conn,/api/user/profile,POST,200,7,8,8,5611.1,9378.8,1554.8,sync,134.05,
1789747127.334368,least_conn,/api/search,POST,250,0,0,0,0.0,0.0,0.0,sync,341.44,
1789747127.3345306,least_conn,/api/feed,POST,300,4,4,4,3419.3,5338.4,1613.2,sync,337.785,
1789747127.3381405,least_conn,/api/feed,POST,300,7,7,7,6781.3,8046.6,2833.8,sync,339.407,
1789747127.354134,least_conn,/api/search,POST,250,5,5,4,3848.3,6109.4,1611.7,process,357.019,
1789747127.3843052,least_conn,/api/user/profile,POST,200,8,8,7,7208.1,8815.5,2830.3,process,385.078,
1789747127.3934157,least_conn,/api/user/profile,POST,200,6,8,8,4219.5,7727.6,587.4,sync,56.457,
1789747127.394092,least_conn,/api/report/generate,POST,350,5,5,5,3847.3,6108.4,2032.2,sync,396.778,
1789747127.4117122,least_conn,/api/user/profile,POST,200,4,4,3,3420.0,5339.2,1286.4,process,415.15,
1789747127.4273252,least_conn,/api/image/thumbnail,POST,400,8,6,8,5545.2,6639.4,1377.1,async,207.948,
1789747127.439798,least_conn,/api/user/profile,POST,200,3,3,2,2031.5,3816.9,960.8,process,443.873,
1789747127.456725,least_conn,/api/user/profile,POST,200,7,8,8,4869.4,7786.1,616.6,sync,127.079,
1789747127.468004,least_conn,/api/user/profile,POST,200,7,7,6,6783.1,8048.4,2508.0,process,469.526,
1789747127.4970286,least_conn,/api/search,POST,250,7,8,8,3975.5,8208.6,1020.8,sync,220.198,
1789747127.4974322,least_conn,/api/report/generate,POST,350,6,6,6,5314.6,6877.0,2510.8,sync,499.408,
1789747127.498519,least_conn,/api/auth/verify,POST,150,7,8,8,4328.3,7724.1,585.6,sync,161.139,
1789747127.4997892,least_conn,/api/feed,POST,300,7,8,8,4434.4,7704.2,575.7,sync,159.916,
1789747127.500145,least_conn,/api/feed,POST,300,7,8,8,4957.2,7758.6,602.9,sync,167.068,
1789747127.528383,least_conn,/api/user/profile,POST,200,7,8,8,4496.0,7819.1,1560.7,sync,70.147,
1789747127.533046,least_conn,/api/user/profile,POST,200,7,8,8,3789.0,7469.8,1842.5,sync,31.158,
1789747127.5915022,least_conn,/api/feed,POST,300,6,6,5,5315.8,6878.2,2029.6,process,593.67,
1789747127.6108568,least_conn,/api/search,POST,250,6,8,8,2400.6,7472.7,1844.7,sync,109.326,
1789747127.611049,least_conn,/api/user/profile,POST,200,7,8,8,3952.5,7209.9,1647.6,sync,76.662,
1789747127.615019,least_conn,/api/search,POST,250,8,7,8,6860.0,8982.3,2809.7,async,572.271,
1789747127.6152503,least_conn,/api/search,POST,250,8,7,8,6395.0,8624.7,2344.7,async,514.371,
1789747127.6167724,least_conn,/api/search,POST,250,8,6,8,6864.4,7461.7,2814.1,async,574.563,
1789747127.6170464,least_conn,/api/user/profile,POST,200,8,4,8,5550.0,5097.3,1381.9,async,398.255,
1789747127.6196637,least_conn,/api/user/profile,POST,200,8,8,7,6169.9,9924.0,1772.6,process,490.649,
1789747127.627209,least_conn,/api/feed,POST,300,5,8,8,1977.1,7482.4,1851.9,sync,126.89,
1789747127.6412208,least_conn,/api/auth/verify,POST,150,7,8,8,4761.7,7255.4,1122.1,sync,245.247,
1789747127.6477776,least_conn,/api/auth/verify,POST,150,6,8,8,2301.1,7488.9,1856.9,sync,148.278,
1789747127.648839,least_conn,/api/user/profile,POST,200,8,8,7,5281.5,8404.3,889.1,process,396.479,
1789747127.6496408,least_conn,/api/user/profile,POST,200,6,6,8,2112.3,4600.3,1503.3,sync,34.274,
1789747127.6498518,least_conn,/api/auth/verify,POST,150,5,8,8,2087.0,7490.9,1858.3,sync,150.592,
1789747127.6563072,least_conn,/api/feed,POST,300,7,8,8,3634.9,7243.8,1673.0,sync,126.157,
1789747127.6597116,least_conn,/api/user/profile,POST,200,7,8,8,3306.8,6141.5,1934.7,sync,30.987,
1789747127.6874404,least_conn,/api/user/profile,POST,200,7,8,7,4975.1,5955.0,1771.5,sync,35.398,
1789747127.6877086,least_conn,/api/user/profile,POST,200,6,8,7,4873.3,5966.3,1781.4,sync,37.082,
1789747127.7269425,least_conn,/api/report/generate,POST,350,6,8,8,3293.7,7259.6,1124.7,sync,331.482,
1789747127.7483034,least_conn,/api/search,POST,250,8,8,7,4734.2,7573.3,447.8,process,392.056,
1789747127.761051,least_conn,/api/auth/verify,POST,150,7,6,8,2219.5,4595.6,1498.6,async,144.903,
1789747127.8291807,least_conn,/api/feed,POST,300,8,7,8,5530.0,7478.6,1361.9,async,607.896,
1789747127.8294349,least_conn,/api/user/profile,POST,200,8,5,8,5546.8,5868.0,1378.7,async,610.25,
1789747127.830119,least_conn,/api/feed,POST,300,8,7,8,5543.6,7310.0,1375.5,async,610.535,
1789747127.830292,least_conn,/api/search,POST,250,8,7,8,4715.0,6530.4,1425.1,async,401.527,
1789747127.8515074,least_conn,/api/search,POST,250,8,8,7,4495.2,7334.3,749.9,process,465.39,
1789747127.9493864,least_conn,/api/feed,POST,300,5,8,7,4446.5,5971.8,1786.2,sync,299.438,
1789747127.9543214,least_conn,/api/search,POST,250,7,8,8,3320.2,6029.0,1836.2,sync,311.507,
1789747127.9545448,least_conn,/api/auth/verify,POST,150,6,8,8,7035.0,5649.9,1794.4,sync,264.359,
1789747127.9546397,least_conn,/api/search,POST,250,7,8,8,4738.8,5910.1,2054.6,sync,296.989,
1789747127.9559808,least_conn,/api/report/generate,POST,350,7,7,7,2182.4,5419.6,1461.5,sync,333.648,
1789747127.9565609,least_conn,/api/auth/verify,POST,150,7,8,8,7245.6,5644.3,1788.8,sync,265.676,
1789747127.957135,least_conn,/api/search,POST,250,7,8,8,6023.3,5883.2,2027.7,sync,296.122,
1789747127.965578,least_conn,/api/auth/verify,POST,150,8,6,8,5289.1,3925.7,1035.1,async,131.52,
1789747127.9694655,least_conn,/api/user/profile,POST,200,7,5,7,2195.1,3888.0,1474.2,async,349.244,
1789747127.9696472,least_conn,/api/user/profile,POST,200,8,7,7,3650.5,5416.1,1458.5,async,346.82,
1789747127.969772,least_conn,/api/user/profile,POST,200,7,6,7,2188.1,4653.6,1467.2,async,348.393,
1789747127.969978,least_conn,/api/user/profile,POST,200,8,7,8,5860.4,4578.2,1514.9,async,207.329,
1789747127.9761355,least_conn,/api/feed,POST,300,8,8,7,4837.5,7115.6,1034.7,process,562.683,
1789747127.9851441,least_conn,/api/user/profile,POST,200,7,8,8,6021.5,5343.0,1487.5,sync,256.602,
1789747127.9857771,least_conn,/api/user/profile,POST,200,7,8,8,4424.4,4803.5,803.6,sync,34.818,
1789747127.9944532,least_conn,/api/user/profile,POST,200,8,4,8,5293.9,2383.7,1038.7,async,160.995,
1789747127.994622,least_conn,/api/user/profile,POST,200,8,5,8,5291.0,3154.5,1036.5,async,160.796,
1789747127.9951982,least_conn,/api/user/profile,POST,200,6,8,8,3391.2,4735.7,761.2,sync,35.781,
1789747127.995332,least_conn,/api/user/profile,POST,200,7,8,8,3500.0,4731.8,758.8,sync,35.425,
1789747128.0032732,least_conn,/api/user/profile,POST,200,8,8,7,4613.8,7953.7,1349.3,process,561.866,
1789747128.07514,least_conn,/api/search,POST,250,8,7,8,3554.6,4162.0,717.9,async,107.039,
1789747128.0782223,least_conn,/api/user/profile,POST,200,7,8,8,4814.9,8840.2,1135.7,sync,90.725,
1789747128.0814323,least_conn,/api/search,POST,250,3,8,8,1200.9,4756.0,773.9,sync,124.547,
1789747128.082434,least_conn,/api/user/profile,POST,200,7,7,8,4806.5,9063.3,1082.8,sync,84.363,
1789747128.0827484,least_conn,/api/user/profile,POST,200,6,6,8,4698.9,7542.9,1085.8,sync,85.275,
1789747128.1994302,least_conn,/api/report/generate,POST,350,5,8,8,1923.9,4742.7,765.6,sync,240.875,
1789747128.2046394,least_conn,/api/auth/verify,POST,150,4,8,8,1709.1,4744.4,766.7,sync,246.302,
1789747128.2160733,least_conn,/api/auth/verify,POST,150,3,8,8,1494.6,4747.3,768.5,sync,258.098,
1789747128.24281,least_conn,/api/image/thumbnail,POST,400,8,8,7,4516.7,7728.0,1492.4,process,773.183,
1789747128.2540119,least_conn,/api/report/generate,POST,350,6,8,8,3344.7,8841.9,1136.8,sync,266.721,
1789747128.2545123,least_conn,/api/auth/verify,POST,150,5,8,8,4370.4,8509.9,969.6,sync,170.976,
1789747128.2575188,least_conn,/api/report/generate,POST,350,7,8,8,4244.6,8539.3,984.3,sync,177.658,
1789747128.2707434,least_conn,/api/user/profile,POST,200,8,8,7,3587.9,6733.5,1304.3,process,676.803,
1789747128.3092396,least_conn,/api/search,POST,250,8,6,8,3506.3,6160.4,683.4,async,334.185,
1789747128.310127,least_conn,/api/user/profile,POST,200,8,7,8,4916.6,9061.9,1081.8,async,311.849,
1789747128.3103793,least_conn,/api/search,POST,250,7,6,8,4808.8,7541.3,1084.5,async,312.644,
1789747128.3105936,least_conn,/api/report/generate,POST,350,8,7,8,3503.8,7682.4,681.6,async,335.244,
1789747128.3114638,least_conn,/api/feed,POST,300,8,4,8,3515.9,3819.2,690.3,async,337.842,
1789747128.3117626,least_conn,/api/feed,POST,300,8,5,8,3509.6,4989.0,685.8,async,337.248,
1789747128.3119626,least_conn,/api/feed,POST,300,8,7,8,5287.2,4562.4,1033.7,async,477.667,
1789747128.4222713,least_conn,/api/report/generate,POST,350,8,8,7,3648.6,6186.6,1456.9,process,799.179,
1789747128.4249744,least_conn,/api/image/thumbnail,POST,400,6,8,8,4576.7,8497.5,963.3,sync,339.883,
1789747128.4282439,least_conn,/api/user/profile,POST,200,7,8,8,5121.4,8495.3,962.3,sync,342.886,
1789747128.4309072,least_conn,/api/user/profile,POST,200,7,8,8,1415.3,7107.8,794.0,sync,172.087,
1789747128.4313252,least_conn,/api/user/profile,POST,200,7,8,8,3584.8,7435.5,509.9,sync,213.476,
1789747128.433995,least_conn,/api/user/profile,POST,200,7,8,8,3134.0,7563.6,557.9,sync,232.172,
1789747128.4341922,least_conn,/api/user/profile,POST,200,6,8,8,2180.6,7125.6,802.9,sync,177.615,
1789747128.4495947,least_conn,/api/user/profile,POST,200,8,8,7,5083.0,5951.0,1768.0,process,797.063,
1789747128.4781342,least_conn,/api/user/profile,POST,200,8,8,7,5958.0,5167.7,1284.9,process,727.675,
1789747128.5176249,least_conn,/api/image/thumbnail,POST,400,8,6,8,1129.5,6697.6,849.6,async,201.708,
1789747128.5193942,least_conn,/api/feed,POST,300,8,1,8,1149.0,537.1,865.2,async,206.583,
1789747128.5199108,least_conn,/api/user/profile,POST,200,8,7,8,4284.4,7787.0,995.1,async,442.582,
1789747128.5619783,least_conn,/api/user/profile,POST,200,7,8,8,1852.7,7633.7,948.1,sync,132.2,
1789747128.5874672,least_conn,/api/feed,POST,300,7,8,8,3223.9,7528.7,544.8,sync,381.279,
1789747128.6012607,least_conn,/api/feed,POST,300,8,8,7,5144.8,5580.9,916.8,process,747.471,
1789747128.6167235,least_conn,/api/feed,POST,300,7,8,8,2290.8,7123.4,801.8,sync,359.878,
1789747128.7177536,least_conn,/api/image/thumbnail,POST,400,8,7,8,2669.4,7164.1,1243.9,async,196.057,
1789747128.7518754,least_conn,/api/report/generate,POST,350,8,8,7,3487.4,8918.7,669.9,process,774.182,
1789747128.7799997,least_conn,/api/user/profile,POST,200,8,8,7,4864.0,9781.8,1048.9,process,775.127,
1789747128.860734,least_conn,/api/auth/verify,POST,150,6,8,8,3025.9,7582.5,922.6,sync,424.556,
1789747128.8706725,least_conn,/api/search,POST,250,7,8,8,471.7,7660.1,961.4,sync,444.201,
1789747128.875341,least_conn,/api/search,POST,250,8,8,7,3511.3,7223.6,430.4,process,631.018,
1789747128.9038126,least_conn,/api/user/profile,POST,200,8,8,7,1431.4,6998.4,739.4,process,631.331,
1789747128.9102829,least_conn,/api/image/thumbnail,POST,400,7,8,8,2497.3,7606.5,934.6,sync,477.113,
1789747128.9138424,least_conn,/api/image/thumbnail,POST,400,6,8,8,1952.1,7608.8,935.7,sync,480.951,
1789747128.9143527,least_conn,/api/user/profile,POST,200,7,8,8,3239.3,7580.0,921.3,sync,477.875,
1789747128.9401023,least_conn,/api/search,POST,250,8,3,8,1135.2,2881.1,854.3,async,625.129,
1789747128.9403327,least_conn,/api/user/profile,POST,200,8,5,8,1132.0,5927.5,851.7,async,624.832,
1789747128.9405162,least_conn,/api/report/generate,POST,350,8,5,8,2683.0,5146.9,1252.4,async,420.517,
1789747128.9406908,least_conn,/api/search,POST,250,8,4,8,1134.0,4404.7,853.3,async,625.518,
1789747128.9412615,least_conn,/api/feed,POST,300,8,2,8,1137.2,1707.8,856.0,async,626.616,
1789747128.9414968,least_conn,/api/feed,POST,300,8,7,8,1125.8,7365.3,846.6,async,624.967,
1789747129.0267212,least_conn,/api/feed,POST,300,8,8,7,683.8,7678.4,488.2,process,602.522,
1789747129.0548575,least_conn,/api/user/profile,POST,200,8,8,7,3232.9,7461.8,862.2,process,603.589,
1789747129.0792775,least_conn,/api/auth/verify,POST,150,8,7,8,5331.8,7272.5,1370.0,async,132.156,
1789747129.080174,least_conn,/api/feed,POST,300,8,7,8,4308.5,5777.6,732.0,async,360.398,
1789747129.0803556,least_conn,/api/user/profile,POST,200,8,6,8,2671.1,6393.0,1244.9,async,558.867,
1789747129.09081,least_conn,/api/search,POST,250,7,8,8,2936.5,5731.2,887.3,sync,218.441,
1789747129.0961206,least_conn,/api/auth/verify,POST,150,7,8,8,3617.5,7296.8,906.8,sync,507.001,
1789747129.1066937,least_conn,/api/user/profile,POST,200,8,4,8,5335.5,3723.6,1372.6,async,160.104,
1789747129.1502645,least_conn,/api/user/profile,POST,200,6,8,8,5324.5,5380.5,1524.6,sync,234.067,
1789747129.150428,least_conn,/api/user/profile,POST,200,7,8,8,5435.0,5378.8,1523.6,sync,234.025,
1789747129.1506379,least_conn,/api/search,POST,250,7,8,8,3556.9,7059.9,1183.3,sync,531.904,
1789747129.155568,least_conn,/api/search,POST,250,8,8,7,3005.0,7233.9,1047.3,process,675.818,
1789747129.1988235,least_conn,/api/feed,POST,300,7,8,8,3509.9,5810.0,936.5,sync,336.306,
1789747129.2090561,least_conn,/api/search,POST,250,7,8,8,4021.0,5412.8,1544.8,sync,296.881,
1789747129.241568,least_conn,/api/search,POST,250,7,8,8,3675.0,8646.5,1232.4,sync,143.522,
1789747129.2460043,least_conn,/api/report/generate,POST,350,7,8,8,2366.3,7493.9,1030.0,sync,681.518,
1789747129.2495267,least_conn,/api/feed,POST,300,7,8,8,3273.3,8693.1,1267.3,sync,157.308,
1789747129.258188,least_conn,/api/search,POST,250,8,8,7,3736.0,7185.7,840.4,process,655.18,
1789747129.3091671,least_conn,/api/user/profile,POST,200,7,8,8,3389.4,7545.4,775.3,sync,65.836,
1789747129.3148954,least_conn,/api/user/profile,POST,200,7,8,8,5559.3,8257.9,940.4,sync,160.64,
1789747129.315659,least_conn,/api/user/profile,POST,200,7,8,8,2679.0,7511.7,754.3,sync,68.12,
1789747129.3167527,least_conn,/api/user/profile,POST,200,7,8,8,2490.2,7483.0,736.3,sync,65.628,
1789747129.3202307,least_conn,/api/image/thumbnail,POST,400,8,7,8,5004.3,7953.5,1170.8,async,211.92,
1789747129.3510478,least_conn,/api/user/profile,POST,200,6,8,8,3514.2,6960.6,690.7,sync,34.632,
1789747129.472709,least_conn,/api/feed,POST,300,7,8,8,5208.3,7887.9,993.3,sync,272.191,
1789747129.4935744,least_conn,/api/image/thumbnail,POST,400,8,8,7,4106.2,6682.1,597.1,process,740.069,
1789747129.5121052,least_conn,/api/auth/verify,POST,150,6,8,8,5345.4,8259.7,941.5,sync,358.077,
1789747129.5135136,least_conn,/api/feed,POST,300,7,8,8,4465.2,7806.3,938.4,sync,302.809,
1789747129.51367,least_conn,/api/search,POST,250,6,8,8,3574.6,6954.1,686.6,sync,196.434,
1789747129.5145984,least_conn,/api/report/generate,POST,350,5,8,8,3877.6,8264.8,944.7,sync,361.205,
1789747129.5147502,least_conn,/api/feed,POST,300,7,8,8,4959.5,6947.2,682.4,sync,196.667,
1789747129.5153205,least_conn,/api/auth/verify,POST,150,7,8,8,5036.7,6982.8,508.5,sync,162.446,
1789747129.515676,least_conn,/api/report/generate,POST,350,7,8,8,2125.9,7006.8,719.6,sync,205.025,
1789747129.5207262,least_conn,/api/user/profile,POST,200,8,8,7,3938.4,6458.5,1014.3,process,739.268,
1789747129.5414913,least_conn,/api/user/profile,POST,200,7,8,8,4228.3,6011.0,124.7,sync,67.138,
1789747129.5483391,least_conn,/api/user/profile,POST,200,8,8,7,4300.4,5695.2,864.8,process,671.469,
1789747129.5486333,least_conn,/api/user/profile,POST,200,3,8,8,1884.9,5663.9,469.8,sync,30.908,
1789747129.553321,least_conn,/api/user/profile,POST,200,4,8,8,1995.3,5661.1,469.1,sync,35.239,
1789747129.5535688,least_conn,/api/user/profile,POST,200,6,8,8,2531.6,5652.2,466.9,sync,34.384,
1789747129.6163502,least_conn,/api/search,POST,250,2,8,8,498.1,5674.7,472.5,sync,99.969,
1789747129.6546655,least_conn,/api/user/profile,POST,200,8,7,8,4493.5,7999.1,1326.3,async,572.283,
1789747129.6549277,least_conn,/api/search,POST,250,8,6,8,4494.7,6476.3,1327.7,async,572.779,
1789747129.6551218,least_conn,/api/feed,POST,300,8,5,8,4501.5,5310.2,1335.9,async,574.336,
1789747129.655329,least_conn,/api/report/generate,POST,350,8,3,8,5336.9,2469.4,1373.7,async,708.943,
1789747129.6555543,least_conn,/api/search,POST,250,8,6,8,5332.9,5749.2,1370.8,async,708.593,
1789747129.655796,least_conn,/api/feed,POST,300,8,2,8,5339.2,1296.1,1375.3,async,709.728,
1789747129.65606,least_conn,/api/report/generate,POST,350,8,5,8,5334.2,4495.3,1371.7,async,709.285,
1789747129.6778436,least_conn,/api/feed,POST,300,5,8,8,2105.4,5658.3,468.4,sync,159.419,
1789747129.6787317,least_conn,/api/feed,POST,300,5,8,8,2741.6,5695.0,477.6,sync,164.89,
1789747129.6846185,least_conn,/api/search,POST,250,7,8,7,3883.9,5461.4,419.2,sync,141.561,
1789747129.685671,least_conn,/api/user/profile,POST,200,7,8,7,5128.1,5392.6,884.0,sync,134.04,
1789747129.7289085,least_conn,/api/report/generate,POST,350,7,8,7,2624.2,5630.2,461.4,sync,206.973,
1789747129.767704,least_conn,/api/image/thumbnail,POST,400,8,8,7,4128.1,5465.4,1024.2,process,862.105,
1789747129.7922604,least_conn,/api/user/profile,POST,200,6,8,7,5549.7,8969.2,589.9,sync,112.065,
1789747129.7938926,least_conn,/api/auth/verify,POST,150,8,1,7,6223.3,433.5,629.1,async,133.303,
1789747129.7959905,least_conn,/api/user/profile,POST,200,8,8,7,4763.4,7260.6,967.4,process,767.571,
1789747129.7973056,least_conn,/api/user/profile,POST,200,7,8,7,5658.7,8965.4,588.9,sync,116.65,
1789747129.799899,least_conn,/api/user/profile,POST,200,8,7,8,5363.0,6461.1,665.3,async,478.385,
1789747129.8003857,least_conn,/api/user/profile,POST,200,7,8,7,5649.5,8566.3,489.1,sync,69.832,
1789747129.8242686,least_conn,/api/user/profile,POST,200,8,8,7,4625.0,7039.1,1156.5,process,768.164,
1789747129.8265176,least_conn,/api/user/profile,POST,200,8,5,7,6209.3,5289.4,625.6,async,164.185,
1789747129.8521912,least_conn,/api/user/profile,POST,200,8,8,7,5648.1,8234.8,926.0,process,695.035,
1789747129.8803346,least_conn,/api/user/profile,POST,200,8,8,7,2521.8,7402.8,686.2,process,619.17,
1789747129.8943849,least_conn,/api/search,POST,250,8,4,7,6211.7,3766.5,626.2,async,232.351,
1789747129.895922,least_conn,/api/search,POST,250,7,8,7,6526.8,5357.1,870.7,sync,339.844,
1789747129.9202452,least_conn,/api/feed,POST,300,7,8,7,6132.4,4860.9,714.0,sync,302.136,
1789747129.9230883,least_conn,/api/auth/verify,POST,150,7,7,7,5256.4,7552.7,664.5,sync,128.941,
1789747129.979177,least_conn,/api/search,POST,250,8,8,7,4194.9,5845.0,93.6,process,484.083,
1789747130.0395625,least_conn,/api/search,POST,250,7,8,7,5865.6,8910.3,575.1,sync,352.007,
1789747130.0960798,least_conn,/api/search,POST,250,6,8,7,4483.3,8920.2,577.6,sync,409.763,
1789747130.1017935,least_conn,/api/feed,POST,300,7,7,7,5803.1,8726.3,962.6,sync,299.772,
1789747130.1019924,least_conn,/api/feed,POST,300,7,8,6,5130.5,5395.3,402.7,process,550.681,
1789747130.102161,least_conn,/api/feed,POST,300,7,7,7,5446.4,7527.1,979.5,sync,304.365,
1789747130.129886,least_conn,/api/user/profile,POST,200,8,8,6,5452.0,8257.0,411.8,process,360.664,
1789747130.1585298,least_conn,/api/user/profile,POST,200,8,7,6,5457.5,7538.2,658.3,process,362.317,
1789747130.1847687,least_conn,/api/search,POST,250,8,7,7,6202.2,7580.4,623.8,async,521.538,
1789747130.1850154,least_conn,/api/search,POST,250,8,2,7,6218.0,1070.6,627.7,async,523.769,
1789747130.185204,least_conn,/api/search,POST,250,8,7,7,6231.3,8724.0,961.3,async,382.857,
1789747130.185402,least_conn,/api/search,POST,250,8,7,7,5871.9,7522.4,976.8,async,386.934,
1789747130.1858668,least_conn,/api/search,POST,250,8,6,7,6207.2,6060.4,625.0,async,523.271,
1789747130.2511523,least_conn,/api/search,POST,250,7,8,7,5814.1,9189.2,1690.8,sync,326.863,
1789747130.2527401,least_conn,/api/search,POST,250,7,8,7,4529.1,9209.7,1706.1,sync,330.996,
1789747130.252929,least_conn,/api/feed,POST,300,7,7,7,4429.6,8774.4,1879.6,sync,356.71,
1789747130.253059,least_conn,/api/report/generate,POST,350,6,8,7,5058.2,5360.5,872.0,sync,697.406,
1789747130.3116825,least_conn,/api/report/generate,POST,350,8,8,6,6043.5,10060.6,867.4,process,485.853,
1789747130.318356,least_conn,/api/auth/verify,POST,150,8,7,7,4852.5,8767.5,1872.7,async,421.149,
1789747130.3222363,least_conn,/api/feed,POST,300,8,3,7,6215.5,2594.1,627.1,async,660.675,
1789747130.3224273,least_conn,/api/feed,POST,300,8,7,7,6028.0,9438.0,1374.9,async,494.666,
1789747130.4241343,least_conn,/api/user/profile,POST,200,6,8,6,4353.6,7744.4,889.9,sync,319.236,
1789747130.4344747,least_conn,/api/feed,POST,300,8,8,6,5819.6,10403.9,1244.7,process,580.663,
1789747130.4356115,least_conn,/api/feed,POST,300,7,8,7,4232.6,7802.5,926.2,sync,337.98,
1789747130.4392588,least_conn,/api/feed,POST,300,7,8,7,5230.1,8251.2,1261.8,sync,397.712,
1789747130.455353,least_conn,/api/auth/verify,POST,150,8,7,7,3728.3,6931.1,1018.1,async,130.94,
1789747130.4617512,least_conn,/api/image/thumbnail,POST,400,6,8,7,2267.9,6854.4,1160.5,sync,205.548,
1789747130.4662328,least_conn,/api/user/profile,POST,200,5,8,7,2158.4,6858.1,1163.8,sync,210.481,
1789747130.470952,least_conn,/api/user/profile,POST,200,7,8,7,3076.7,6758.2,600.8,sync,45.119,
1789747130.4730425,least_conn,/api/user/profile,POST,200,7,8,7,3016.5,6665.7,880.8,sync,35.657,
1789747130.531431,least_conn,/api/search,POST,250,8,8,6,5596.3,10180.5,1559.5,process,649.695,
1789747130.5370278,least_conn,/api/search,POST,250,7,8,7,4461.6,7740.0,1404.1,sync,431.574,
1789747130.5604126,least_conn,/api/user/profile,POST,200,8,8,6,6753.8,8738.0,1352.4,process,579.717,
1789747130.6620586,least_conn,/api/user/profile,POST,200,7,7,7,3976.2,5951.4,745.9,sync,197.683,
1789747130.66233,least_conn,/api/search,POST,250,7,7,7,2977.5,6005.1,784.2,sync,205.63,
1789747130.663148,least_conn,/api/search,POST,250,7,8,7,2812.4,6851.6,1158.1,sync,406.599,
1789747130.6635287,least_conn,/api/feed,POST,300,4,8,7,1737.0,6877.0,1180.3,sync,410.146,
1789747130.7115598,least_conn,/api/report/generate,POST,350,7,8,6,4463.3,7741.9,888.3,process,606.357,
1789747130.7143354,least_conn,/api/search,POST,250,7,7,7,4067.0,5930.4,730.8,sync,246.958,
1789747130.7676382,least_conn,/api/user/profile,POST,200,7,7,7,5613.3,5433.0,938.0,sync,229.212,
1789747130.7705846,least_conn,/api/user/profile,POST,200,6,7,7,4448.2,4537.1,704.2,sync,104.182,
1789747130.8153458,least_conn,/api/search,POST,250,8,8,6,5642.8,7530.3,1254.8,process,683.684,
1789747130.8208365,least_conn,/api/report/generate,POST,350,8,6,7,5172.5,4600.9,1620.9,async,630.4,
1789747130.8211312,least_conn,/api/user/profile,POST,200,8,4,7,5176.9,2576.2,1624.7,async,631.243,
1789747130.8213677,least_conn,/api/user/profile,POST,200,8,3,7,5179.3,1804.8,1626.9,async,631.778,
1789747130.8216622,least_conn,/api/search,POST,250,8,7,7,5170.8,5854.3,1619.4,async,631.007,
1789747130.8223376,least_conn,/api/report/generate,POST,350,8,7,7,3760.7,6129.9,1041.3,async,502.554,
1789747130.822491,least_conn,/api/report/generate,POST,350,8,5,7,5174.3,3347.2,1622.5,async,632.279,
1789747130.8432965,least_conn,/api/user/profile,POST,200,8,8,6,5414.0,7301.5,1504.7,process,683.032,
1789747130.870812,least_conn,/api/user/profile,POST,200,8,8,6,3806.8,6398.5,746.7,process,557.592,
1789747130.8986113,least_conn,/api/user/profile,POST,200,7,8,6,3024.0,6675.7,559.5,process,462.473,
1789747130.9541926,least_conn,/api/auth/verify,POST,150,7,1,6,4941.7,269.9,689.8,async,127.321,
1789747131.0554829,least_conn,/api/report/generate,POST,350,8,7,6,6614.8,5471.2,448.1,process,522.503,
1789747131.059304,least_conn,/api/search,POST,250,4,7,7,2629.9,4542.5,706.5,sync,393.657,
1789747131.072957,least_conn,/api/feed,POST,300,7,7,7,6652.8,5881.4,695.9,sync,598.583,
1789747131.0737538,least_conn,/api/feed,POST,300,5,7,7,2853.8,3817.1,862.6,sync,304.477,
1789747131.0743866,least_conn,/api/search,POST,250,7,7,7,5352.4,5895.1,705.7,sync,601.975,
1789747131.0746858,least_conn,/api/feed,POST,300,5,7,7,4019.0,4539.3,705.1,sync,408.597,
1789747131.083401,least_conn,/api/user/profile,POST,200,8,7,6,5536.1,5267.6,828.8,process,521.348,
1789747131.0890865,least_conn,/api/auth/verify,POST,150,7,3,6,4937.3,2431.1,687.9,async,261.588,
1789747131.0894065,least_conn,/api/user/profile,POST,200,8,6,7,3730.3,6160.5,1019.6,async,765.279,
1789747131.099201,least_conn,/api/image/thumbnail,POST,400,5,7,7,3260.5,3795.8,853.4,sync,326.884,
1789747131.1039658,least_conn,/api/user/profile,POST,200,2,7,6,1457.7,4322.1,1150.1,sync,28.962,
1789747131.1050613,least_conn,/api/user/profile,POST,200,4,7,6,1995.3,4311.2,1142.3,sync,28.512,
1789747131.1168506,least_conn,/api/user/profile,POST,200,7,4,6,4935.9,3068.7,687.3,async,289.154,
1789747131.1171253,least_conn,/api/user/profile,POST,200,7,6,6,4933.0,5013.4,686.0,async,289.019,
1789747131.1176138,least_conn,/api/user/profile,POST,200,7,6,6,4082.5,4375.4,1405.4,async,160.596,
1789747131.130538,least_conn,/api/user/profile,POST,200,5,6,6,1966.4,5294.0,1527.7,sync,29.527,
1789747131.229619,least_conn,/api/feed,POST,300,3,7,6,1566.0,4313.8,1144.2,sync,153.427,
1789747131.2298841,least_conn,/api/auth/verify,POST,150,5,7,5,2066.0,4253.6,1101.2,sync,145.098,
1789747131.2392862,least_conn,/api/report/generate,POST,350,6,7,6,3537.9,3481.8,718.9,sync,422.107,
1789747131.24107,least_conn,/api/report/generate,POST,350,7,7,6,4278.1,4208.2,563.2,process,527.664,
1789747131.259214,least_conn,/api/auth/verify,POST,150,6,3,6,4740.9,3607.8,1410.8,async,138.72,
1789747131.2775388,least_conn,/api/report/generate,POST,350,5,6,6,3355.5,5263.2,1497.0,sync,171.418,
1789747131.3109806,least_conn,/api/report/generate,POST,350,4,6,6,1887.1,5267.1,1500.9,sync,205.509,
1789747131.364104,least_conn,/api/feed,POST,300,7,7,5,4815.5,5668.5,635.7,process,519.199,
1789747131.3667014,least_conn,/api/user/profile,POST,200,4,6,5,3197.4,6570.6,737.3,sync,125.235,
1789747131.3673975,least_conn,/api/user/profile,POST,200,3,6,6,3745.6,6623.4,772.6,sync,134.738,
1789747131.369316,least_conn,/api/user/profile,POST,200,5,5,5,2215.3,5863.6,585.7,sync,89.941,
1789747131.3797288,least_conn,/api/feed,POST,300,7,5,6,4934.4,3840.3,686.6,async,551.822,
1789747131.380013,least_conn,/api/search,POST,250,6,5,5,2243.6,3828.9,1069.5,async,288.901,
1789747131.3802814,least_conn,/api/search,POST,250,7,2,6,4939.8,907.7,688.9,async,553.125,
1789747131.3917289,least_conn,/api/user/profile,POST,200,7,7,5,4622.7,5475.7,1007.8,process,519.287,
1789747131.4386513,least_conn,/api/search,POST,250,5,5,5,863.7,5697.9,453.1,sync,126.136,
1789747131.5011737,least_conn,/api/search,POST,250,5,5,5,2386.1,5415.2,773.4,sync,132.12,
1789747131.5014646,least_conn,/api/feed,POST,300,4,6,6,3855.5,6620.5,770.6,sync,268.323,
1789747131.5022154,least_conn,/api/feed,POST,300,4,5,5,1957.2,5417.1,774.9,sync,133.542,
1789747131.5027683,least_conn,/api/feed,POST,300,5,6,5,3303.9,6564.3,733.1,sync,260.249,
1789747131.51163,least_conn,/api/auth/verify,POST,150,6,3,5,5144.2,3698.9,718.0,async,128.577,
1789747131.515514,least_conn,/api/feed,POST,300,7,7,5,4428.5,5281.5,1207.2,process,615.328,
1789747131.543652,least_conn,/api/user/profile,POST,200,7,7,5,3480.9,4446.1,911.2,process,486.335,
1789747131.5478148,least_conn,/api/report/generate,POST,350,5,5,5,3746.2,5406.5,766.4,sync,176.987,
1789747131.587102,least_conn,/api/user/profile,POST,200,2,5,5,1765.6,4502.5,824.4,sync,80.486,
1789747131.631141,least_conn,/api/search,POST,250,6,4,6,4737.9,4244.3,1407.8,async,510.151,
1789747131.6317143,least_conn,/api/search,POST,250,6,5,6,4735.8,5767.0,1405.8,async,510.385,
1789747131.6348648,least_conn,/api/feed,POST,300,6,2,5,5146.7,2525.9,719.2,async,252.222,
1789747131.6941557,least_conn,/api/report/generate,POST,350,6,6,5,2241.7,5351.4,1067.9,process,602.723,
1789747131.7118456,least_conn,/api/feed,POST,300,1,5,5,1336.8,4507.5,827.4,sync,206.225,
1789747131.7652042,least_conn,/api/auth/verify,POST,150,4,3,5,3413.6,2590.0,1166.6,async,131.368,
1789747131.7656693,least_conn,/api/image/thumbnail,POST,400,4,5,5,3346.4,4498.7,822.1,sync,258.261,
1789747131.8216066,least_conn,/api/auth/verify,POST,150,6,5,4,1968.9,5431.7,278.7,process,455.846,
1789747131.8714948,least_conn,/api/user/profile,POST,200,6,4,4,5082.3,4296.0,695.6,async,478.112,
1789747131.8719075,least_conn,/api/report/generate,POST,350,5,4,5,3862.4,3960.1,803.7,async,358.405,
1789747131.8989103,least_conn,/api/user/profile,POST,200,5,3,5,3947.2,2297.3,1156.0,async,262.42,
1789747131.8991208,least_conn,/api/user/profile,POST,200,5,4,4,3648.2,2830.7,916.8,async,202.824,
1789747131.9183106,least_conn,/api/search,POST,250,5,5,4,3537.1,4833.5,601.5,process,477.893,
1789747131.9232118,least_conn,/api/image/thumbnail,POST,400,4,4,5,3412.3,3227.1,1165.4,sync,289.058,
1789747131.963701,least_conn,/api/search,POST,250,5,4,4,5643.1,2740.7,630.1,async,195.74,
1789747132.0423658,least_conn,/api/feed,POST,300,5,5,4,3844.5,5197.2,793.0,process,525.287,
1789747132.0532053,least_conn,/api/search,POST,250,4,4,4,4253.7,2741.8,631.3,sync,285.519,
1789747132.05939,least_conn,/api/feed,POST,300,4,5,4,4603.0,5597.9,1073.8,sync,134.605,
1789747132.064707,least_conn,/api/user/profile,POST,200,5,3,4,4974.9,3685.9,639.6,async,163.087,
1789747132.0651176,least_conn,/api/report/generate,POST,350,5,4,4,4973.3,4457.2,638.6,async,163.191,
1789747132.0662549,least_conn,/api/feed,POST,300,5,3,4,5109.9,2546.5,720.5,async,191.64,
1789747132.0664732,least_conn,/api/feed,POST,300,5,4,4,5107.7,3719.1,719.2,async,191.399,
1789747132.070204,least_conn,/api/search,POST,250,3,5,5,2202.2,4837.8,1365.9,sync,481.247,
1789747132.0995514,least_conn,/api/user/profile,POST,200,4,3,4,2535.3,4189.3,962.6,async,27.705,
1789747132.1371205,least_conn,/api/report/generate,POST,350,4,5,4,3339.3,3517.4,848.1,sync,423.635,
1789747132.140564,least_conn,/api/search,POST,250,5,5,4,3702.5,5055.2,1161.7,process,595.081,
1789747132.1433468,least_conn,/api/report/generate,POST,350,3,5,5,1876.2,4500.5,823.2,sync,636.342,
1789747132.1670036,least_conn,/api/search,POST,250,5,1,4,3467.2,1153.5,977.0,async,99.945,
1789747132.173161,least_conn,/api/user/profile,POST,200,3,3,4,1221.0,3988.3,761.6,sync,34.321,
1789747132.1736834,least_conn,/api/user/profile,POST,200,4,5,4,3384.4,4843.7,994.4,sync,112.423,
1789747132.174279,least_conn,/api/user/profile,POST,200,3,4,3,474.9,4740.2,743.5,sync,29.398,
1789747132.2697718,least_conn,/api/feed,POST,300,4,5,4,3279.0,4874.8,1013.0,sync,214.72,
1789747132.3035226,least_conn,/api/feed,POST,300,2,3,3,739.5,3197.7,647.6,sync,126.66,
1789747132.3040705,least_conn,/api/feed,POST,300,1,3,3,309.3,3198.7,648.6,sync,127.545,
1789747132.329298,least_conn,/api/search,POST,250,5,2,4,3460.7,2675.3,973.1,async,260.932,
1789747132.3297305,least_conn,/api/report/generate,POST,350,5,4,4,4830.1,4067.3,910.7,async,364.186,
1789747132.3351502,least_conn,/api/user/profile,POST,200,1,3,3,396.4,2809.7,259.6,sync,28.952,
1789747132.3549633,least_conn,/api/user/profile,POST,200,4,3,3,1318.9,3977.8,751.2,async,212.639,
1789747132.3606205,least_conn,/api/user/profile,POST,200,2,1,3,456.9,583.1,182.6,async,28.77,
1789747132.3677993,least_conn,/api/image/thumbnail,POST,400,5,5,3,5364.7,3986.6,357.3,process,544.142,
1789747132.3860354,least_conn,/api/user/profile,POST,200,1,1,3,345.9,747.8,108.1,sync,29.368,
1789747132.3961036,least_conn,/api/feed,POST,300,2,3,3,671.5,2913.0,362.9,sync,124.353,
1789747132.4909403,least_conn,/api/search,POST,250,1,2,2,314.9,1768.9,40.9,sync,103.254,
1789747132.4934409,least_conn,/api/auth/verify,POST,150,5,5,3,4879.8,5618.7,582.5,process,572.807,
1789747132.4985502,least_conn,/api/auth/verify,POST,150,2,1,2,432.5,1167.4,61.7,async,129.291,
1789747132.4992917,least_conn,/api/feed,POST,300,2,0,3,446.4,0.0,91.1,async,136.956,
1789747132.520892,least_conn,/api/user/profile,POST,200,5,5,3,4437.2,4929.5,718.3,process,476.767,
1789747132.5217316,least_conn,/api/feed,POST,300,1,2,2,1380.8,1748.8,30.8,sync,123.971,
1789747132.5496242,least_conn,/api/user/profile,POST,200,2,2,1,1802.8,1553.4,0.0,process,54.157,
1789747132.6246512,least_conn,/api/auth/verify,POST,150,2,1,2,1791.6,772.3,321.9,async,123.561,
1789747132.6398838,least_conn,/api/report/generate,POST,350,1,2,1,335.0,1557.2,0.0,sync,146.323,
1789747132.6466994,least_conn,/api/feed,POST,300,1,2,1,1442.3,1367.1,300.1,sync,123.811,
1789747132.6507168,least_conn,/api/user/profile,POST,200,2,0,2,1792.2,0.0,322.2,async,149.933,
1789747132.6717746,least_conn,/api/user/profile,POST,200,1,1,0,312.1,631.8,0.0,process,30.205,
1789747132.676603,least_conn,/api/user/profile,POST,200,0,1,1,0.0,625.2,320.9,sync,28.412,
1789747132.7738695,least_conn,/api/search,POST,250,0,0,0,0.0,0.0,0.0,sync,95.774,
1789747132.8054848,least_conn,/api/user/profile,POST,200,0,0,0,0.0,0.0,0.0,sync,29.403,
1789747138.970175,least_conn,/api/user/profile,POST,200,7,7,7,2644.0,6756.6,3013.5,sync,45.79,
1789747138.9731345,least_conn,/api/user/profile,POST,200,5,5,5,2321.4,4948.6,2208.1,sync,49.501,
1789747138.9732795,least_conn,/api/user/profile,POST,200,4,4,4,2220.7,4319.3,1889.6,sync,51.862,
1789747138.9770916,least_conn,/api/user/profile,POST,200,2,2,2,641.5,1543.7,989.2,sync,56.851,
1789747139.010081,least_conn,/api/user/profile,POST,200,6,8,8,2592.6,7592.5,3076.9,sync,33.289,
1789747139.0118291,least_conn,/api/user/profile,POST,200,6,8,8,2633.6,7571.8,3056.2,sync,32.449,
1789747139.0312784,least_conn,/api/search,POST,250,3,3,2,752.3,2797.9,988.6,process,110.719,
1789747139.0556855,least_conn,/api/feed,POST,300,4,4,3,2221.5,4320.1,1408.1,process,134.47,
1789747139.0576801,least_conn,/api/feed,POST,300,2,2,1,641.7,1544.0,507.2,process,137.585,
1789747139.0589132,least_conn,/api/user/profile,POST,200,5,5,4,2322.1,4949.2,1881.3,process,135.411,
1789747139.0677319,least_conn,/api/auth/verify,POST,150,1,1,0,212.1,772.3,0.0,process,148.361,
1789747139.068456,least_conn,/api/user/profile,POST,200,5,8,7,2256.1,7142.6,2318.0,sync,35.416,
1789747139.0690815,least_conn,/api/feed,POST,300,1,1,1,211.8,772.0,507.6,sync,149.427,
1789747139.084106,least_conn,/api/user/profile,POST,200,7,7,6,2644.7,6757.4,2686.8,process,159.834,
1789747139.0958056,least_conn,/api/user/profile,POST,200,6,8,5,2218.1,6942.9,1453.3,process,37.803,
1789747139.1013918,least_conn,/api/report/generate,POST,350,3,3,3,751.7,2797.3,1409.5,sync,180.639,
1789747139.1022356,least_conn,/api/auth/verify,POST,150,6,6,6,2431.0,6120.8,2688.4,sync,178.233,
1789747139.102577,least_conn,/api/auth/verify,POST,150,0,0,0,0.0,0.0,0.0,sync,186.706,
1789747139.105478,least_conn,/api/feed,POST,300,5,8,8,2163.4,7594.7,3079.1,sync,128.956,
1789747139.133159,least_conn,/api/user/profile,POST,200,4,8,5,1793.2,6851.7,1645.4,sync,63.761,
1789747139.1348557,least_conn,/api/user/profile,POST,200,4,8,4,990.7,6569.0,1443.0,sync,30.123,
1789747139.1812377,least_conn,/api/feed,POST,300,8,8,7,2753.2,8009.2,3011.3,process,256.535,
1789747139.1822114,least_conn,/api/feed,POST,300,6,6,5,2431.9,6121.7,2207.0,process,258.362,
1789747139.1945622,least_conn,/api/search,POST,250,6,8,4,2241.2,6724.2,1399.3,process,109.227,
1789747139.2046099,least_conn,/api/auth/verify,POST,150,7,6,6,2645.8,6120.0,2687.7,async,280.487,
1789747139.2051895,least_conn,/api/auth/verify,POST,150,5,4,4,2323.0,4311.8,1882.0,async,281.879,
1789747139.208011,least_conn,/api/feed,POST,300,6,8,5,2208.5,6930.0,1579.7,process,148.402,
1789747139.2289555,least_conn,/api/feed,POST,300,5,8,5,1900.1,6843.8,1640.4,sync,158.566,
1789747139.2332187,least_conn,/api/user/profile,POST,200,2,1,1,642.1,771.7,507.4,async,313.295,
1789747139.233558,least_conn,/api/user/profile,POST,200,1,0,0,212.5,0.0,0.0,async,314.541,
1789747139.2357574,least_conn,/api/auth/verify,POST,150,3,8,4,777.0,6572.9,1445.0,sync,131.514,
1789747139.2370136,least_conn,/api/user/profile,POST,200,2,6,1,406.7,5039.4,334.7,process,29.811,
1789747139.2640069,least_conn,/api/user/profile,POST,200,2,4,1,488.1,3958.0,299.6,process,28.889,
1789747139.29555,least_conn,/api/search,POST,250,4,3,3,2222.3,2796.5,1408.7,async,374.535,
1789747139.3270323,least_conn,/api/user/profile,POST,200,1,3,0,341.2,2561.0,0.0,process,29.674,
1789747139.3322144,least_conn,/api/feed,POST,300,2,6,2,405.6,5036.3,661.2,sync,124.498,
1789747139.482399,least_conn,/api/feed,POST,300,6,5,5,2432.5,4948.0,2207.6,async,558.651,
1789747139.4831674,least_conn,/api/report/generate,POST,350,8,7,7,2754.6,6755.6,3012.5,async,558.643,
1789747139.4840393,least_conn,/api/report/generate,POST,350,3,2,2,752.7,1543.3,988.8,async,563.624,
1789747139.5837202,least_conn,/api/search,POST,250,0,0,0,0.0,0.0,0.0,sync,97.754,
1789747139.6451557,least_conn,/api/user/profile,POST,200,1,1,0,1390.3,1174.0,0.0,process,35.56,
1789747139.6487026,least_conn,/api/user/profile,POST,200,5,4,4,3426.5,5389.2,1865.0,async,36.07,
1789747139.653115,least_conn,/api/user/profile,POST,200,8,8,7,5425.8,9618.9,3324.1,process,38.227,
1789747139.6566749,least_conn,/api/user/profile,POST,200,7,6,6,5321.6,7329.2,2848.7,async,42.8,
1789747139.6571913,least_conn,/api/user/profile,POST,200,7,7,7,5318.3,8098.5,3327.9,sync,42.841,
1789747139.6577783,least_conn,/api/user/profile,POST,200,2,2,2,1500.2,2696.7,834.1,sync,47.111,
1789747139.657967,least_conn,/api/user/profile,POST,200,1,1,1,1390.0,1173.8,327.3,sync,48.127,
1789747139.7174513,least_conn,/api/search,POST,250,2,1,1,1501.4,1173.6,327.0,async,107.391,
1789747139.7287743,least_conn,/api/search,POST,250,0,0,0,0.0,0.0,0.0,sync,119.817,
1789747139.7455924,least_conn,/api/feed,POST,300,5,5,4,3425.7,6161.0,1864.3,process,132.788,
1789747139.753986,least_conn,/api/auth/verify,POST,150,2,2,1,1500.7,2697.3,326.7,process,143.572,
1789747139.7763925,least_conn,/api/feed,POST,300,3,3,2,1610.4,3869.7,833.0,process,165.189,
1789747139.8010762,least_conn,/api/feed,POST,300,6,6,6,4892.3,7330.5,2850.0,sync,187.419,
1789747139.8049395,least_conn,/api/user/profile,POST,200,8,8,7,5170.0,9363.1,3105.6,process,158.052,
1789747139.806659,least_conn,/api/search,POST,250,3,3,3,1609.3,3868.7,1314.3,sync,195.114,
1789747139.8596666,least_conn,/api/image/thumbnail,POST,400,4,4,3,2997.4,5390.7,1312.1,process,247.401,
1789747139.860513,least_conn,/api/report/generate,POST,350,5,5,5,3424.8,6160.2,2345.8,sync,247.543,
1789747139.8614914,least_conn,/api/feed,POST,300,4,4,4,2996.6,5390.0,1865.7,sync,249.041,
1789747139.8698857,least_conn,/api/feed,POST,300,7,7,6,5320.2,8100.4,2847.4,process,255.803,
1789747139.8783011,least_conn,/api/auth/verify,POST,150,6,7,8,6343.1,9318.0,3519.2,sync,217.895,
1789747139.8938296,least_conn,/api/user/profile,POST,200,7,7,8,6553.3,9312.5,3512.9,sync,232.651,
1789747139.8995686,least_conn,/api/auth/verify,POST,150,6,6,5,4893.7,7331.9,2343.5,process,286.145,
1789747139.916896,least_conn,/api/user/profile,POST,200,7,8,8,5519.0,8605.9,2920.4,sync,113.457,
1789747139.9286702,least_conn,/api/feed,POST,300,8,8,7,5109.8,10092.1,3084.9,process,274.28,
1789747139.9290607,least_conn,/api/user/profile,POST,200,7,8,7,4408.3,8574.6,2722.1,sync,121.719,
1789747139.9441874,least_conn,/api/image/thumbnail,POST,400,8,7,8,6663.0,9310.7,3510.8,async,282.75,
1789747139.9574199,least_conn,/api/user/profile,POST,200,8,8,7,4512.2,8565.4,2714.1,process,148.927,
1789747140.0276923,least_conn,/api/auth/verify,POST,150,8,8,7,6109.7,8986.0,2600.1,process,271.768,
1789747140.0535553,least_conn,/api/auth/verify,POST,150,8,8,7,5937.5,8808.6,2615.3,process,275.469,
1789747140.0573304,least_conn,/api/user/profile,POST,200,8,8,7,3530.3,8061.7,2564.1,process,185.874,
1789747140.0882883,least_conn,/api/image/thumbnail,POST,400,8,8,7,6171.0,9047.2,2469.5,process,340.022,
1789747140.1245012,least_conn,/api/feed,POST,300,6,8,7,2733.1,8136.3,2308.0,sync,262.374,
1789747140.1486256,least_conn,/api/feed,POST,300,7,8,7,3158.8,8129.6,2302.1,sync,285.658,
1789747140.157531,least_conn,/api/search,POST,250,4,3,3,2998.4,3867.3,1312.9,async,545.509,
1789747140.1583326,least_conn,/api/search,POST,250,8,7,8,5144.5,8602.4,3407.6,async,508.276,
1789747140.1586368,least_conn,/api/search,POST,250,8,7,7,5428.1,8096.7,3326.1,async,544.032,
1789747140.1597247,least_conn,/api/feed,POST,300,3,2,2,1611.1,2696.2,833.5,async,548.764,
1789747140.1600165,least_conn,/api/feed,POST,300,6,5,5,4895.4,6159.3,2344.9,async,546.873,
1789747140.1603243,least_conn,/api/feed,POST,300,1,0,0,1390.5,0.0,0.0,async,551.011,
1789747140.1650856,least_conn,/api/image/thumbnail,POST,400,7,8,8,3419.4,7920.0,2749.9,sync,275.923,
1789747140.1808734,least_conn,/api/feed,POST,300,8,8,7,6020.0,7582.0,2541.0,process,249.464,
1789747140.1830895,least_conn,/api/image/thumbnail,POST,400,8,8,7,3586.5,8126.0,2299.0,process,319.685,
1789747139.7814136,least_conn,/api/report/generate,POST,350,8,8,7,5797.9,7745.5,2624.3,process,294.915,
1789747139.8269765,least_conn,/api/image/thumbnail,POST,400,8,8,7,4306.9,7821.8,2431.8,process,398.223,
1789747139.833871,least_conn,/api/feed,POST,300,8,8,7,5024.3,6971.9,2458.5,process,250.672,
1789747139.8379605,least_conn,/api/auth/verify,POST,150,8,5,8,4070.7,5314.1,2686.3,async,146.328,
1789747139.8907151,least_conn,/api/image/thumbnail,POST,400,7,8,7,5476.1,7584.7,2543.3,sync,432.324,
1789747139.9013546,least_conn,/api/user/profile,POST,200,8,7,8,5899.2,7074.2,2902.4,async,427.51,
1789747139.9015691,least_conn,/api/search,POST,250,8,2,8,4096.4,1290.5,2712.0,async,213.144,
1789747139.9017353,least_conn,/api/feed,POST,300,8,7,8,6200.9,8105.3,3048.7,async,655.213,
1789747139.9070957,least_conn,/api/feed,POST,300,8,8,7,4994.0,6941.6,2771.2,process,320.096,
1789747139.919539,least_conn,/api/image/thumbnail,POST,400,8,8,7,5229.5,7177.2,2339.6,process,361.984,
1789747139.934911,least_conn,/api/user/profile,POST,200,8,8,7,4183.2,8084.3,2574.4,process,222.521,
1789747139.9502182,least_conn,/api/feed,POST,300,8,8,7,4749.6,6697.3,2796.9,process,332.685,
1789747139.990485,least_conn,/api/report/generate,POST,350,8,8,6,4197.9,8098.9,2070.0,process,279.923,
1789747140.0128107,least_conn,/api/report/generate,POST,350,8,3,8,4077.6,2807.8,2693.2,async,322.02,
1789747140.062554,least_conn,/api/search,POST,250,8,8,7,3314.5,7100.0,2338.0,process,227.134,
1789747140.0766718,least_conn,/api/image/thumbnail,POST,400,7,8,8,3775.8,8223.5,2659.5,sync,381.689,
1789747140.0834572,least_conn,/api/user/profile,POST,200,7,8,8,4066.1,6211.6,2793.5,sync,405.212,
1789747140.0839663,least_conn,/api/auth/verify,POST,150,8,8,7,3355.2,7154.3,2114.4,process,255.323,
1789747140.088971,least_conn,/api/report/generate,POST,350,8,8,7,3633.1,7516.0,2113.4,process,305.552,
1789747140.090152,least_conn,/api/user/profile,POST,200,7,8,8,4295.4,6409.9,2991.8,sync,436.701,
1789747140.094459,least_conn,/api/search,POST,250,8,7,8,4066.8,6722.0,2682.4,async,402.342,
1789747140.107172,least_conn,/api/search,POST,250,8,8,7,4205.2,8583.3,2011.3,process,198.28,
1789747140.112208,least_conn,/api/user/profile,POST,200,8,8,7,4067.8,8363.3,2340.7,process,175.824,
1789747140.1151133,least_conn,/api/user/profile,POST,200,7,8,8,3195.0,7069.9,2465.1,sync,36.839,
1789747140.1671228,least_conn,/api/search,POST,250,8,8,7,4141.1,8480.7,2140.1,process,245.41,
1789747140.2113135,least_conn,/api/report/generate,POST,350,8,4,8,4073.1,4060.6,2688.6,async,519.971,
1789747140.2318935,least_conn,/api/feed,POST,300,8,8,7,3786.1,7912.7,2342.6,process,239.17,
1789747140.2382808,least_conn,/api/auth/verify,POST,150,8,8,7,3989.7,8238.4,2395.4,process,286.285,
1789747140.2584088,least_conn,/api/search,POST,250,7,8,8,4172.0,7683.4,2847.7,sync,812.35,
1789747140.2619233,least_conn,/api/user/profile,POST,200,8,8,7,3555.8,6955.5,2314.4,process,169.355,
1789747140.2632153,least_conn,/api/feed,POST,300,7,8,8,3908.3,7854.0,2683.9,sync,838.485,
1789747140.2640228,least_conn,/api/user/profile,POST,200,7,8,7,3447.8,6959.8,2318.1,sync,171.99,
1789747140.2641902,least_conn,/api/auth/verify,POST,150,7,8,7,3267.5,7007.0,2151.9,sync,178.03,
1789747140.264319,least_conn,/api/search,POST,250,7,8,8,2897.1,7409.4,2304.2,sync,371.991,
1789747140.2704573,least_conn,/api/user/profile,POST,200,8,8,7,3439.0,7225.9,2287.2,process,161.192,
1789747140.2819328,least_conn,/api/search,POST,250,8,8,7,3479.6,7002.3,2147.7,process,195.211,
1789747140.2868218,least_conn,/api/search,POST,250,8,5,8,4226.7,5144.9,2206.1,async,382.21,
1789747140.2900195,least_conn,/api/report/generate,POST,350,8,8,7,3427.6,7180.8,2058.8,process,225.605,
1789747140.2907057,least_conn,/api/user/profile,POST,200,7,8,8,3314.6,7167.8,2960.8,sync,174.176,
1789747140.3088915,least_conn,/api/user/profile,POST,200,4,8,7,1068.1,5917.0,2151.4,sync,43.651,
1789747140.3119233,least_conn,/api/user/profile,POST,200,8,8,7,2639.7,6166.7,2026.9,process,77.868,
1789747140.313452,least_conn,/api/user/profile,POST,200,7,8,7,2668.3,5890.7,2128.3,sync,44.926,
1789747140.3142686,least_conn,/api/user/profile,POST,200,6,8,7,2558.7,5893.7,2131.0,sync,46.113,
1789747140.3787446,least_conn,/api/search,POST,250,8,8,7,3059.8,6748.9,2367.6,process,209.846,
1789747140.3950026,least_conn,/api/user/profile,POST,200,7,8,7,4266.7,5008.0,2565.6,sync,78.819,
1789747140.4048243,least_conn,/api/search,POST,250,8,8,7,2610.9,6120.6,2088.3,process,165.026,
1789747140.411388,least_conn,/api/search,POST,250,5,8,7,1170.0,5897.3,2134.1,sync,143.644,
1789747140.4343271,least_conn,/api/user/profile,POST,200,8,8,7,2671.0,5766.0,2545.7,process,150.192,
1789747140.4711604,least_conn,/api/auth/verify,POST,150,8,8,7,2775.9,5885.9,2124.1,process,202.027,
1789747140.4867766,least_conn,/api/search,POST,250,8,8,7,2749.4,5855.7,2437.9,process,213.862,
1789747140.4949522,least_conn,/api/report/generate,POST,350,5,7,8,4878.5,9326.1,3528.5,sync,1308.399,
1789747140.4958062,least_conn,/api/report/generate,POST,350,7,8,8,4839.3,9187.1,2956.3,sync,1237.725,
1789747140.4961185,least_conn,/api/feed,POST,300,7,8,7,2608.6,5193.2,2513.4,sync,203.093,
1789747140.499787,least_conn,/api/user/profile,POST,200,8,8,7,4374.7,5004.2,2562.2,process,183.138,
1789747140.5020387,least_conn,/api/auth/verify,POST,150,7,8,8,1931.7,5956.6,2345.8,sync,241.743,
1789747140.52203,least_conn,/api/image/thumbnail,POST,400,8,8,7,3407.2,7189.6,2428.3,process,408.225,
1789747140.5387099,least_conn,/api/image/thumbnail,POST,400,8,7,8,2758.3,5660.5,2433.7,async,325.394,
1789747140.5507152,least_conn,/api/user/profile,POST,200,8,8,7,2467.3,4045.4,2230.6,process,114.211,
1789747140.55898,least_conn,/api/feed,POST,300,8,8,7,3035.6,5189.3,2510.0,process,265.472,
1789747140.5615866,least_conn,/api/search,POST,250,7,8,7,2821.3,5039.9,2593.5,sync,249.392,
1789747140.5628014,least_conn,/api/auth/verify,POST,150,6,8,7,4060.1,5018.3,2574.6,sync,247.914,
1789747140.6062129,least_conn,/api/user/profile,POST,200,7,8,8,3695.7,4355.5,2548.9,sync,208.466,
1789747140.6096394,least_conn,/api/user/profile,POST,200,6,8,8,1488.5,3584.4,2580.3,sync,111.274,
1789747140.6100574,least_conn,/api/user/profile,POST,200,5,8,8,1384.9,3596.0,2593.4,sync,113.353,
1789747140.6142912,least_conn,/api/search,POST,250,8,8,7,3735.0,4283.0,2221.8,process,207.476,
1789747140.6571238,least_conn,/api/report/generate,POST,350,8,8,7,3859.9,4489.4,2165.5,process,276.118,
1789747140.6859097,least_conn,/api/user/profile,POST,200,8,8,7,3024.0,3407.2,2573.0,process,162.241,
1789747140.71336,least_conn,/api/user/profile,POST,200,8,7,8,3675.4,6804.7,2647.8,async,698.504,
1789747140.7137835,least_conn,/api/auth/verify,POST,150,8,7,8,2636.7,4586.9,2834.1,async,424.765,
1789747140.7150073,least_conn,/api/feed,POST,300,8,7,8,4222.4,7436.5,2199.2,async,809.559,
1789747140.7158928,least_conn,/api/user/profile,POST,200,8,6,8,4068.8,5951.1,2684.4,async,1024.021,
1789747140.7326453,least_conn,/api/report/generate,POST,350,8,8,7,2166.0,3753.7,1953.9,process,258.464,
1789747140.7369373,least_conn,/api/feed,POST,300,8,8,7,2969.1,3561.9,2411.9,process,235.367,
1789747140.742452,least_conn,/api/user/profile,POST,200,8,7,8,2917.2,2945.6,2767.2,async,202.106,
1789747140.7426999,least_conn,/api/user/profile,POST,200,8,6,8,4224.0,6666.0,2201.7,async,837.559,
1789747140.7527223,least_conn,/api/auth/verify,POST,150,8,8,7,2059.9,3649.4,2146.6,process,263.643,
1789747140.7720323,least_conn,/api/user/profile,POST,200,7,8,8,4102.3,3235.8,2719.3,sync,162.779,
1789747140.809394,least_conn,/api/search,POST,250,8,7,8,3531.4,5807.1,2614.0,async,713.336,
1789747140.8329291,least_conn,/api/search,POST,250,8,8,7,2791.8,3571.9,2682.0,process,271.7,
1789747140.8385243,least_conn,/api/auth/verify,POST,150,8,8,7,2843.4,3632.1,2457.4,process,285.878,
1789747140.8447518,least_conn,/api/auth/verify,POST,150,7,8,8,4617.3,3205.2,2684.4,sync,231.133,
1789747140.8452942,least_conn,/api/search,POST,250,7,8,8,1597.8,3581.5,2576.9,sync,346.525,
1789747140.853755,least_conn,/api/auth/verify,POST,150,7,8,8,2955.7,3548.4,2878.9,sync,350.264,
1789747140.854605,least_conn,/api/feed,POST,300,6,8,8,4189.7,3208.5,2688.1,sync,241.448,
1789747140.8593907,least_conn,/api/search,POST,250,7,8,8,3023.0,3548.2,3076.4,sync,294.779,
1789747140.8607416,least_conn,/api/feed,POST,300,8,8,7,4811.1,3186.2,2450.6,process,244.408,
1789747140.8651943,least_conn,/api/auth/verify,POST,150,7,8,8,2440.2,4233.8,2594.2,sync,452.25,
1789747140.877695,least_conn,/api/search,POST,250,6,8,8,1637.3,3554.2,3083.3,sync,313.94,
1789747140.8903902,least_conn,/api/user/profile,POST,200,8,8,7,3979.7,6504.9,2542.5,process,151.7,
1789747140.916988,least_conn,/api/report/generate,POST,350,8,8,7,4499.8,2887.0,2351.9,process,257.899,
1789747140.9424427,least_conn,/api/search,POST,250,8,8,7,4299.2,2696.4,2476.4,process,254.708,
1789747140.9468224,least_conn,/api/user/profile,POST,200,8,8,7,3553.4,7644.4,2129.2,process,111.509,
1789747140.975011,least_conn,/api/user/profile,POST,200,8,8,7,3531.7,7429.2,2267.7,process,112.809,
1789747140.995541,least_conn,/api/search,POST,250,8,8,7,3897.6,7840.1,2496.8,process,240.443,
1789747141.0245192,least_conn,/api/user/profile,POST,200,8,8,7,2577.1,6968.6,2125.6,process,104.722,
1789747141.058142,least_conn,/api/auth/verify,POST,150,6,8,8,2870.3,7479.1,2554.0,sync,202.168,
1789747141.0610447,least_conn,/api/image/thumbnail,POST,400,8,8,7,4001.1,6534.7,2267.5,process,326.631,
1789747141.0662742,least_conn,/api/feed,POST,300,8,8,7,3525.5,7599.7,2192.3,process,225.383,
1789747141.0879428,least_conn,/api/search,POST,250,8,8,7,2770.2,7189.3,2181.3,process,195.74,
1789747141.0908437,least_conn,/api/image/thumbnail,POST,400,6,8,8,2450.2,7546.8,2621.7,sync,243.329,
1789747141.0942051,least_conn,/api/user/profile,POST,200,8,8,7,2203.9,6513.2,2468.5,process,117.492,
1789747141.096155,least_conn,/api/user/profile,POST,200,7,8,8,2750.0,7287.1,2453.1,sync,216.174,
1789747141.105065,least_conn,/api/user/profile,POST,200,7,8,8,3083.0,7475.1,2550.1,sync,248.606,
1789747141.1064165,least_conn,/api/user/profile,POST,200,7,8,8,2994.5,7543.1,2618.0,sync,258.445,
1789747141.1066437,least_conn,/api/user/profile,POST,200,7,8,8,3801.9,7686.9,2765.1,sync,332.393,
1789747141.1098764,least_conn,/api/user/profile,POST,200,7,8,7,1840.0,5835.8,2301.2,sync,48.492,
1789747141.1161294,least_conn,/api/user/profile,POST,200,8,8,7,2105.0,6345.5,2449.5,process,118.453,
1789747141.123,least_conn,/api/user/profile,POST,200,7,8,7,1527.2,5590.9,2571.3,sync,31.005,
1789747141.1633315,least_conn,/api/report/generate,POST,350,8,7,8,3945.8,6662.1,2815.7,async,417.865,
1789747141.1642563,least_conn,/api/user/profile,POST,200,8,6,8,3947.5,5891.9,2818.5,async,419.142,
1789747141.1644623,least_conn,/api/report/generate,POST,350,8,7,8,3289.1,6575.8,2725.7,async,1324.814,
1789747141.1647744,least_conn,/api/report/generate,POST,350,8,7,8,4085.4,5392.7,2653.7,async,446.519,
1789747141.1654887,least_conn,/api/feed,POST,300,8,5,8,4094.6,3050.9,2664.1,async,448.532,
1789747141.1663463,least_conn,/api/feed,POST,300,8,6,8,4087.7,4220.4,2656.3,async,448.41,
1789747141.1666672,least_conn,/api/feed,POST,300,8,4,8,4098.7,1879.0,2668.9,async,450.303,
1789747141.178178,least_conn,/api/auth/verify,POST,150,8,8,7,2400.4,6766.6,2086.9,process,233.137,
1789747141.2171679,least_conn,/api/feed,POST,300,8,8,7,1990.6,6116.8,2327.2,process,190.894,
1789747141.2662601,least_conn,/api/auth/verify,POST,150,8,8,7,1945.2,5822.7,2289.7,process,203.244,
1789747141.2854629,least_conn,/api/image/thumbnail,POST,400,8,8,7,2375.1,6737.8,2351.8,process,336.832,
1789747141.3013165,least_conn,/api/feed,POST,300,8,8,7,1925.1,5782.4,2502.1,process,233.259,
1789747141.3218873,least_conn,/api/search,POST,250,8,8,7,1637.0,5586.9,2567.8,process,229.395,
1789747141.3222988,least_conn,/api/auth/verify,POST,150,8,4,8,5727.7,4360.3,2945.8,async,148.928,
1789747141.3310564,least_conn,/api/user/profile,POST,200,8,8,7,5670.9,7664.3,2616.5,process,150.605,
1789747141.337471,least_conn,/api/user/profile,POST,200,6,8,8,4341.8,5473.3,3165.1,sync,229.068,
1789747141.3500926,least_conn,/api/user/profile,POST,200,8,8,7,5362.6,7356.1,2346.2,process,131.109,
1789747141.3746371,least_conn,/api/search,POST,250,7,8,7,1620.8,5556.3,2749.1,sync,278.087,
1789747141.3790407,least_conn,/api/search,POST,250,5,8,8,2959.8,5483.7,3177.0,sync,272.12,
1789747141.3792794,least_conn,/api/user/profile,POST,200,8,8,6,4844.3,6682.6,1768.3,process,76.115,
1789747141.379841,least_conn,/api/feed,POST,300,7,8,8,5757.0,5450.2,3138.7,sync,268.141,
1789747141.3800411,least_conn,/api/user/profile,POST,200,7,8,8,6002.9,5357.4,3332.9,sync,255.076,
1789747141.3802488,least_conn,/api/search,POST,250,7,8,8,4451.1,5470.8,3162.2,sync,271.486,
1789747141.3804297,least_conn,/api/feed,POST,300,7,8,8,3501.6,7394.8,2560.8,sync,513.92,
1789747141.3806322,least_conn,/api/report/generate,POST,350,7,8,7,2068.5,7438.8,2276.1,sync,519.613,
1789747141.4042978,least_conn,/api/auth/verify,POST,150,8,8,7,2997.1,5535.8,2728.7,process,304.824,
1789747141.4260507,least_conn,/api/auth/verify,POST,150,8,8,7,6141.5,5409.7,2884.7,process,308.556,
1789747141.4329162,least_conn,/api/user/profile,POST,200,8,8,6,4697.3,6733.1,2042.3,process,100.348,
1789747141.4342148,least_conn,/api/user/profile,POST,200,8,1,8,5747.4,895.6,2965.5,async,263.31,
1789747141.435189,least_conn,/api/report/generate,POST,350,8,7,8,3690.5,6580.2,2467.5,async,623.728,
1789747141.501083,least_conn,/api/report/generate,POST,350,8,8,7,5044.5,6957.3,1972.8,process,232.249,
1789747141.5078318,least_conn,/api/search,POST,250,8,2,8,5737.4,1665.7,2955.5,async,335.692,
1789747141.508835,least_conn,/api/user/profile,POST,200,8,6,8,5720.2,6167.9,2938.3,async,334.556,
1789747141.5154278,least_conn,/api/search,POST,250,1,8,6,1390.2,6308.7,2066.8,sync,129.815,
1789747141.5361385,least_conn,/api/user/profile,POST,200,8,7,8,5716.0,6936.8,2934.1,async,361.329,
1789747141.536564,least_conn,/api/user/profile,POST,200,8,7,7,4735.8,6022.0,2271.6,async,211.695,
1789747141.5458722,least_conn,/api/report/generate,POST,350,8,7,6,4737.6,6024.6,1757.0,process,221.367,
1789747141.56711,least_conn,/api/feed,POST,300,6,6,4,7033.3,4748.9,1651.9,process,127.989,
1789747141.5741937,least_conn,/api/auth/verify,POST,150,7,8,6,4600.8,6578.6,2040.1,process,222.316,
1789747141.6039038,least_conn,/api/user/profile,POST,200,6,6,4,5106.0,5490.4,1459.9,process,34.804,
1789747141.6251793,least_conn,/api/feed,POST,300,6,6,3,7036.8,4752.5,1172.0,process,186.643,
1789747141.6357293,least_conn,/api/user/profile,POST,200,6,6,3,4890.3,5270.8,1059.4,process,30.034,
1789747141.6448803,least_conn,/api/search,POST,250,6,6,4,6643.0,4358.6,1527.1,process,140.694,
1789747141.6496837,least_conn,/api/auth/verify,POST,150,3,8,6,4251.1,6303.6,2063.0,sync,263.443,
1789747141.6675515,least_conn,/api/user/profile,POST,200,6,6,3,4738.5,5078.4,1151.6,process,29.776,
1789747141.6780524,least_conn,/api/auth/verify,POST,150,6,4,5,5285.5,4258.5,1773.6,async,138.878,
1789747141.691394,least_conn,/api/feed,POST,300,6,6,4,5235.0,5619.4,1437.4,process,143.794,
1789747141.6993608,least_conn,/api/user/profile,POST,200,5,6,2,4611.8,4888.3,800.3,process,29.909,
1789747141.7095025,least_conn,/api/user/profile,POST,200,5,5,3,4570.9,4329.0,1097.2,process,29.835,
1789747141.7126663,least_conn,/api/search,POST,250,5,8,5,5836.4,6139.3,1739.1,sync,305.868,
1789747141.7154791,least_conn,/api/report/generate,POST,350,2,8,6,2780.5,6306.5,2065.1,sync,329.578,
1789747141.7184913,least_conn,/api/report/generate,POST,350,4,8,6,4463.6,6297.5,2058.4,sync,331.49,
1789747141.718921,least_conn,/api/search,POST,250,0,8,6,0.0,6314.8,2071.3,sync,334.069,
1789747141.7216508,least_conn,/api/user/profile,POST,200,5,5,3,4517.0,4261.7,1034.0,process,28.505,
1789747141.7304704,least_conn,/api/user/profile,POST,200,5,5,3,4485.1,4221.8,1033.8,process,29.344,
1789747141.7380195,least_conn,/api/search,POST,250,6,4,5,6606.4,2699.1,1918.1,async,227.75,
1789747141.7384412,least_conn,/api/feed,POST,300,8,3,8,5731.6,3188.0,2949.7,async,565.582,
1789747141.738742,least_conn,/api/feed,POST,300,6,5,5,6602.1,4220.0,1914.6,async,227.767,
1789747141.73932,least_conn,/api/feed,POST,300,8,5,8,5724.3,4996.6,2942.4,async,565.552,
1789747141.739976,least_conn,/api/user/profile,POST,200,5,5,3,4444.1,4170.5,1024.5,process,28.605,
1789747141.7505834,least_conn,/api/user/profile,POST,200,4,5,4,3349.8,4157.2,1341.3,sync,36.552,
1789747141.7509127,least_conn,/api/user/profile,POST,200,5,6,5,5304.9,5356.2,1882.9,sync,233.601,
1789747141.751121,least_conn,/api/feed,POST,300,6,6,3,4783.8,5143.1,1007.9,process,124.142,
1789747141.7523441,least_conn,/api/user/profile,POST,200,5,5,3,1705.9,4111.2,1007.1,process,29.115,
1789747141.7528937,least_conn,/api/user/profile,POST,200,4,5,4,2309.3,4142.5,1329.5,sync,35.913,
1789747141.753207,least_conn,/api/user/profile,POST,200,3,5,4,213.6,4124.8,1315.4,sync,32.694,
1789747141.7639458,least_conn,/api/user/profile,POST,200,6,5,5,5283.3,4895.1,1771.7,async,224.401,
1789747141.7758267,least_conn,/api/user/profile,POST,200,5,2,2,1624.2,1340.7,672.7,async,32.156,
1789747141.7763703,least_conn,/api/user/profile,POST,200,5,1,2,1625.7,568.9,673.5,async,33.095,
1789747141.8422065,least_conn,/api/search,POST,250,4,5,4,324.0,4122.5,1313.6,sync,121.232,
1789747141.8429441,least_conn,/api/user/profile,POST,200,2,4,2,2745.7,3322.6,917.4,sync,87.7,
1789747141.8652177,least_conn,/api/search,POST,250,2,4,1,2747.2,3325.5,497.3,process,110.68,
1789747141.8695319,least_conn,/api/search,POST,250,3,3,2,2827.6,2735.7,897.4,process,104.286,
1789747141.8776429,least_conn,/api/auth/verify,POST,150,5,3,2,1623.1,2112.5,672.1,process,133.704,
1789747141.895745,least_conn,/api/search,POST,250,1,4,1,1358.4,3329.8,498.4,sync,142.298,
1789747141.901266,least_conn,/api/user/profile,POST,200,2,3,1,1358.5,2869.7,380.5,process,29.88,
1789747141.90992,least_conn,/api/user/profile,POST,200,2,3,1,1342.2,2845.3,319.4,process,30.404,
1789747141.9230306,least_conn,/api/user/profile,POST,200,1,3,3,1299.2,2948.5,1079.3,sync,77.921,
1789747141.9272754,least_conn,/api/user/profile,POST,200,1,3,2,59.1,2790.4,610.3,sync,29.462,
1789747141.9323509,least_conn,/api/user/profile,POST,200,2,3,1,160.2,2774.4,303.9,process,29.188,
1789747141.9786592,least_conn,/api/image/thumbnail,POST,400,3,2,3,2786.5,2475.0,1277.8,async,199.725,
1789747142.030075,least_conn,/api/search,POST,250,1,3,2,426.7,2697.3,766.9,sync,101.221,
1789747142.035966,least_conn,/api/feed,POST,300,2,3,1,143.2,2748.9,319.0,process,124.305,
1789747142.0493126,least_conn,/api/feed,POST,300,1,3,2,84.9,2709.8,775.2,sync,124.614,
1789747142.0754511,least_conn,/api/report/generate,POST,350,5,3,3,1621.7,2111.5,1179.0,async,331.166,
1789747142.0761294,least_conn,/api/search,POST,250,2,2,1,1713.5,2071.1,413.1,process,95.244,
1789747142.107605,least_conn,/api/user/profile,POST,200,2,1,1,2713.6,955.1,516.8,async,29.074,
1789747142.1416101,least_conn,/api/search,POST,250,1,2,1,317.8,1957.5,364.7,sync,103.93,
1789747142.1878405,least_conn,/api/search,POST,250,1,2,1,1377.5,1930.7,351.3,sync,136.722,
1789747142.2186172,least_conn,/api/report/generate,POST,350,3,1,3,2787.5,1220.7,1278.8,async,440.016,
1789747142.224142,least_conn,/api/report/generate,POST,350,2,1,0,2714.4,955.5,0.0,process,146.018,
1789747142.233403,least_conn,/api/feed,POST,300,2,1,1,2651.2,923.9,485.6,async,123.673,
1789747142.2499106,least_conn,/api/user/profile,POST,200,1,1,1,353.8,1063.4,374.7,sync,29.255,
1789747142.2550132,least_conn,/api/user/profile,POST,200,2,1,0,454.3,1057.7,0.0,process,28.69,
1789747142.2637444,least_conn,/api/user/profile,POST,200,2,0,1,436.3,0.0,318.5,async,28.438,
1789747142.2829049,least_conn,/api/user/profile,POST,200,1,1,1,322.9,756.4,302.3,sync,31.372,
1789747142.3103695,least_conn,/api/feed,POST,300,1,2,1,1298.4,2030.4,451.7,sync,166.744,
1789747142.4007075,least_conn,/api/auth/verify,POST,150,1,0,0,288.7,0.0,0.0,async,114.964,
1789747142.432186,least_conn,/api/user/profile,POST,200,1,0,0,340.5,0.0,0.0,async,29.71,
1789747142.4384632,least_conn,/api/feed,POST,300,0,1,0,0.0,612.0,0.0,sync,126.284,
1789747142.520547,least_conn,/api/user/profile,POST,200,8,7,7,2682.3,8502.5,3096.0,async,36.074,
1789747142.5226014,least_conn,/api/user/profile,POST,200,6,6,6,2361.2,7735.7,2680.2,sync,38.987,
1789747142.523368,least_conn,/api/user/profile,POST,200,7,6,6,2471.7,7734.6,2679.1,async,39.576,
1789747142.5243943,least_conn,/api/user/profile,POST,200,2,2,2,1604.6,2697.4,902.8,sync,42.922,
1789747142.524501,least_conn,/api/user/profile,POST,200,4,4,4,1824.5,5042.6,1648.8,sync,41.966,
1789747142.525786,least_conn,/api/user/profile,POST,200,3,3,3,1714.9,3870.3,1229.2,sync,43.81,
1789747142.5884109,least_conn,/api/search,POST,250,2,1,1,1605.4,1173.7,421.1,async,107.295,
1789747142.595735,least_conn,/api/user/profile,POST,200,7,7,8,4312.9,8636.0,3228.0,sync,67.439,
1789747142.5966797,least_conn,/api/search,POST,250,1,1,0,215.1,1174.1,0.0,process,115.996,
1789747142.6080418,least_conn,/api/search,POST,250,1,1,1,214.8,1173.9,421.3,sync,127.121,
1789747142.6491754,least_conn,/api/search,POST,250,6,5,5,2363.5,6213.7,2200.1,async,165.952,
1789747142.651821,least_conn,/api/feed,POST,300,8,7,8,2379.8,8237.8,3276.1,async,129.527,
1789747142.652696,least_conn,/api/feed,POST,300,1,0,0,215.3,0.0,0.0,async,172.216,
1789747142.6528642,least_conn,/api/feed,POST,300,5,4,4,1935.5,5041.9,1648.2,async,170.158,
1789747142.653051,least_conn,/api/feed,POST,300,3,2,2,1715.9,2697.0,902.5,async,171.403,
1789747142.6532423,least_conn,/api/feed,POST,300,4,3,3,1825.9,3869.7,1228.5,async,171.047,
1789747142.6646295,least_conn,/api/feed,POST,300,5,5,5,1933.7,6214.5,2200.9,sync,181.579,
1789747142.6657076,least_conn,/api/search,POST,250,6,7,8,2580.0,8659.0,3254.3,sync,140.702,
1789747142.668132,least_conn,/api/auth/verify,POST,150,0,0,0,0.0,0.0,0.0,sync,187.974,
1789747142.6683142,least_conn,/api/auth/verify,POST,150,7,7,7,2468.7,8504.3,3097.8,sync,184.092,
1789747142.6934226,least_conn,/api/feed,POST,300,7,7,8,2294.0,8665.3,3261.6,sync,169.313,
1789747142.710414,least_conn,/api/feed,POST,300,6,7,8,3884.3,8638.2,3230.6,sync,182.433,
1789747142.7205458,least_conn,/api/feed,POST,300,2,2,1,1605.0,2697.7,420.9,process,239.244,
1789747142.865161,least_conn,/api/image/thumbnail,POST,400,8,7,8,4026.9,9144.1,2314.9,async,207.873,
1789747142.8763883,least_conn,/api/image/thumbnail,POST,400,7,8,8,3860.3,9268.2,2695.0,sync,266.604,
1789747142.8845398,least_conn,/api/user/profile,POST,200,7,8,8,7607.1,9378.7,1877.5,sync,172.568,
1789747142.9293015,least_conn,/api/image/thumbnail,POST,400,5,5,4,1934.6,6215.4,1647.5,process,446.416,
1789747142.9788814,least_conn,/api/search,POST,250,6,8,8,2453.8,9738.9,2237.8,sync,311.944,
1789747143.0361905,least_conn,/api/auth/verify,POST,150,7,8,8,6166.0,9111.8,858.6,sync,158.091,
1789747143.0520205,least_conn,/api/feed,POST,300,8,8,7,2680.6,9273.4,3094.5,process,567.33,
1789747143.0904112,least_conn,/api/feed,POST,300,7,8,8,3837.8,9731.0,2229.8,sync,422.486,
1789747143.0944428,least_conn,/api/search,POST,250,8,7,8,4076.9,7581.6,2364.9,async,443.4,
1789747143.094627,least_conn,/api/feed,POST,300,8,7,8,4418.5,8630.6,3221.8,async,565.557,
1789747143.0952134,least_conn,/api/report/generate,POST,350,8,3,8,4055.6,4032.3,2343.6,async,441.51,
1789747143.0953841,least_conn,/api/search,POST,250,8,7,8,3930.0,7901.0,2733.4,async,505.25,
1789747143.095798,least_conn,/api/feed,POST,300,8,4,8,4035.1,5277.0,2323.1,async,439.526,
1789747143.1489892,least_conn,/api/search,POST,250,4,4,3,1825.2,5043.3,1228.0,process,666.614,
1789747143.1767879,least_conn,/api/user/profile,POST,200,3,3,2,1715.4,3870.8,902.2,process,694.973,
1789747143.1844883,least_conn,/api/search,POST,250,7,8,8,5666.0,9712.4,2211.2,sync,514.236,
1789747143.1848564,least_conn,/api/search,POST,250,7,8,8,6600.6,9516.2,2015.0,sync,490.085,
1789747143.1855652,least_conn,/api/search,POST,250,7,8,7,3819.5,9356.2,2360.7,sync,586.776,
1789747143.1857016,least_conn,/api/report/generate,POST,350,6,8,8,4198.1,9716.6,2215.4,sync,515.983,
1789747143.2318318,least_conn,/api/auth/verify,POST,150,8,3,8,5952.5,3108.9,776.6,async,133.536,
1789747143.2421331,least_conn,/api/user/profile,POST,200,7,8,8,6323.4,9045.3,800.4,sync,355.715,
1789747143.2795002,least_conn,/api/search,POST,250,7,7,6,2470.5,8506.1,2678.1,process,795.538,
1789747143.3533216,least_conn,/api/search,POST,250,8,7,8,6522.4,7676.6,936.7,async,486.386,
1789747143.3535893,least_conn,/api/feed,POST,300,8,5,8,4031.5,6449.1,2319.5,async,696.875,
1789747143.3537595,least_conn,/api/search,POST,250,8,6,8,4029.5,7621.9,2317.5,async,696.8,
1789747143.37261,least_conn,/api/auth/verify,POST,150,7,8,8,4046.8,6923.8,1206.5,sync,184.011,
1789747143.377915,least_conn,/api/search,POST,250,7,8,8,4606.3,7401.1,795.7,sync,285.998,
1789747143.4019108,least_conn,/api/feed,POST,300,6,6,5,2362.5,7737.1,2199.2,process,918.521,
1789747143.5010943,least_conn,/api/search,POST,250,8,8,7,5204.7,9350.5,2355.8,process,901.598,
1789747143.5493476,least_conn,/api/image/thumbnail,POST,400,8,7,8,3946.0,6059.3,1009.4,async,315.534,
1789747143.5515277,least_conn,/api/feed,POST,300,7,8,8,4604.9,8292.3,543.1,sync,571.003,
1789747143.5606544,least_conn,/api/feed,POST,300,4,8,8,1801.9,6937.2,1214.9,sync,373.722,
1789747143.561645,least_conn,/api/feed,POST,300,5,8,8,2228.9,6929.5,1210.0,sync,373.755,
1789747143.562758,least_conn,/api/feed,POST,300,7,8,8,4561.7,7834.8,388.2,sync,525.049,
1789747143.5639763,least_conn,/api/search,POST,250,6,8,8,2657.1,6925.4,1207.5,sync,375.581,
1789747143.5883598,least_conn,/api/image/thumbnail,POST,400,7,8,8,3875.9,6651.1,969.3,sync,344.524,
1789747143.5963862,least_conn,/api/user/profile,POST,200,7,8,8,3348.1,6107.7,987.3,sync,221.978,
1789747143.5987191,least_conn,/api/user/profile,POST,200,6,8,8,1915.9,4924.9,731.1,sync,36.791,
1789747143.5993342,least_conn,/api/user/profile,POST,200,6,8,8,1215.9,4906.6,719.7,sync,35.123,
1789747143.6252801,least_conn,/api/feed,POST,300,8,8,7,7633.9,9293.7,1551.5,process,902.681,
1789747143.6535282,least_conn,/api/user/profile,POST,200,8,8,7,6076.6,8686.6,433.7,process,722.294,
1789747143.6716788,least_conn,/api/user/profile,POST,200,7,8,8,4226.5,4609.4,563.1,sync,70.312,
1789747143.6719453,least_conn,/api/search,POST,250,7,8,8,1320.8,4897.4,714.0,sync,106.574,
1789747143.710459,least_conn,/api/feed,POST,300,7,8,8,1652.0,4997.3,776.4,sync,157.577,
1789747143.7286353,least_conn,/api/auth/verify,POST,150,6,8,8,2020.5,4913.5,724.0,sync,165.277,
1789747143.7334778,least_conn,/api/feed,POST,300,7,8,8,2317.0,6068.3,967.6,sync,354.148,
1789747143.74011,least_conn,/api/user/profile,POST,200,7,8,8,2976.1,4020.3,922.9,sync,65.098,
1789747143.8577218,least_conn,/api/auth/verify,POST,150,6,8,8,4012.7,4611.4,564.1,sync,256.603,
1789747143.8646464,least_conn,/api/image/thumbnail,POST,400,8,8,7,4882.0,7708.5,356.7,process,811.151,
1789747143.8929272,least_conn,/api/image/thumbnail,POST,400,8,5,8,3521.9,3416.0,1059.3,async,536.516,
1789747143.8931897,least_conn,/api/auth/verify,POST,150,8,6,8,3519.3,4086.1,1058.0,async,536.461,
1789747143.9011214,least_conn,/api/feed,POST,300,7,8,8,3755.9,4637.9,577.3,sync,303.323,
1789747143.9051251,least_conn,/api/report/generate,POST,350,7,8,8,2338.6,4699.9,608.3,sync,315.073,
1789747143.934366,least_conn,/api/image/thumbnail,POST,400,6,8,8,2431.4,4022.5,924.3,sync,259.628,
1789747143.9403274,least_conn,/api/user/profile,POST,200,7,8,8,3564.9,4301.2,504.8,sync,33.647,
1789747143.9406176,least_conn,/api/user/profile,POST,200,7,8,8,4638.3,4327.1,517.8,sync,38.26,
1789747143.947268,least_conn,/api/user/profile,POST,200,7,8,8,4033.2,3537.2,625.3,sync,211.867,
1789747143.9649699,least_conn,/api/search,POST,250,8,8,7,5585.4,7226.8,619.3,process,814.227,
1789747143.9938245,least_conn,/api/user/profile,POST,200,8,8,7,5392.8,7006.6,930.7,process,815.561,
1789747144.0164447,least_conn,/api/user/profile,POST,200,6,8,8,4383.9,4086.2,397.3,sync,73.937,
1789747144.022453,least_conn,/api/search,POST,250,7,8,8,2513.7,3716.8,733.3,sync,309.493,
1789747144.022714,least_conn,/api/user/profile,POST,200,7,8,8,4494.1,4084.6,396.5,sync,79.946,
1789747144.0982256,least_conn,/api/image/thumbnail,POST,400,8,7,8,1660.3,4338.6,784.7,async,547.004,
1789747144.1005948,least_conn,/api/user/profile,POST,200,8,4,8,5946.6,3743.9,774.1,async,1001.459,
1789747144.145488,least_conn,/api/report/generate,POST,350,8,8,7,4118.0,6346.7,840.2,process,863.593,
1789747144.1588702,least_conn,/api/search,POST,250,7,8,8,3185.8,4124.9,416.7,sync,222.808,
1789747144.1593843,least_conn,/api/feed,POST,300,7,8,8,4632.5,2542.9,217.9,sync,299.699,
1789747144.1599438,least_conn,/api/feed,POST,300,7,8,8,3711.7,3571.8,642.6,sync,428.864,
1789747144.1730905,least_conn,/api/user/profile,POST,200,8,8,7,2554.0,5874.5,870.7,process,769.522,
1789747144.1910276,least_conn,/api/search,POST,250,7,8,8,4561.4,4046.4,377.4,sync,241.888,
1789747144.195005,least_conn,/api/report/generate,POST,350,7,8,8,4050.4,3487.8,600.7,sync,453.44,
1789747144.2009594,least_conn,/api/user/profile,POST,200,8,8,7,1901.3,5078.8,701.0,process,697.941,
1789747144.229386,least_conn,/api/user/profile,POST,200,8,8,7,4133.5,4404.6,479.8,process,602.409,
1789747144.2298934,least_conn,/api/auth/verify,POST,150,8,7,8,6479.1,4261.8,779.3,async,127.977,
1789747144.257742,least_conn,/api/user/profile,POST,200,8,8,7,3907.1,4178.2,694.1,process,602.468,
1789747144.258444,least_conn,/api/user/profile,POST,200,7,8,8,5407.6,4265.3,1099.0,sync,65.816,
1789747144.2655628,least_conn,/api/user/profile,POST,200,7,8,8,6982.4,3591.1,1010.0,sync,240.535,
1789747144.3552682,least_conn,/api/search,POST,250,8,8,7,5018.8,2492.0,205.2,process,489.229,
1789747144.361554,least_conn,/api/search,POST,250,6,8,8,5158.1,4475.0,909.3,sync,198.898,
1789747144.3619833,least_conn,/api/auth/verify,POST,150,7,8,8,6547.7,4473.6,908.5,sync,199.121,
1789747144.3816366,least_conn,/api/feed,POST,300,5,8,8,4728.9,4477.3,910.6,sync,219.303,
1789747144.4586487,least_conn,/api/user/profile,POST,200,8,7,8,5940.4,6859.9,771.4,async,1358.633,
1789747144.4588792,least_conn,/api/user/profile,POST,200,8,7,8,4808.8,3592.4,536.7,async,562.846,
1789747144.459051,least_conn,/api/feed,POST,300,8,6,8,5942.5,5687.6,772.3,async,1359.313,
1789747144.4592357,least_conn,/api/report/generate,POST,350,8,7,8,6492.0,3016.5,784.1,async,358.925,
1789747144.4595141,least_conn,/api/feed,POST,300,8,5,8,5944.4,4515.0,773.1,async,1360.067,
1789747144.4597847,least_conn,/api/search,POST,250,8,6,8,4810.7,2069.3,537.5,async,564.01,
1789747144.4600456,least_conn,/api/search,POST,250,8,7,8,3517.6,4723.0,1057.2,async,1103.115,
1789747144.4921112,least_conn,/api/auth/verify,POST,150,8,8,7,5812.4,3941.5,337.1,process,525.487,
1789747144.501526,least_conn,/api/user/profile,POST,200,8,4,8,5975.2,4889.8,824.6,async,35.232,
1789747144.5017774,least_conn,/api/user/profile,POST,200,8,6,8,5971.3,6834.0,821.2,async,34.998,
1789747144.52089,least_conn,/api/user/profile,POST,200,8,8,7,5581.9,3768.6,771.2,process,525.449,
1789747144.549322,least_conn,/api/user/profile,POST,200,8,8,7,6125.7,4581.8,642.8,process,401.91,
1789747144.5774157,least_conn,/api/user/profile,POST,200,8,8,7,6681.0,4391.3,861.5,process,402.783,
1789747144.5798442,least_conn,/api/user/profile,POST,200,7,8,8,6345.9,3912.1,1541.3,sync,215.943,
1789747144.605932,least_conn,/api/user/profile,POST,200,8,8,7,5825.6,4197.4,1050.5,process,403.612,
1789747144.7023609,least_conn,/api/image/thumbnail,POST,400,8,7,8,5700.0,7864.9,1127.1,async,198.1,
1789747144.733939,least_conn,/api/auth/verify,POST,150,8,8,7,5616.1,4653.7,1198.4,process,501.685,
1789747144.7344072,least_conn,/api/search,POST,250,7,8,8,5361.9,3630.5,1029.7,sync,715.949,
1789747144.7396696,least_conn,/api/auth/verify,POST,150,6,8,8,6133.4,3914.4,1544.5,sync,376.211,
1789747144.8356483,least_conn,/api/search,POST,250,8,8,7,6766.4,4457.7,1510.4,process,575.402,
1789747144.863701,least_conn,/api/user/profile,POST,200,8,8,7,7383.9,3942.7,1256.7,process,505.911,
1789747144.879798,least_conn,/api/search,POST,250,7,8,8,4476.6,4239.3,1080.5,sync,683.445,
1789747144.8820133,least_conn,/api/search,POST,250,7,8,8,6718.0,4409.4,1876.6,sync,614.853,
1789747144.8821783,least_conn,/api/search,POST,250,6,8,8,5593.8,3593.1,1011.0,sync,857.482,
1789747144.8826773,least_conn,/api/search,POST,250,7,8,7,5379.0,4461.3,1513.9,sync,622.933,
1789747144.907781,least_conn,/api/image/thumbnail,POST,400,7,8,8,6093.6,3815.8,1406.5,sync,524.616,
1789747144.9100912,least_conn,/api/user/profile,POST,200,7,8,8,5163.2,7921.0,2175.0,sync,328.841,
1789747144.912869,least_conn,/api/user/profile,POST,200,7,8,8,3960.6,7693.2,1842.8,sync,171.573,
1789747144.916383,least_conn,/api/user/profile,POST,200,5,8,8,1714.9,6545.0,1818.8,sync,31.573,
1789747144.9817708,least_conn,/api/search,POST,250,8,3,8,5981.5,3368.5,830.1,async,516.263,
1789747144.9820118,least_conn,/api/feed,POST,300,8,7,7,5619.1,3482.4,1201.0,async,750.182,
1789747144.9822032,least_conn,/api/report/generate,POST,350,8,7,8,5966.4,7602.4,817.0,async,514.821,
1789747144.9830976,least_conn,/api/feed,POST,300,8,2,8,5985.6,2195.7,833.7,async,518.107,
1789747144.9833071,least_conn,/api/feed,POST,300,8,5,8,5973.1,5661.1,822.8,async,516.762,
1789747144.9834692,least_conn,/api/report/generate,POST,350,8,1,8,5989.0,941.6,836.7,async,518.902,
1789747145.0011528,least_conn,/api/search,POST,250,7,8,8,2412.5,6569.8,1843.5,sync,119.428,
1789747145.025338,least_conn,/api/report/generate,POST,350,8,8,7,5770.8,8643.3,668.5,process,531.18,
1789747145.0581675,least_conn,/api/user/profile,POST,200,7,8,8,4524.1,6350.5,1624.2,sync,149.035,
1789747145.0589216,least_conn,/api/search,POST,250,7,8,8,3293.1,6536.2,1809.9,sync,173.007,
1789747145.0596411,least_conn,/api/user/profile,POST,200,7,8,8,4818.1,6309.6,1583.4,sync,145.408,
1789747145.0606787,least_conn,/api/feed,POST,300,7,8,7,3560.8,7734.6,1545.8,sync,324.546,
1789747145.060824,least_conn,/api/auth/verify,POST,150,7,8,8,4621.8,6331.7,1605.5,sync,149.351,
1789747145.0609276,least_conn,/api/feed,POST,300,7,8,8,4824.2,6283.0,1556.7,sync,143.359,
1789747145.1227105,least_conn,/api/report/generate,POST,350,6,8,8,1825.7,6543.0,1816.7,sync,237.649,
1789747145.1289117,least_conn,/api/user/profile,POST,200,3,8,8,2923.3,7212.6,833.6,sync,67.373,
1789747145.1333947,least_conn,/api/auth/verify,POST,150,8,7,8,4680.0,7150.9,981.7,async,143.955,
1789747145.1350992,least_conn,/api/user/profile,POST,200,4,8,8,3033.3,7209.0,831.0,sync,73.117,
1789747145.148754,least_conn,/api/feed,POST,300,8,8,7,5573.0,8391.8,1036.4,process,626.345,
1789747145.2055714,least_conn,/api/search,POST,250,8,7,8,4424.8,6464.4,1740.6,async,501.228,
1789747145.2058094,least_conn,/api/user/profile,POST,200,8,6,8,5702.1,7094.5,1128.6,async,701.851,
1789747145.2059698,least_conn,/api/user/profile,POST,200,8,3,8,4695.1,2703.9,996.8,async,218.418,
1789747145.2064302,least_conn,/api/feed,POST,300,8,2,8,4700.4,1531.5,1002.1,async,219.527,
1789747145.2726305,least_conn,/api/feed,POST,300,8,8,7,5373.2,8163.5,1368.6,process,721.683,
1789747145.3096266,least_conn,/api/report/generate,POST,350,8,4,8,4692.5,3475.2,994.2,async,321.751,
1789747145.3471215,least_conn,/api/auth/verify,POST,150,2,8,8,2709.3,7216.8,836.9,sync,286.113,
1789747145.3473501,least_conn,/api/auth/verify,POST,150,7,8,8,3892.2,7187.3,815.2,sync,282.657,
1789747145.347878,least_conn,/api/auth/verify,POST,150,5,8,8,3136.2,7194.7,820.2,sync,284.102,
1789747145.348674,least_conn,/api/report/generate,POST,350,7,8,8,3302.0,7681.0,873.3,sync,345.677,
1789747145.4032161,least_conn,/api/user/profile,POST,200,7,8,8,3778.4,6661.3,570.3,sync,272.759,
1789747145.413453,least_conn,/api/auth/verify,POST,150,8,8,7,5175.0,7936.7,1680.8,process,834.149,
1789747145.4187505,least_conn,/api/image/thumbnail,POST,400,6,8,8,3350.3,7192.7,818.8,sync,354.734,
1789747145.4483166,least_conn,/api/auth/verify,POST,150,8,4,8,3642.8,3718.6,778.3,async,237.872,
1789747145.5364654,least_conn,/api/feed,POST,300,8,8,7,5091.2,7710.9,1991.1,process,928.938,
1789747145.5506427,least_conn,/api/report/generate,POST,350,8,5,8,4684.2,4725.0,985.9,async,561.729,
1789747145.5639365,least_conn,/api/user/profile,POST,200,8,8,7,3988.5,7730.4,1543.2,process,827.291,
1789747145.6771991,least_conn,/api/auth/verify,POST,150,8,7,8,3799.5,5412.1,988.9,async,227.596,
1789747145.6797214,least_conn,/api/feed,POST,300,8,7,8,3628.8,6293.8,771.3,async,467.556,
1789747145.6799653,least_conn,/api/feed,POST,300,8,6,8,4682.0,5978.4,983.7,async,690.774,
1789747145.6865876,least_conn,/api/feed,POST,300,8,8,7,3398.8,6923.4,1265.5,process,849.063,
1789747145.7073064,least_conn,/api/user/profile,POST,200,8,7,8,4227.6,6115.8,549.7,async,569.963,
1789747145.707536,least_conn,/api/user/profile,POST,200,8,5,8,3636.4,4353.0,775.1,async,496.312,
1789747145.729145,least_conn,/api/auth/verify,POST,150,4,8,8,1723.2,6608.9,720.0,sync,379.215,
1789747145.7295876,least_conn,/api/feed,POST,300,7,7,8,3813.3,6130.2,555.9,sync,594.33,
1789747145.745057,least_conn,/api/image/thumbnail,POST,400,6,8,8,2045.1,6598.5,716.1,sync,393.849,
1789747145.7694492,least_conn,/api/image/thumbnail,POST,400,7,8,8,2590.4,6596.8,715.4,sync,418.033,
1789747145.7725298,least_conn,/api/user/profile,POST,200,5,8,8,1935.3,6601.9,717.3,sync,421.733,
1789747145.7744415,least_conn,/api/user/profile,POST,200,7,8,8,2751.2,6155.9,601.6,sync,367.896,
1789747145.7922447,least_conn,/api/search,POST,250,8,8,7,3216.3,6700.9,1553.1,process,926.908,
1789747145.8119762,least_conn,/api/user/profile,POST,200,7,8,8,6631.9,7306.5,688.1,sync,36.255,
1789747145.8209906,least_conn,/api/user/profile,POST,200,8,8,7,4585.7,7485.2,716.4,process,793.519,
1789747145.922883,least_conn,/api/image/thumbnail,POST,400,8,6,8,2445.3,5989.0,999.5,async,213.289,
1789747145.925332,least_conn,/api/auth/verify,POST,150,7,8,8,5054.1,7342.4,706.1,sync,154.09,
1789747145.9539626,least_conn,/api/auth/verify,POST,150,8,8,7,4123.3,6784.1,510.6,process,803.602,
1789747146.002386,least_conn,/api/search,POST,250,7,8,8,3937.4,7539.1,814.2,sync,255.727,
1789747146.008577,least_conn,/api/report/generate,POST,350,7,8,8,2564.6,6048.2,1077.7,sync,588.574,
1789747146.013914,least_conn,/api/report/generate,POST,350,7,8,8,2396.4,6708.0,587.8,sync,889.294,
1789747146.0200915,least_conn,/api/search,POST,250,7,8,8,2787.4,7658.7,889.0,sync,288.389,
1789747146.0248935,least_conn,/api/feed,POST,300,8,5,8,2563.5,3091.6,717.6,async,344.838,
1789747146.0258365,least_conn,/api/feed,POST,300,8,7,8,3102.8,4538.9,994.8,async,473.747,
1789747146.0262,least_conn,/api/feed,POST,300,8,7,8,2553.7,5505.9,707.8,async,343.694,
1789747146.0264177,least_conn,/api/report/generate,POST,350,8,6,8,2554.6,4252.6,708.8,async,344.157,
1789747146.0266042,least_conn,/api/feed,POST,300,8,6,8,3632.7,5122.9,773.2,async,814.918,
1789747146.0267315,least_conn,/api/feed,POST,300,8,7,8,3002.3,5743.3,844.3,async,715.412,
1789747146.0701094,least_conn,/api/feed,POST,300,6,8,8,2358.2,7661.2,890.5,sync,338.719,
1789747146.071219,least_conn,/api/search,POST,250,7,8,8,5253.1,7320.3,695.1,sync,297.223,
1789747146.0770905,least_conn,/api/feed,POST,300,8,8,7,3165.0,6972.5,523.5,process,802.967,
1789747146.1213117,least_conn,/api/user/profile,POST,200,7,8,8,6429.9,5659.8,835.2,sync,117.067,
1789747146.1321106,least_conn,/api/user/profile,POST,200,7,8,8,6462.2,5570.7,790.7,sync,116.745,
1789747146.1584344,least_conn,/api/auth/verify,POST,150,8,7,8,6869.9,5658.8,795.5,async,233.873,
1789747146.2083259,least_conn,/api/auth/verify,POST,150,8,8,7,2794.8,6087.7,584.6,process,793.262,
1789747146.2176087,least_conn,/api/search,POST,250,7,8,8,6792.2,6279.6,788.9,sync,290.846,
1789747146.237752,least_conn,/api/user/profile,POST,200,8,8,7,3187.6,5343.8,723.8,process,699.797,
1789747146.2526872,least_conn,/api/user/profile,POST,200,7,8,8,7691.4,6300.0,657.4,sync,129.949,
1789747146.2656703,least_conn,/api/user/profile,POST,200,8,8,7,3022.8,5606.5,941.5,process,700.257,
1789747146.2926233,least_conn,/api/auth/verify,POST,150,8,6,8,6821.0,5222.7,729.1,async,261.847,
1789747146.2935052,least_conn,/api/feed,POST,300,8,7,8,2444.2,6659.1,998.1,async,583.641,
1789747146.3254218,least_conn,/api/search,POST,250,7,8,8,6368.0,7004.8,939.4,sync,511.986,
1789747146.3665028,least_conn,/api/search,POST,250,8,8,7,2531.1,6635.1,685.2,process,678.355,
1789747146.391249,least_conn,/api/search,POST,250,7,8,8,6694.5,6700.7,561.6,sync,318.596,
1789747146.3921463,least_conn,/api/feed,POST,300,7,8,7,7410.2,6699.4,275.0,sync,172.863,
1789747146.432464,least_conn,/api/auth/verify,POST,150,8,6,7,7476.6,5134.9,994.0,async,138.226,
1789747146.4484065,least_conn,/api/search,POST,250,6,8,8,5308.1,6705.9,564.2,sync,376.403,
1789747146.4594197,least_conn,/api/auth/verify,POST,150,7,8,7,7581.9,6420.7,648.0,sync,205.278,
1789747146.4697273,least_conn,/api/search,POST,250,8,8,7,6597.6,7160.4,615.1,process,675.723,
1789747146.5005112,least_conn,/api/user/profile,POST,200,7,7,7,5066.2,5567.0,815.7,sync,50.129,
1789747146.502807,least_conn,/api/user/profile,POST,200,7,7,7,6093.9,5678.2,863.3,sync,68.305,
1789747146.5604732,least_conn,/api/user/profile,POST,200,8,2,8,6850.1,1392.9,743.6,async,533.327,
1789747146.5607593,least_conn,/api/search,POST,250,8,4,8,6824.5,2928.1,730.8,async,530.426,
1789747146.5609636,least_conn,/api/search,POST,250,8,7,7,8580.2,5246.6,307.0,async,350.625,
1789747146.561145,least_conn,/api/user/profile,POST,200,8,5,8,6822.6,4451.3,729.9,async,530.576,
1789747146.5613203,least_conn,/api/user/profile,POST,200,8,3,8,6827.6,2157.0,732.4,async,531.371,
1789747146.5627694,least_conn,/api/feed,POST,300,8,7,8,6819.5,5859.8,728.3,async,531.804,
1789747146.577134,least_conn,/api/search,POST,250,8,8,7,7686.8,6932.7,894.3,process,754.682,
1789747146.6055799,least_conn,/api/user/profile,POST,200,8,8,7,7952.9,6049.4,702.5,process,650.04,
1789747146.630377,least_conn,/api/search,POST,250,6,7,7,5110.4,5189.9,1042.5,sync,126.121,
1789747146.6332226,least_conn,/api/user/profile,POST,200,8,8,7,8040.2,6655.4,539.0,process,554.916,
1789747146.700835,least_conn,/api/feed,POST,300,6,7,7,4734.5,5202.7,1049.8,sync,198.405,
1789747146.7055392,least_conn,/api/auth/verify,POST,150,7,4,7,6047.5,3966.6,783.2,async,136.45,
1789747146.7285478,least_conn,/api/report/generate,POST,350,7,8,8,7724.5,6215.2,615.0,sync,595.209,
1789747146.7563746,least_conn,/api/feed,POST,300,8,8,6,7686.1,6539.8,215.2,process,517.145,
1789747146.7601008,least_conn,/api/report/generate,POST,350,7,8,8,5425.1,5523.1,766.9,sync,738.782,
1789747146.7633862,least_conn,/api/feed,POST,300,7,2,7,6052.3,2022.0,785.9,async,194.976,
1789747146.7636263,least_conn,/api/search,POST,250,8,7,7,7471.0,5768.4,991.9,async,468.689,
1789747146.763831,least_conn,/api/user/profile,POST,200,7,1,7,6063.1,1252.5,792.1,async,196.96,
1789747146.7655869,least_conn,/api/report/generate,POST,350,7,8,8,5611.9,5611.2,811.0,sync,755.282,
1789747146.789814,least_conn,/api/user/profile,POST,200,7,3,7,6049.6,3195.2,784.4,async,221.035,
1789747146.7910879,least_conn,/api/user/profile,POST,200,7,6,6,3448.4,5531.6,1006.5,async,32.878,
1789747146.7947996,least_conn,/api/user/profile,POST,200,6,4,6,2057.2,3644.8,974.0,async,28.473,
1789747146.7963414,least_conn,/api/user/profile,POST,200,7,6,6,3521.0,5665.2,969.0,async,28.761,
1789747146.7972958,least_conn,/api/feed,POST,300,6,8,7,5954.0,6508.7,1000.9,sync,404.353,
1789747146.8027396,least_conn,/api/report/generate,POST,350,7,8,7,6333.5,7032.1,894.1,sync,475.207,
1789747146.858335,least_conn,/api/search,POST,250,7,6,7,6042.7,5775.5,780.4,async,288.556,
1789747146.8799634,least_conn,/api/feed,POST,300,8,8,6,7694.4,6317.6,609.4,process,612.952,
1789747146.908597,least_conn,/api/user/profile,POST,200,8,8,6,7477.7,6704.7,771.4,process,540.146,
1789747146.9720752,least_conn,/api/image/thumbnail,POST,400,6,7,7,4344.9,6865.5,1297.7,sync,340.227,
1789747146.9729185,least_conn,/api/user/profile,POST,200,6,6,7,3532.9,5699.9,1137.8,sync,242.752,
1789747146.9787624,least_conn,/api/user/profile,POST,200,6,7,6,2689.3,6275.8,990.2,sync,216.484,
1789747146.9806395,least_conn,/api/user/profile,POST,200,6,7,6,3634.5,6981.8,822.5,sync,176.448,
1789747147.007858,least_conn,/api/search,POST,250,7,7,6,5013.0,5421.4,753.3,process,536.675,
1789747147.0506876,least_conn,/api/user/profile,POST,200,6,7,6,4537.2,5276.6,777.8,sync,68.776,
1789747147.0559318,least_conn,/api/search,POST,250,6,6,6,3285.0,6254.3,849.1,sync,258.384,
1789747147.061954,least_conn,/api/user/profile,POST,200,5,7,6,2641.2,5327.6,814.2,sync,87.299,
1789747147.071424,least_conn,/api/user/profile,POST,200,7,6,6,3322.5,6235.6,855.5,async,275.488,
1789747147.0717254,least_conn,/api/report/generate,POST,350,7,6,6,3345.9,5747.0,868.9,async,279.137,
1789747147.0720036,least_conn,/api/report/generate,POST,350,6,5,6,2055.4,4415.9,972.8,async,305.381,
1789747147.072211,least_conn,/api/user/profile,POST,200,7,5,6,3355.2,4982.4,874.3,async,280.954,
1789747147.0728326,least_conn,/api/feed,POST,300,7,5,7,6045.2,4603.3,781.8,async,503.417,
1789747147.1070735,least_conn,/api/search,POST,250,7,7,6,5978.7,7236.0,743.9,process,528.159,
1789747147.1168256,least_conn,/api/feed,POST,300,6,6,7,4140.0,5839.7,1269.0,sync,409.953,
1789747147.1181798,least_conn,/api/feed,POST,300,6,7,6,2751.3,5324.5,812.0,sync,143.103,
1789747147.1194513,least_conn,/api/search,POST,250,6,7,6,3155.7,5287.6,785.6,sync,139.103,
1789747147.1481888,least_conn,/api/user/profile,POST,200,4,6,6,3953.5,4376.7,1123.8,sync,29.668,
1789747147.2074745,least_conn,/api/search,POST,250,7,7,6,5780.4,7037.7,1023.7,process,600.229,
1789747147.20934,least_conn,/api/auth/verify,POST,150,5,2,6,4294.4,1051.3,782.6,async,132.68,
1789747147.2266393,least_conn,/api/search,POST,250,4,6,6,2803.5,4363.1,1114.7,sync,105.865,
1789747147.2561626,least_conn,/api/auth/verify,POST,150,5,5,6,4288.9,3096.5,778.2,sync,178.409,
1789747147.2587757,least_conn,/api/report/generate,POST,350,6,6,6,2051.1,5666.7,970.0,sync,491.443,
1789747147.2832963,least_conn,/api/feed,POST,300,4,6,6,3968.7,4188.9,998.6,sync,133.472,
1789747147.32725,least_conn,/api/report/generate,POST,350,6,7,6,4114.8,4783.8,879.9,sync,274.929,
1789747147.3310978,least_conn,/api/feed,POST,300,7,7,6,4868.6,6842.6,1278.0,process,695.987,
1789747147.3414376,least_conn,/api/auth/verify,POST,150,5,4,6,4290.4,2459.5,779.3,async,263.974,
1789747147.342077,least_conn,/api/user/profile,POST,200,7,6,6,4666.3,6246.1,843.6,async,543.163,
1789747147.3423345,least_conn,/api/user/profile,POST,200,7,6,6,3370.7,5354.0,597.4,async,481.846,
1789747147.3693252,least_conn,/api/user/profile,POST,200,5,3,6,4292.4,1688.5,781.0,async,292.269,
1789747147.3695295,least_conn,/api/user/profile,POST,200,6,5,5,5482.2,3316.8,753.1,async,158.358,
1789747147.407628,least_conn,/api/search,POST,250,5,5,5,4100.0,3324.1,759.0,sync,197.915,
1789747147.4286964,least_conn,/api/search,POST,250,7,7,5,3251.1,5978.2,512.6,process,547.011,
1789747147.4565244,least_conn,/api/user/profile,POST,200,7,7,5,3109.2,5779.6,809.6,process,546.463,
1789747147.5559785,least_conn,/api/search,POST,250,7,7,5,4456.0,5083.6,649.0,process,546.478,
1789747147.562915,least_conn,/api/image/thumbnail,POST,400,5,6,5,4095.8,3986.3,684.4,sync,334.568,
1789747147.5683718,least_conn,/api/user/profile,POST,200,5,6,5,3785.4,3381.8,398.8,sync,239.26,
1789747147.6252835,least_conn,/api/auth/verify,POST,150,6,4,5,3640.5,3870.3,756.3,async,253.388,
1789747147.6256697,least_conn,/api/auth/verify,POST,150,6,5,5,3638.5,4506.9,755.2,async,253.431,
1789747147.6351388,least_conn,/api/search,POST,250,5,6,5,3855.2,3647.6,505.8,sync,350.332,
1789747147.6625922,least_conn,/api/feed,POST,300,5,6,5,4429.6,3809.0,586.6,sync,404.691,
1789747147.6638944,least_conn,/api/feed,POST,300,5,6,5,2224.7,4922.9,644.0,sync,254.577,
1789747147.6642375,least_conn,/api/feed,POST,300,5,6,5,3868.1,3795.5,579.8,sync,404.08,
1789747147.6905046,least_conn,/api/user/profile,POST,200,6,4,5,3800.0,3172.3,836.0,async,345.197,
1789747147.6907504,least_conn,/api/feed,POST,300,6,5,5,3798.6,3943.7,835.3,async,345.213,
1789747147.6909218,least_conn,/api/user/profile,POST,200,6,3,5,3801.9,2400.9,837.0,async,345.921,
1789747147.691402,least_conn,/api/search,POST,250,6,5,6,4502.8,3095.0,777.0,async,613.36,
1789747147.7081532,least_conn,/api/report/generate,POST,350,6,6,5,4318.1,4434.8,653.9,process,599.324,
1789747147.7169209,least_conn,/api/user/profile,POST,200,5,4,5,2790.7,2845.0,886.1,async,88.705,
1789747147.7259097,least_conn,/api/user/profile,POST,200,5,1,5,3872.7,706.2,620.5,async,31.318,
1789747147.7399595,least_conn,/api/search,POST,250,5,5,5,2789.2,3616.1,884.9,sync,111.451,
1789747147.7738574,least_conn,/api/report/generate,POST,350,5,6,5,1637.2,3991.4,1202.1,sync,209.28,
1789747147.8099022,least_conn,/api/feed,POST,300,3,5,5,3152.1,3427.1,733.7,sync,143.587,
1789747147.8105645,least_conn,/api/feed,POST,300,4,5,5,3581.4,3425.2,732.1,sync,143.875,
1789747147.8164675,least_conn,/api/feed,POST,300,2,5,5,2726.4,3435.6,740.4,sync,151.852,
1789747147.8320773,least_conn,/api/feed,POST,300,6,6,4,3876.3,3360.8,391.9,process,499.475,
1789747147.8601725,least_conn,/api/user/profile,POST,200,6,6,4,2525.4,4792.8,578.9,process,429.158,
1789747147.926655,least_conn,/api/image/thumbnail,POST,400,5,4,4,3705.6,4633.3,486.8,async,198.633,
1789747147.978253,least_conn,/api/image/thumbnail,POST,400,4,5,4,2358.3,5235.5,431.0,sync,236.271,
1789747147.9803915,least_conn,/api/user/profile,POST,200,3,5,4,1152.5,4881.7,202.2,sync,167.65,
1789747147.9833913,least_conn,/api/feed,POST,300,6,6,4,2381.0,4631.4,825.8,process,525.484,
1789747148.0117817,least_conn,/api/user/profile,POST,200,6,6,4,1881.8,4032.4,908.8,process,454.044,
1789747148.085848,least_conn,/api/feed,POST,300,5,4,4,3794.8,4197.0,558.2,async,375.667,
1789747148.086205,least_conn,/api/user/profile,POST,200,5,4,4,3752.6,4646.9,524.4,async,367.586,
1789747148.0864208,least_conn,/api/search,POST,250,5,3,5,3869.2,2732.1,617.7,async,391.124,
1789747148.0868886,least_conn,/api/report/generate,POST,350,5,2,5,3870.9,1478.1,619.1,async,391.934,
1789747148.0917625,least_conn,/api/search,POST,250,4,5,4,1391.7,4855.4,189.5,sync,273.756,
1789747148.10896,least_conn,/api/search,POST,250,5,5,3,2703.0,4775.8,157.6,process,275.02,
1789747148.1227863,least_conn,/api/user/profile,POST,200,5,1,4,3104.2,772.1,955.6,async,31.767,
1789747148.1231961,least_conn,/api/user/profile,POST,200,4,3,4,1976.7,3062.1,945.9,async,29.762,
1789747148.123623,least_conn,/api/user/profile,POST,200,5,0,4,3106.8,0.0,957.6,async,33.121,
1789747148.1463873,least_conn,/api/search,POST,250,4,4,4,1719.4,3625.3,706.3,sync,166.366,
1789747148.146821,least_conn,/api/feed,POST,300,4,5,4,1475.0,5065.9,312.7,sync,370.916,
1789747148.1471286,least_conn,/api/feed,POST,300,4,5,4,1263.1,4880.2,201.2,sync,334.088,
1789747148.1910453,least_conn,/api/search,POST,250,5,2,4,3102.9,1544.2,954.5,async,99.763,
1789747148.2337053,least_conn,/api/feed,POST,300,5,4,3,2233.8,3831.2,338.5,process,305.137,
1789747148.2622344,least_conn,/api/user/profile,POST,200,5,4,3,3635.3,3606.2,696.7,process,277.44,
1789747148.2917042,least_conn,/api/user/profile,POST,200,5,4,3,3491.8,3491.4,938.1,process,278.192,
1789747148.306695,least_conn,/api/user/profile,POST,200,4,1,4,1844.7,1489.3,1186.8,async,180.272,
1789747148.3070421,least_conn,/api/search,POST,250,4,3,4,1842.6,3785.0,1184.7,async,180.107,
1789747148.3077202,least_conn,/api/search,POST,250,4,2,4,1843.5,2261.3,1185.6,async,180.998,
1789747148.3271477,least_conn,/api/image/thumbnail,POST,400,4,4,4,3101.3,3616.3,701.8,sync,344.862,
1789747148.341271,least_conn,/api/user/profile,POST,200,4,1,2,1012.2,1524.0,817.7,async,30.202,
1789747148.41309,least_conn,/api/search,POST,250,4,0,2,1013.8,0.0,818.5,async,102.425,
1789747148.4441772,least_conn,/api/report/generate,POST,350,4,4,3,1906.2,3764.3,731.1,process,333.13,
1789747148.459929,least_conn,/api/auth/verify,POST,150,1,4,4,379.7,5220.4,1095.6,sync,310.721,
1789747148.4849384,least_conn,/api/image/thumbnail,POST,400,2,4,4,594.7,5219.2,1094.4,sync,335.427,
1789747148.5276265,least_conn,/api/search,POST,250,3,2,2,698.4,3002.3,753.7,async,184.552,
1789747148.5280252,least_conn,/api/search,POST,250,3,2,2,740.8,2260.9,782.0,async,199.091,
1789747148.5825949,least_conn,/api/feed,POST,300,3,3,3,882.3,3494.0,574.1,sync,346.757,
1789747148.595441,least_conn,/api/report/generate,POST,350,4,3,1,1078.9,3318.3,333.9,process,301.043,
1789747148.664919,least_conn,/api/auth/verify,POST,150,2,1,2,350.4,656.5,676.9,async,133.41,
1789747148.665702,least_conn,/api/user/profile,POST,200,3,2,2,532.0,2890.1,609.1,async,250.322,
1789747148.6964064,least_conn,/api/auth/verify,POST,150,1,1,2,135.5,656.8,677.7,sync,165.264,
1789747148.696817,least_conn,/api/search,POST,250,1,2,1,149.0,1162.4,330.6,sync,99.037,
1789747148.7199702,least_conn,/api/feed,POST,300,3,3,1,470.7,3570.7,365.6,process,273.923,
1789747148.8475988,least_conn,/api/feed,POST,300,1,0,0,523.9,0.0,0.0,async,125.712,
1789747148.8790746,least_conn,/api/user/profile,POST,200,1,0,0,396.0,0.0,0.0,async,29.309,
1789747148.8894303,least_conn,/api/image/thumbnail,POST,400,0,0,1,0.0,0.0,229.2,sync,190.272,
1789747148.9095297,least_conn,/api/user/profile,POST,200,1,0,0,364.8,0.0,0.0,async,28.592,
1789747148.9204867,least_conn,/api/user/profile,POST,200,0,1,0,0.0,762.3,0.0,sync,29.287,
1789747149.107933,least_conn,/api/image/thumbnail,POST,400,1,0,0,91.9,0.0,0.0,async,196.816,
1789747155.249608,least_work,/api/user/profile,POST,200,4,1,2,1186.2,772.1,934.5,process,39.251,
1789747155.2687006,least_work,/api/user/profile,POST,200,7,3,5,2144.7,2044.1,2243.3,sync,55.84,
1789747155.269069,least_work,/api/user/profile,POST,200,1,0,1,215.3,0.0,514.3,sync,59.576,
1789747155.269267,least_work,/api/user/profile,POST,200,8,3,6,2253.7,2043.1,2758.6,sync,56.066,
1789747155.2694657,least_work,/api/user/profile,POST,200,4,1,3,1185.6,771.9,1261.6,sync,58.969,
1789747155.269769,least_work,/api/user/profile,POST,200,11,4,8,3000.1,2811.6,3689.1,sync,55.385,
1789747155.303322,least_work,/api/user/profile,POST,200,12,4,7,2667.3,2663.4,3106.3,sync,51.862,
1789747155.3074882,least_work,/api/user/profile,POST,200,8,4,7,2243.1,2576.5,2954.3,sync,34.324,
1789747155.308265,least_work,/api/user/profile,POST,200,10,4,7,2774.1,2571.6,2945.7,sync,33.883,
1789747155.328159,least_work,/api/search,POST,250,3,1,1,756.7,772.5,513.8,process,118.186,
1789747155.3457139,least_work,/api/feed,POST,300,7,3,4,2146.3,2044.8,1762.1,process,133.088,
1789747155.3464775,least_work,/api/feed,POST,300,2,0,1,326.8,0.0,514.1,sync,136.808,
1789747155.3582969,least_work,/api/feed,POST,300,5,1,3,1293.0,771.1,1259.0,sync,146.926,
1789747155.3586097,least_work,/api/feed,POST,300,9,3,6,2363.4,2042.4,2757.2,sync,145.171,
1789747155.359086,least_work,/api/feed,POST,300,3,1,2,756.1,772.2,934.9,sync,148.906,
1789747155.3603456,least_work,/api/feed,POST,300,6,2,4,1721.5,1408.8,1765.6,sync,148.583,
1789747155.3605704,least_work,/api/user/profile,POST,200,8,4,6,2129.7,2349.1,2254.8,sync,30.563,
1789747155.3646047,least_work,/api/auth/verify,POST,150,10,4,8,2787.5,2812.7,3691.3,sync,150.5,
1789747155.3668668,least_work,/api/auth/verify,POST,150,0,0,1,0.0,0.0,514.5,sync,157.65,
1789747155.3841739,least_work,/api/report/generate,POST,350,0,0,0,0.0,0.0,0.0,process,177.616,
1789747155.395035,least_work,/api/user/profile,POST,200,4,4,5,903.0,2220.9,1729.6,sync,32.956,
1789747155.3991826,least_work,/api/user/profile,POST,200,5,4,6,1359.8,2205.8,2129.8,sync,33.358,
1789747155.4026723,least_work,/api/feed,POST,300,9,4,7,2348.5,2573.7,2949.3,sync,128.797,
1789747155.4167473,least_work,/api/report/generate,POST,350,8,3,5,2255.0,2043.6,2242.4,process,203.706,
1789747155.4354146,least_work,/api/search,POST,250,10,3,6,2792.0,2041.7,2755.9,process,221.758,
1789747155.4674087,least_work,/api/user/profile,POST,200,3,4,3,857.9,1920.5,924.0,sync,30.233,
1789747155.4967644,least_work,/api/feed,POST,300,5,4,5,1011.9,2218.5,1726.7,sync,134.115,
1789747155.4972126,least_work,/api/feed,POST,300,3,4,5,475.6,2224.3,1733.8,sync,135.983,
1789747155.5026684,least_work,/api/auth/verify,POST,150,6,1,3,1723.0,770.9,1258.6,async,291.154,
1789747155.5029635,least_work,/api/auth/verify,POST,150,7,2,4,2151.1,1408.5,1764.9,async,291.035,
1789747155.5046442,least_work,/api/report/generate,POST,350,10,4,7,2788.9,2813.3,3175.2,process,290.678,
1789747155.512328,least_work,/api/auth/verify,POST,150,5,4,6,1400.4,2196.1,2115.1,sync,144.066,
1789747155.517099,least_work,/api/search,POST,250,6,4,5,1438.9,2216.0,1723.5,process,153.82,
1789747155.5214498,least_work,/api/auth/verify,POST,150,6,2,3,1722.3,1409.1,1258.2,process,309.819,
1789747155.5290053,least_work,/api/user/profile,POST,200,3,0,1,757.1,0.0,513.9,async,319.183,
1789747155.5301218,least_work,/api/user/profile,POST,200,10,3,7,2790.4,2041.2,3176.3,async,316.306,
1789747155.5377972,least_work,/api/user/profile,POST,200,2,2,2,188.8,955.8,491.3,sync,31.292,
1789747155.538214,least_work,/api/user/profile,POST,200,1,2,2,77.8,956.6,492.1,sync,32.091,
1789747155.6314638,least_work,/api/search,POST,250,2,0,1,175.5,0.0,475.0,process,101.097,
1789747155.6476014,least_work,/api/feed,POST,300,2,2,0,190.1,922.7,0.0,process,124.502,
1789747155.7210445,least_work,/api/user/profile,POST,200,0,0,1,0.0,0.0,421.2,sync,48.204,
1789747155.7218812,least_work,/api/user/profile,POST,200,11,2,5,2257.7,2426.1,2347.7,sync,45.062,
1789747155.724844,least_work,/api/user/profile,POST,200,6,1,3,1076.7,1253.7,1319.8,sync,49.69,
1789747155.7261167,least_work,/api/user/profile,POST,200,9,1,4,1725.4,1253.0,1834.7,sync,50.252,
1789747155.732002,least_work,/api/user/profile,POST,200,14,2,6,2581.5,2424.3,2825.1,sync,54.295,
1789747155.7385883,least_work,/api/user/profile,POST,200,3,0,2,541.3,0.0,902.5,sync,64.933,
1789747155.7435532,least_work,/api/user/profile,POST,200,7,1,3,1187.2,1253.5,1319.2,sync,68.189,
1789747155.7452674,least_work,/api/user/profile,POST,200,12,2,5,2367.0,2425.7,2346.7,sync,68.242,
1789747155.7494895,least_work,/api/user/profile,POST,200,13,2,6,2473.2,2424.8,2826.5,sync,72.027,
1789747155.7595694,least_work,/api/user/profile,POST,200,13,2,7,1872.8,2331.6,3018.0,sync,35.486,
1789747155.7660625,least_work,/api/user/profile,POST,200,13,2,8,2238.8,2323.8,3507.2,sync,38.105,
1789747155.7827063,least_work,/api/user/profile,POST,200,11,3,9,3642.0,3517.8,3734.6,sync,31.042,
1789747155.7955835,least_work,/api/search,POST,250,0,0,0,0.0,0.0,0.0,process,123.111,
1789747155.8066866,least_work,/api/feed,POST,300,3,0,1,541.8,0.0,420.5,process,133.192,
1789747155.8132129,least_work,/api/search,POST,250,4,1,2,651.9,1254.9,901.8,process,139.248,
1789747155.8736103,least_work,/api/search,POST,250,12,3,8,2076.3,3550.1,3403.7,sync,132.711,
1789747155.8748674,least_work,/api/auth/verify,POST,150,2,0,1,326.7,0.0,420.7,sync,201.546,
1789747155.875926,least_work,/api/feed,POST,300,10,1,4,1835.1,1252.7,1833.9,sync,199.851,
1789747155.877256,least_work,/api/feed,POST,300,14,2,7,1979.9,2330.9,3015.6,sync,152.844,
1789747155.879227,least_work,/api/feed,POST,300,8,1,3,1297.4,1253.3,1318.6,sync,203.68,
1789747155.880149,least_work,/api/feed,POST,300,11,3,8,3318.4,3535.2,3364.0,sync,134.286,
1789747155.8842742,least_work,/api/report/generate,POST,350,11,1,4,2262.2,1252.4,1832.5,process,207.865,
1789747155.8873417,least_work,/api/report/generate,POST,350,4,0,2,652.5,0.0,902.1,async,213.528,
1789747155.8898752,least_work,/api/feed,POST,300,11,1,5,2259.9,1252.2,2348.7,async,213.259,
1789747155.8904812,least_work,/api/auth/verify,POST,150,4,1,3,650.9,1254.6,1322.6,sync,216.254,
1789747155.898233,least_work,/api/auth/verify,POST,150,5,1,3,865.2,1254.3,1321.8,sync,223.756,
1789747155.8985987,least_work,/api/auth/verify,POST,150,1,0,1,111.5,0.0,420.9,sync,225.475,
1789747155.9067466,least_work,/api/user/profile,POST,200,12,3,8,3309.6,3326.9,3274.0,sync,91.446,
1789747155.9088445,least_work,/api/user/profile,POST,200,11,3,9,3558.2,3417.0,3432.3,sync,123.585,
1789747155.9128788,least_work,/api/user/profile,POST,200,10,3,8,2226.8,3139.4,2773.9,sync,35.08,
1789747155.9169817,least_work,/api/user/profile,POST,200,9,3,9,1783.4,3130.1,3169.4,sync,36.076,
1789747155.9202158,least_work,/api/user/profile,POST,200,10,1,10,3185.5,1102.3,3518.8,async,29.5,
1789747155.9308288,least_work,/api/feed,POST,300,13,2,5,2476.3,2425.3,2345.7,process,253.607,
1789747155.9704292,least_work,/api/report/generate,POST,350,9,1,3,1726.8,1253.1,1318.1,process,294.719,
1789747156.0099366,least_work,/api/report/generate,POST,350,15,2,6,2690.1,2423.9,2823.8,process,331.961,
1789747156.0192332,least_work,/api/search,POST,250,10,3,8,1126.8,3143.1,2783.7,sync,142.652,
1789747156.0203526,least_work,/api/auth/verify,POST,150,11,3,9,3556.6,3487.0,3642.2,sync,258.412,
1789747156.0210295,least_work,/api/user/profile,POST,200,8,3,12,3335.7,3074.3,4245.5,sync,110.866,
1789747156.0223677,least_work,/api/auth/verify,POST,150,11,3,9,3626.0,3468.3,3586.2,sync,254.212,
1789747156.0236754,least_work,/api/user/profile,POST,200,8,3,12,3237.6,3079.5,4266.0,sync,115.26,
1789747156.0457568,least_work,/api/search,POST,250,12,3,8,3734.0,3531.4,3353.9,process,298.625,
1789747156.058711,least_work,/api/report/generate,POST,350,13,2,7,2249.5,2325.5,2996.6,process,331.569,
1789747156.0859292,least_work,/api/search,POST,250,10,3,8,1854.2,3117.8,2823.9,sync,200.931,
1789747156.086577,least_work,/api/user/profile,POST,200,11,3,8,3238.6,3116.0,2819.1,process,200.992,
1789747156.087877,least_work,/api/auth/verify,POST,150,8,3,12,3333.5,3061.4,4193.7,sync,173.435,
1789747156.0881872,least_work,/api/feed,POST,300,8,3,12,3440.2,3049.9,4147.7,sync,169.913,
1789747156.0899556,least_work,/api/auth/verify,POST,150,10,3,10,3160.7,3123.2,3487.7,sync,196.103,
1789747156.1040063,least_work,/api/auth/verify,POST,150,9,2,12,3837.3,2297.3,4102.7,async,181.971,
1789747156.1225147,least_work,/api/user/profile,POST,200,7,4,10,1879.5,3185.5,2795.8,sync,100.71,
1789747156.1493087,least_work,/api/report/generate,POST,350,12,3,8,3511.1,3377.3,3017.6,process,350.803,
1789747156.159087,least_work,/api/search,POST,250,10,3,8,2092.2,3134.0,2759.6,process,279.496,
1789747156.179698,least_work,/api/user/profile,POST,200,9,4,10,3089.2,3224.2,2892.4,sync,167.553,
1789747156.181081,least_work,/api/user/profile,POST,200,10,4,9,2617.9,3082.0,2415.8,sync,133.364,
1789747156.186357,least_work,/api/report/generate,POST,350,12,3,8,3384.3,3345.6,3093.0,process,377.284,
1789747156.1968307,least_work,/api/search,POST,250,11,2,9,3216.4,2068.7,3128.5,process,309.229,
1789747156.1997585,least_work,/api/user/profile,POST,200,7,4,10,2400.0,3171.6,2761.0,sync,174.481,
1789747156.2007723,least_work,/api/user/profile,POST,200,9,4,10,2714.3,3165.3,2745.1,sync,173.905,
1789747156.2171571,least_work,/api/user/profile,POST,200,8,4,8,791.4,2918.8,2258.1,sync,128.662,
1789747156.2195714,least_work,/api/user/profile,POST,200,9,4,8,1281.3,2904.5,2229.5,sync,127.498,
1789747156.2477796,least_work,/api/user/profile,POST,200,12,3,8,1998.7,2257.0,2068.3,sync,95.979,
1789747156.254782,least_work,/api/user/profile,POST,200,13,3,7,2022.9,2230.3,1856.8,sync,94.116,
1789747156.2609322,least_work,/api/auth/verify,POST,150,8,4,10,2502.2,3166.8,2748.9,sync,234.444,
1789747156.2627804,least_work,/api/search,POST,250,9,3,11,3312.5,3100.6,3928.9,process,361.393,
1789747156.2656975,least_work,/api/auth/verify,POST,150,9,3,11,3743.1,2904.4,3750.1,async,333.204,
1789747156.2700791,least_work,/api/user/profile,POST,200,12,3,8,1858.5,2147.5,2417.5,sync,81.792,
1789747156.3011174,least_work,/api/user/profile,POST,200,12,3,7,2245.4,2105.5,2198.7,sync,98.837,
1789747156.3059862,least_work,/api/search,POST,250,9,4,10,3379.8,3381.3,3085.9,process,333.116,
1789747156.3403237,least_work,/api/user/profile,POST,200,11,3,9,2224.5,1962.2,2692.5,sync,90.302,
1789747156.342823,least_work,/api/report/generate,POST,350,9,3,10,3316.2,3101.9,3416.7,process,441.89,
1789747156.3666844,least_work,/api/user/profile,POST,200,10,3,10,2555.8,2273.1,3066.6,sync,63.984,
1789747156.3726304,least_work,/api/report/generate,POST,350,11,4,8,2582.1,3028.3,2111.8,process,311.5,
1789747156.3877716,least_work,/api/feed,POST,300,6,4,10,1977.8,3176.5,2773.3,sync,363.71,
1789747156.4137585,least_work,/api/auth/verify,POST,150,12,3,8,2272.9,2339.3,1971.4,process,289.414,
1789747156.424999,least_work,/api/user/profile,POST,200,10,4,9,2212.0,3281.6,2884.0,sync,50.264,
1789747156.429316,least_work,/api/feed,POST,300,12,3,7,1923.6,2167.0,1709.0,process,247.531,
1789747156.4432201,least_work,/api/search,POST,250,12,3,8,1912.0,2163.5,2182.1,process,260.279,
1789747156.4960418,least_work,/api/feed,POST,300,13,3,7,2350.2,2103.7,2194.6,process,293.187,
1789747156.5002246,least_work,/api/report/generate,POST,350,10,2,10,3164.3,1869.6,3492.3,async,606.849,
1789747156.5004463,least_work,/api/report/generate,POST,350,13,2,8,2159.0,2303.8,3427.1,async,762.471,
1789747156.5175116,least_work,/api/search,POST,250,12,3,8,2574.5,2048.3,2529.2,process,296.184,
1789747156.5299664,least_work,/api/user/profile,POST,200,12,2,9,2990.9,1607.0,2995.7,async,262.793,
1789747156.535434,least_work,/api/user/profile,POST,200,13,2,8,2291.5,1626.6,2391.6,async,29.125,
1789747156.547106,least_work,/api/search,POST,250,11,3,9,2907.0,2365.7,2953.9,process,275.282,
1789747156.579233,least_work,/api/feed,POST,300,12,3,8,2172.1,2055.4,2548.1,sync,360.264,
1789747156.5795488,least_work,/api/feed,POST,300,11,4,8,1811.5,2899.7,2219.9,sync,486.286,
1789747156.5808003,least_work,/api/feed,POST,300,12,3,8,2092.2,2395.0,2119.8,sync,475.022,
1789747156.5906682,least_work,/api/report/generate,POST,350,11,3,8,2605.6,1922.5,2513.5,process,327.391,
1789747156.592131,least_work,/api/feed,POST,300,9,4,8,899.4,2917.1,2254.7,sync,503.218,
1789747156.595113,least_work,/api/feed,POST,300,11,3,9,2592.3,1918.8,3019.8,sync,330.617,
1789747156.5959742,least_work,/api/feed,POST,300,11,3,9,2614.1,2258.5,2931.1,sync,288.409,
1789747156.5980635,least_work,/api/feed,POST,300,10,4,8,1385.6,2901.5,2223.5,sync,505.245,
1789747156.6005435,least_work,/api/feed,POST,300,11,3,9,2245.9,1941.8,2631.3,sync,343.725,
1789747156.6034462,least_work,/api/feed,POST,300,13,3,7,1858.4,2116.9,2225.4,sync,404.979,
1789747156.6126666,least_work,/api/search,POST,250,11,3,9,2611.4,2155.1,2620.8,process,270.626,
1789747156.6329403,least_work,/api/search,POST,250,10,4,9,2270.6,3305.1,2724.7,process,264.062,
1789747156.6504455,least_work,/api/image/thumbnail,POST,400,10,4,9,2095.2,3222.2,2750.4,sync,260.859,
1789747156.6575427,least_work,/api/search,POST,250,11,4,8,2277.6,3075.0,2213.3,process,231.161,
1789747156.7210603,least_work,/api/search,POST,250,13,2,7,2334.9,1633.2,1996.7,process,218.084,
1789747156.7314193,least_work,/api/auth/verify,POST,150,14,1,8,2159.0,1062.6,2541.8,async,194.598,
1789747156.8257287,least_work,/api/report/generate,POST,350,13,3,7,2114.4,2358.3,2159.5,process,305.772,
1789747156.8351285,least_work,/api/search,POST,250,12,3,7,2528.2,2344.6,2261.7,process,239.836,
1789747156.839828,least_work,/api/report/generate,POST,350,14,2,7,2049.8,1676.7,2300.3,process,290.867,
1789747156.867998,least_work,/api/report/generate,POST,350,11,3,9,2585.7,2148.0,2945.2,async,523.618,
1789747156.8688774,least_work,/api/auth/verify,POST,150,13,2,8,1986.9,1813.4,2576.8,sync,336.428,
1789747156.8699338,least_work,/api/auth/verify,POST,150,10,4,9,2780.1,3446.1,3301.8,sync,234.306,
1789747156.8711312,least_work,/api/auth/verify,POST,150,12,3,7,2436.3,2351.0,2276.8,sync,277.991,
1789747156.8719742,least_work,/api/feed,POST,300,11,4,8,2232.0,3058.4,2363.9,sync,441.447,
1789747156.8916876,least_work,/api/image/thumbnail,POST,400,12,4,7,2492.9,3001.8,2090.9,process,446.97,
1789747156.8945599,least_work,/api/user/profile,POST,200,13,2,8,2536.0,1608.3,2543.8,async,311.399,
1789747156.897666,least_work,/api/image/thumbnail,POST,400,12,4,7,1856.3,2789.6,2033.3,sync,399.92,
1789747156.9347782,least_work,/api/user/profile,POST,200,11,4,8,2358.1,3119.1,2301.3,sync,519.395,
1789747156.943998,least_work,/api/search,POST,250,10,3,9,2677.8,2328.1,3120.1,process,343.242,
1789747156.9476223,least_work,/api/search,POST,250,9,4,10,2611.1,3566.4,3493.9,process,342.09,
1789747156.9504397,least_work,/api/feed,POST,300,11,3,8,2781.2,2333.1,2652.7,process,351.338,
1789747157.0000138,least_work,/api/search,POST,250,12,4,7,2312.6,3095.0,2186.2,process,276.612,
1789747157.032337,least_work,/api/report/generate,POST,350,10,3,10,2656.7,2321.1,3518.2,async,429.231,
1789747157.0328004,least_work,/api/feed,POST,300,15,1,7,2272.1,962.1,1941.1,async,136.777,
1789747157.0513365,least_work,/api/search,POST,250,14,3,6,1633.4,2287.3,1542.2,process,209.325,
1789747157.0669005,least_work,/api/user/profile,POST,200,16,0,6,1341.7,0.0,1874.3,async,31.48,
1789747157.0676854,least_work,/api/feed,POST,300,14,3,6,1681.6,2301.7,1317.7,process,230.475,
1789747157.0734987,least_work,/api/feed,POST,300,12,2,7,1903.1,1469.4,1752.1,process,201.271,
1789747157.1043172,least_work,/api/search,POST,250,14,2,7,1706.3,2054.5,1654.5,process,167.346,
1789747157.153261,least_work,/api/feed,POST,300,11,2,8,1680.1,1609.5,2548.7,sync,570.701,
1789747157.155864,least_work,/api/auth/verify,POST,150,15,2,6,2071.1,2025.1,2098.3,sync,204.209,
1789747157.1566477,least_work,/api/search,POST,250,14,2,7,1598.8,2037.1,1929.7,process,210.959,
1789747157.1735952,least_work,/api/search,POST,250,16,2,5,1635.0,1924.5,1653.3,process,171.582,
1789747157.1806865,least_work,/api/search,POST,250,17,1,5,1648.3,1220.0,1641.4,process,109.871,
1789747157.1832867,least_work,/api/image/thumbnail,POST,400,14,2,7,1559.5,2030.5,2246.9,sync,234.322,
1789747157.2013476,least_work,/api/report/generate,POST,350,16,1,6,1338.8,772.2,1871.8,async,165.516,
1789747157.209961,least_work,/api/search,POST,250,17,1,4,1652.5,1220.6,1222.9,process,139.736,
1789747157.2110515,least_work,/api/user/profile,POST,200,10,4,9,2546.9,3380.2,3153.5,sync,558.951,
1789747157.2833264,least_work,/api/search,POST,250,16,1,5,1441.9,1132.4,1910.9,process,124.871,
1789747157.3178403,least_work,/api/report/generate,POST,350,18,1,4,1819.3,1185.1,1351.6,process,212.043,
1789747157.3187313,least_work,/api/search,POST,250,17,2,4,1403.1,2356.2,1636.7,process,136.075,
1789747157.3385994,least_work,/api/report/generate,POST,350,17,1,5,1472.3,1135.5,1621.0,process,183.224,
1789747157.34798,least_work,/api/user/profile,POST,200,12,2,7,1377.0,1472.9,1764.3,sync,477.492,
1789747157.3505397,least_work,/api/user/profile,POST,200,20,1,2,1191.5,1110.5,773.2,process,30.387,
1789747157.3695283,least_work,/api/report/generate,POST,350,17,1,5,1445.3,1115.2,1981.6,async,193.899,
1789747157.3932245,least_work,/api/user/profile,POST,200,13,3,7,1661.2,2329.1,1561.3,sync,565.167,
1789747157.3949413,least_work,/api/user/profile,POST,200,12,2,8,1895.7,1468.0,2228.5,sync,521.971,
1789747157.409536,least_work,/api/image/thumbnail,POST,400,16,2,5,1225.6,1992.7,1557.7,sync,356.418,
1789747157.4315372,least_work,/api/search,POST,250,20,1,1,1196.6,1111.2,353.2,process,112.101,
1789747157.4637644,least_work,/api/user/profile,POST,200,19,2,2,1298.3,1312.5,788.5,process,30.268,
1789747157.4660132,least_work,/api/feed,POST,300,20,1,2,1084.0,1090.5,708.3,process,125.857,
1789747157.4757097,least_work,/api/feed,POST,300,19,1,2,1031.3,1080.0,862.0,process,125.021,
1789747157.4958503,least_work,/api/user/profile,POST,200,19,2,2,1095.2,1244.8,785.1,process,28.51,
1789747157.5074952,least_work,/api/user/profile,POST,200,19,2,2,1033.3,1224.2,726.4,process,29.841,
1789747157.514553,least_work,/api/auth/verify,POST,150,20,0,3,1338.2,0.0,1281.5,async,142.879,
1789747157.5413773,least_work,/api/user/profile,POST,200,19,1,3,1616.9,613.3,1206.1,async,144.597,
1789747157.5455866,least_work,/api/user/profile,POST,200,20,1,2,1251.9,653.4,834.5,process,29.563,
1789747157.564249,least_work,/api/search,POST,250,19,2,2,1107.5,1248.9,724.9,process,98.951,
1789747157.565011,least_work,/api/auth/verify,POST,150,19,1,3,1247.1,1145.2,1043.4,sync,279.53,
1789747157.5669894,least_work,/api/auth/verify,POST,150,17,1,5,1082.1,1227.6,1956.2,sync,363.935,
1789747157.5705068,least_work,/api/user/profile,POST,200,20,0,3,1136.3,0.0,1080.8,async,27.404,
1789747157.5935671,least_work,/api/image/thumbnail,POST,400,18,1,4,1342.5,1218.1,1629.7,sync,381.065,
1789747157.5975928,least_work,/api/user/profile,POST,200,13,2,8,1996.9,1466.0,2220.8,sync,723.662,
1789747157.6018183,least_work,/api/user/profile,POST,200,18,2,3,1325.7,1356.5,1162.0,sync,190.338,
1789747157.6162071,least_work,/api/user/profile,POST,200,14,2,7,2087.8,2130.4,1920.1,sync,717.186,
1789747157.622487,least_work,/api/feed,POST,300,19,2,2,914.8,1184.7,697.2,process,125.077,
1789747157.636567,least_work,/api/user/profile,POST,200,16,2,5,1077.3,2351.0,2045.4,sync,451.342,
1789747157.6546173,least_work,/api/search,POST,250,20,1,2,1120.0,768.5,772.2,process,107.442,
1789747157.6585495,least_work,/api/user/profile,POST,200,17,1,4,1238.5,1219.1,1633.7,sync,447.016,
1789747157.6611187,least_work,/api/user/profile,POST,200,16,1,6,1438.4,1131.8,2329.0,sync,502.087,
1789747157.6817162,least_work,/api/user/profile,POST,200,18,1,3,1035.0,747.3,1231.0,sync,113.277,
1789747157.684529,least_work,/api/search,POST,250,19,1,2,1043.3,749.4,815.7,process,118.167,
1789747157.7091365,least_work,/api/search,POST,250,18,0,3,850.2,0.0,1151.5,async,114.21,
1789747157.7150693,least_work,/api/user/profile,POST,200,16,1,4,817.8,1516.3,1640.4,sync,112.063,
1789747157.7692668,least_work,/api/search,POST,250,16,1,4,819.5,1494.3,1707.5,process,144.239,
1789747157.7761595,least_work,/api/report/generate,POST,350,17,1,3,834.1,1520.4,1139.5,process,177.232,
1789747157.780983,least_work,/api/user/profile,POST,200,15,1,5,753.8,1481.2,2063.2,sync,142.792,
1789747157.7951322,least_work,/api/report/generate,POST,350,16,1,4,856.3,1501.7,1581.8,process,177.467,
1789747157.8191483,least_work,/api/user/profile,POST,200,14,2,5,1806.6,1740.5,1911.8,sync,41.408,
1789747157.8212056,least_work,/api/user/profile,POST,200,14,2,5,1888.8,1730.6,1887.1,sync,38.517,
1789747157.847234,least_work,/api/report/generate,POST,350,16,1,4,754.6,1462.7,1658.7,process,190.54,
1789747157.8654444,least_work,/api/auth/verify,POST,150,14,1,6,2146.0,1224.4,2471.0,async,148.892,
1789747157.8821862,least_work,/api/search,POST,250,15,1,5,2183.7,1230.1,2083.3,process,171.26,
1789747157.8928084,least_work,/api/feed,POST,300,15,1,5,2371.6,1435.3,2039.0,process,208.726,
1789747157.9013133,least_work,/api/search,POST,250,14,2,5,1838.5,1753.2,1866.9,process,129.94,
1789747157.9017658,least_work,/api/feed,POST,300,19,1,3,1022.2,1078.1,1338.9,sync,549.251,
1789747157.9026413,least_work,/api/search,POST,250,15,1,5,731.5,1458.8,2156.7,sync,242.098,
1789747157.9045582,least_work,/api/feed,POST,300,11,4,8,2585.1,3350.7,2898.8,sync,1245.102,
1789747157.9059598,least_work,/api/feed,POST,300,10,3,8,2354.2,2334.3,2655.7,sync,1307.239,
1789747157.906551,least_work,/api/feed,POST,300,12,2,7,1480.8,1471.1,1758.0,sync,1035.173,
1789747157.9071631,least_work,/api/feed,POST,300,9,4,10,2539.3,3530.5,3667.7,sync,1292.663,
1789747157.9091167,least_work,/api/feed,POST,300,12,2,8,2108.2,1608.9,2546.3,sync,1326.25,
1789747157.9094808,least_work,/api/feed,POST,300,14,2,7,1871.9,1426.6,1957.6,sync,1015.812,
1789747157.9098141,least_work,/api/user/profile,POST,200,14,2,5,2049.4,1650.3,1855.9,sync,86.98,
1789747157.9101775,least_work,/api/feed,POST,300,18,1,3,1195.5,614.7,1210.1,sync,514.747,
1789747157.9111907,least_work,/api/feed,POST,300,12,3,8,2199.9,2612.4,2525.7,sync,1177.541,
1789747157.9115694,least_work,/api/feed,POST,300,17,1,5,1616.7,1215.5,1756.7,sync,836.234,
1789747157.917629,least_work,/api/feed,POST,300,19,2,2,855.2,1161.1,848.1,sync,408.431,
1789747157.9190242,least_work,/api/feed,POST,300,15,1,5,2102.3,1455.9,2142.3,sync,255.614,
1789747157.9210994,least_work,/api/user/profile,POST,200,15,1,4,1848.2,1056.2,1413.8,process,36.341,
1789747157.9424512,least_work,/api/user/profile,POST,200,9,1,4,590.8,1033.6,1597.3,sync,35.021,
1789747157.9468963,least_work,/api/feed,POST,300,14,2,5,1702.4,1654.3,1866.1,sync,126.083,
1789747157.9492245,least_work,/api/user/profile,POST,200,6,3,7,2536.3,2465.3,2815.0,sync,32.842,
1789747157.9509773,least_work,/api/user/profile,POST,200,6,3,6,2635.0,2450.1,2488.8,sync,29.537,
1789747157.9756749,least_work,/api/user/profile,POST,200,6,3,7,2512.8,2382.0,2849.0,sync,31.538,
1789747157.979629,least_work,/api/report/generate,POST,350,15,1,5,2358.3,1433.4,2208.0,async,293.645,
1789747157.9855275,least_work,/api/user/profile,POST,200,5,3,7,2328.3,2360.4,2798.7,sync,34.2,
1789747157.9868643,least_work,/api/user/profile,POST,200,6,3,7,2431.5,2356.1,2788.7,sync,34.098,
1789747157.9976635,least_work,/api/search,POST,250,15,1,4,1934.7,1073.5,1326.4,process,130.19,
1789747158.0032089,least_work,/api/auth/verify,POST,150,15,2,4,1916.5,1702.8,1479.3,process,206.622,
1789747158.0371885,least_work,/api/search,POST,250,6,1,4,663.7,1030.6,1585.7,process,126.842,
1789747158.0489423,least_work,/api/feed,POST,300,5,3,6,2111.7,2468.4,2400.6,sync,133.594,
1789747158.083253,least_work,/api/report/generate,POST,350,13,1,3,604.1,1036.9,1093.5,process,179.148,
1789747158.110661,least_work,/api/search,POST,250,5,1,5,2127.5,1028.8,1998.1,process,198.488,
1789747158.1129904,least_work,/api/search,POST,250,6,3,6,2541.0,2467.6,2399.1,process,197.403,
1789747158.2065759,least_work,/api/report/generate,POST,350,7,3,6,2733.7,2444.5,2477.6,process,283.26,
1789747158.2101665,least_work,/api/search,POST,250,6,3,7,2290.0,2281.1,2613.5,process,232.38,
1789747158.234434,least_work,/api/user/profile,POST,200,5,4,4,1906.1,2099.9,1431.8,process,120.693,
1789747158.2362225,least_work,/api/feed,POST,300,5,4,6,2217.0,2348.7,2135.8,process,184.676,
1789747158.2539186,least_work,/api/auth/verify,POST,150,5,4,6,2539.6,2534.3,2233.0,process,248.775,
1789747158.2666562,least_work,/api/image/thumbnail,POST,400,5,2,6,2114.5,1798.0,2403.9,async,351.866,
1789747158.2696264,least_work,/api/auth/verify,POST,150,6,3,7,2289.2,2368.0,2816.4,sync,320.829,
1789747158.2712524,least_work,/api/auth/verify,POST,150,5,3,7,2431.2,2456.0,2793.4,sync,351.779,
1789747158.2721412,least_work,/api/report/generate,POST,350,4,1,5,658.3,1029.3,2000.5,sync,360.451,
1789747158.272514,least_work,/api/auth/verify,POST,150,5,4,6,2365.6,2395.1,2205.3,sync,232.561,
1789747158.2975297,least_work,/api/image/thumbnail,POST,400,4,4,8,2070.1,2595.9,2939.5,sync,307.799,
1789747158.3009768,least_work,/api/user/profile,POST,200,5,4,4,1460.3,1601.7,1509.7,sync,62.687,
1789747158.302412,least_work,/api/user/profile,POST,200,5,3,4,1564.3,1153.9,1602.2,sync,31.023,
1789747158.3038447,least_work,/api/user/profile,POST,200,6,3,4,1464.8,1163.1,1614.5,sync,35.526,
1789747158.30592,least_work,/api/user/profile,POST,200,5,3,4,661.7,1143.7,1588.7,sync,31.139,
1789747158.3068745,least_work,/api/user/profile,POST,200,6,3,4,771.8,1142.8,1587.5,sync,31.809,
1789747158.3079846,least_work,/api/user/profile,POST,200,4,3,4,553.8,1146.0,1591.8,sync,33.981,
1789747158.3332179,least_work,/api/feed,POST,300,5,4,5,1899.3,2094.5,1752.6,process,218.135,
1789747158.3338897,least_work,/api/search,POST,250,5,4,4,1538.9,1706.4,1237.1,process,121.78,
1789747158.3391862,least_work,/api/user/profile,POST,200,2,4,5,1677.7,2294.7,1965.9,sync,30.805,
1789747158.3605485,least_work,/api/feed,POST,300,5,4,3,1465.9,1609.1,1034.8,process,124.113,
1789747158.3653088,least_work,/api/user/profile,POST,200,3,4,4,1708.3,2186.4,1761.7,sync,29.843,
1789747158.3803785,least_work,/api/feed,POST,300,6,4,3,1502.6,1532.0,1182.6,process,124.652,
1789747158.4681628,least_work,/api/auth/verify,POST,150,2,4,5,1541.9,2297.9,1969.9,sync,160.571,
1789747158.468645,least_work,/api/report/generate,POST,350,6,3,4,474.8,1069.1,1489.2,sync,168.99,
1789747158.4844174,least_work,/api/auth/verify,POST,150,3,4,4,1720.0,2165.9,1741.3,sync,143.843,
1789747158.4863908,least_work,/api/feed,POST,300,4,4,3,1849.8,2080.1,1298.7,process,124.356,
1789747158.4918187,least_work,/api/feed,POST,300,3,4,4,1750.4,2061.2,1762.2,sync,125.071,
1789747158.4977674,least_work,/api/report/generate,POST,350,5,3,4,1796.6,1059.6,1476.5,process,194.938,
1789747158.5013092,least_work,/api/report/generate,POST,350,3,4,5,1786.0,2290.1,1960.2,process,191.774,
1789747158.5179484,least_work,/api/user/profile,POST,200,2,4,2,726.3,1581.5,673.5,sync,31.273,
1789747158.5186796,least_work,/api/user/profile,POST,200,3,4,2,833.5,1575.3,670.3,sync,30.453,
1789747158.5294175,least_work,/api/user/profile,POST,200,3,4,1,601.4,1529.3,327.0,process,29.677,
1789747158.5970733,least_work,/api/feed,POST,300,2,4,3,411.2,1643.1,1077.3,sync,125.78,
1789747158.5995922,least_work,/api/search,POST,250,3,4,1,587.8,1511.1,323.0,process,95.325,
1789747158.6039896,least_work,/api/image/thumbnail,POST,400,4,3,8,2072.4,1926.3,2944.2,async,614.842,
1789747158.6044934,least_work,/api/auth/verify,POST,150,6,2,8,2265.6,1309.7,3002.5,async,622.64,
1789747158.628798,least_work,/api/user/profile,POST,200,1,4,1,352.0,1132.7,326.9,sync,29.924,
1789747158.6305804,least_work,/api/user/profile,POST,200,5,1,6,2118.4,1027.0,2408.6,async,716.583,
1789747158.6339252,least_work,/api/user/profile,POST,200,2,2,0,449.9,1035.2,0.0,process,28.12,
1789747158.6443822,least_work,/api/feed,POST,300,1,4,2,382.1,1448.1,713.0,sync,124.352,
1789747158.746156,least_work,/api/report/generate,POST,350,4,3,5,1709.9,1052.5,1982.0,async,440.985,
1789747158.8207324,least_work,/api/user/profile,POST,200,8,1,6,2256.5,1252.3,2543.4,async,33.949,
1789747158.8246982,least_work,/api/user/profile,POST,200,10,2,8,2788.5,2022.4,3377.3,async,36.673,
1789747158.8278992,least_work,/api/user/profile,POST,200,2,0,1,541.7,0.0,420.5,sync,44.582,
1789747158.8288205,least_work,/api/user/profile,POST,200,8,2,8,2250.3,2023.4,3381.0,sync,41.258,
1789747158.833091,least_work,/api/user/profile,POST,200,1,0,1,430.5,0.0,420.8,sync,50.1,
1789747158.8391774,least_work,/api/user/profile,POST,200,5,1,5,1504.9,1253.3,2127.5,sync,53.371,
1789747158.841378,least_work,/api/user/profile,POST,200,10,3,9,2784.3,2793.8,3890.9,sync,52.929,
1789747158.8926113,least_work,/api/search,POST,250,0,0,0,0.0,0.0,0.0,process,110.323,
1789747158.9145813,least_work,/api/user/profile,POST,200,9,3,11,3857.0,3867.4,4375.9,sync,73.923,
1789747158.9209278,least_work,/api/user/profile,POST,200,3,0,1,652.7,0.0,420.2,process,137.359,
1789747158.921775,least_work,/api/search,POST,250,11,3,9,2892.8,2792.9,3888.2,sync,133.028,
1789747158.941407,least_work,/api/feed,POST,300,3,0,2,652.0,0.0,747.2,sync,157.59,
1789747158.948631,least_work,/api/report/generate,POST,350,4,0,2,1081.8,0.0,746.7,async,164.555,
1789747158.9694333,least_work,/api/auth/verify,POST,150,6,1,6,1613.6,1252.8,2546.2,sync,183.109,
1789747159.0065622,least_work,/api/search,POST,250,12,2,9,3881.9,1955.2,3586.8,async,184.316,
1789747159.0071037,least_work,/api/feed,POST,300,10,2,10,3661.5,2727.2,3941.6,async,177.822,
1789747159.0190237,least_work,/api/search,POST,250,5,1,4,1506.3,1253.6,1707.5,process,233.504,
1789747159.0490952,least_work,/api/user/profile,POST,200,12,1,10,2125.3,1243.4,2503.8,async,28.355,
1789747159.0934513,least_work,/api/feed,POST,300,4,1,3,1078.0,1254.1,1226.9,sync,308.432,
1789747159.104259,least_work,/api/feed,POST,300,7,1,6,1827.5,1252.5,2544.8,sync,317.701,
1789747159.1054943,least_work,/api/user/profile,POST,200,9,3,11,3716.7,3640.3,3604.2,sync,189.14,
1789747159.1057332,least_work,/api/feed,POST,300,9,2,8,2360.0,2022.9,3379.1,sync,317.935,
1789747159.1066914,least_work,/api/feed,POST,300,0,0,1,0.0,0.0,421.1,sync,323.978,
1789747159.110416,least_work,/api/feed,POST,300,10,3,10,3652.9,3898.9,3933.1,sync,280.281,
1789747159.1259212,least_work,/api/search,POST,250,8,2,7,2252.4,2023.9,2961.5,process,338.613,
1789747159.1365805,least_work,/api/image/thumbnail,POST,400,9,3,11,3423.9,3705.7,3843.8,sync,242.012,
1789747159.136922,least_work,/api/user/profile,POST,200,9,3,11,2148.2,3561.2,3548.3,sync,194.207,
1789747159.1405628,least_work,/api/user/profile,POST,200,10,2,11,2140.0,2408.1,3236.1,sync,169.459,
1789747159.144982,least_work,/api/user/profile,POST,200,9,3,10,2503.4,3619.7,3340.8,sync,221.768,
1789747159.1468334,least_work,/api/user/profile,POST,200,9,2,10,1720.4,2352.7,1626.7,sync,38.392,
1789747159.1538744,least_work,/api/user/profile,POST,200,10,2,10,1828.2,2351.6,1621.0,sync,44.861,
1789747159.1664927,least_work,/api/report/generate,POST,350,11,0,11,1833.6,0.0,2817.9,async,157.376,
1789747159.1694577,least_work,/api/user/profile,POST,200,9,2,12,1679.9,2291.8,2381.2,sync,30.522,
1789747159.1717093,least_work,/api/user/profile,POST,200,9,2,12,1768.0,2285.8,2345.6,sync,29.806,
1789747159.2225797,least_work,/api/search,POST,250,6,1,5,1615.2,1253.0,2126.3,process,436.525,
1789747159.2339041,least_work,/api/auth/verify,POST,150,10,2,11,2186.1,2450.0,3467.0,sync,283.783,
1789747159.2501712,least_work,/api/feed,POST,300,10,2,11,1769.8,2346.4,1920.0,sync,138.545,
1789747159.2535696,least_work,/api/feed,POST,300,9,2,10,1411.9,2357.7,1651.2,sync,147.58,
1789747159.2543085,least_work,/api/feed,POST,300,11,2,10,1290.1,2378.9,1757.6,sync,158.948,
1789747159.2570148,least_work,/api/feed,POST,300,11,1,11,1830.3,1254.7,2814.5,sync,247.596,
1789747159.2690434,least_work,/api/report/generate,POST,350,12,1,10,1806.1,1213.6,2206.3,async,218.558,
1789747159.3001256,least_work,/api/feed,POST,300,6,3,14,2799.9,3052.4,2771.4,sync,127.056,
1789747159.3003428,least_work,/api/report/generate,POST,350,8,2,13,1752.4,2273.6,2787.4,sync,152.316,
1789747159.3276188,least_work,/api/user/profile,POST,200,4,2,17,2294.5,1724.9,3142.8,sync,56.967,
1789747159.333791,least_work,/api/user/profile,POST,200,3,2,17,628.2,1660.9,2759.2,sync,31.177,
1789747159.334205,least_work,/api/user/profile,POST,200,4,2,17,738.2,1660.0,2753.9,sync,31.153,
1789747159.360985,least_work,/api/user/profile,POST,200,4,2,17,665.6,1607.5,2462.5,sync,31.652,
1789747159.3656394,least_work,/api/user/profile,POST,200,3,2,17,585.8,1593.6,2385.8,sync,29.337,
1789747159.380155,least_work,/api/report/generate,POST,350,10,3,8,2786.4,2794.4,3375.5,process,591.912,
1789747159.4395492,least_work,/api/user/profile,POST,200,3,2,18,1779.9,1532.0,2581.6,sync,72.456,
1789747159.440716,least_work,/api/auth/verify,POST,150,5,3,15,2469.0,2817.0,2563.4,sync,189.162,
1789747159.441132,least_work,/api/search,POST,250,4,2,17,696.3,1592.9,2382.1,sync,104.494,
1789747159.4412966,least_work,/api/feed,POST,300,4,3,16,2108.6,2804.9,2931.9,sync,185.717,
1789747159.472351,least_work,/api/image/thumbnail,POST,400,8,1,14,2994.5,1137.6,2843.9,async,304.454,
1789747159.4726996,least_work,/api/user/profile,POST,200,1,2,17,155.9,1383.3,1821.2,sync,31.252,
1789747159.5036547,least_work,/api/feed,POST,300,4,1,2,1079.0,1254.3,745.3,process,718.886,
1789747159.548841,least_work,/api/search,POST,250,2,2,17,266.5,1382.0,1815.4,sync,106.749,
1789747159.5726063,least_work,/api/auth/verify,POST,150,4,2,17,1832.9,1502.6,2420.1,sync,190.826,
1789747159.581361,least_work,/api/user/profile,POST,200,3,2,18,354.8,1439.0,1657.4,sync,30.042,
1789747159.6291955,least_work,/api/feed,POST,300,5,1,3,1507.4,1253.8,1226.1,process,843.9,
1789747159.629964,least_work,/api/auth/verify,POST,150,2,2,19,1480.9,1592.1,2429.0,sync,155.23,
1789747159.684641,least_work,/api/image/thumbnail,POST,400,3,2,17,1653.6,1379.4,1804.0,async,241.282,
1789747159.7313936,least_work,/api/search,POST,250,8,2,6,2254.7,2024.5,2542.1,process,944.382,
1789747159.7884562,least_work,/api/auth/verify,POST,150,3,2,18,1604.6,1530.8,2114.6,sync,283.059,
1789747159.788807,least_work,/api/feed,POST,300,3,2,18,351.2,1392.8,1463.7,sync,214.375,
1789747159.7987437,least_work,/api/auth/verify,POST,150,4,2,17,1071.8,1278.3,1005.9,sync,167.081,
1789747159.816609,least_work,/api/image/thumbnail,POST,400,3,2,18,667.9,1375.8,1396.0,sync,233.707,
1789747159.8173141,least_work,/api/user/profile,POST,200,3,2,17,963.2,1279.9,1012.2,sync,186.441,
1789747159.8181415,least_work,/api/user/profile,POST,200,5,1,17,792.2,693.1,1007.8,sync,84.999,
1789747159.8210385,least_work,/api/user/profile,POST,200,5,1,17,878.9,635.2,776.1,sync,29.976,
1789747159.831721,least_work,/api/search,POST,250,12,2,9,3837.4,2733.9,3553.5,process,1005.772,
1789747159.8376946,least_work,/api/report/generate,POST,350,7,2,14,2891.6,1803.0,2797.2,async,666.465,
1789747159.853399,least_work,/api/user/profile,POST,200,4,1,18,1025.5,606.6,1124.8,sync,33.79,
1789747159.8536794,least_work,/api/user/profile,POST,200,3,1,18,916.9,607.4,1128.9,sync,34.882,
1789747159.8863337,least_work,/api/user/profile,POST,200,2,1,19,758.9,1232.7,1832.6,sync,30.574,
1789747159.9428937,least_work,/api/feed,POST,300,4,1,17,450.1,635.7,778.2,sync,152.332,
1789747159.9956126,least_work,/api/report/generate,POST,350,4,1,18,998.6,592.8,1561.5,async,162.141,
1789747160.0359137,least_work,/api/image/thumbnail,POST,400,10,3,10,3977.8,3886.6,3891.8,process,1201.653,
1789747160.0712645,least_work,/api/auth/verify,POST,150,3,1,19,869.9,1232.5,1830.7,sync,215.234,
1789747160.0715551,least_work,/api/feed,POST,300,2,1,18,487.7,608.0,1131.6,sync,253.302,
1789747160.0982847,least_work,/api/user/profile,POST,200,3,1,19,921.3,1143.7,1323.5,sync,153.517,
1789747160.1008267,least_work,/api/image/thumbnail,POST,400,3,1,19,877.3,1200.2,1613.7,sync,212.574,
1789747160.1034565,least_work,/api/user/profile,POST,200,2,1,19,361.7,1179.3,1179.4,sync,30.306,
1789747160.1339948,least_work,/api/search,POST,250,9,3,11,3885.9,3859.6,4347.4,process,1290.761,
1789747160.1344268,least_work,/api/user/profile,POST,200,1,1,21,1386.1,1147.8,1831.5,sync,29.793,
1789747160.1489098,least_work,/api/report/generate,POST,350,4,0,19,822.3,0.0,1096.4,async,151.444,
1789747160.1786318,least_work,/api/user/profile,POST,200,3,0,20,1536.1,0.0,1511.4,async,28.264,
1789747160.1963427,least_work,/api/user/profile,POST,200,2,1,20,1465.6,1115.9,1607.8,sync,59.738,
1789747160.1968062,least_work,/api/search,POST,250,2,1,20,420.3,1152.7,1441.6,sync,97.024,
1789747160.2238817,least_work,/api/user/profile,POST,200,1,1,20,1354.5,1116.2,1610.3,sync,87.632,
1789747160.2294555,least_work,/api/user/profile,POST,200,1,1,20,49.6,620.0,1174.6,sync,30.963,
1789747160.2303283,least_work,/api/user/profile,POST,200,2,1,20,160.8,619.7,1172.3,sync,31.525,
1789747160.231102,least_work,/api/search,POST,250,10,3,10,2609.7,3618.1,3335.3,process,1307.344,
1789747160.2592645,least_work,/api/user/profile,POST,200,11,2,10,1938.1,2351.1,1618.6,process,1150.013,
1789747160.2618964,least_work,/api/user/profile,POST,200,1,2,20,1470.3,1357.2,1376.2,sync,28.872,
1789747160.3081458,least_work,/api/auth/verify,POST,150,3,0,20,1446.9,0.0,1303.3,async,128.035,
1789747160.334869,least_work,/api/user/profile,POST,200,1,1,20,1471.1,586.4,1382.3,async,102.709,
1789747160.352245,least_work,/api/search,POST,250,11,2,10,2071.4,2314.1,1661.3,process,1224.458,
1789747160.3810544,least_work,/api/report/generate,POST,350,0,1,20,0.0,586.9,1385.7,sync,149.384,
1789747160.386717,least_work,/api/feed,POST,300,1,2,20,1440.2,1297.0,1492.8,sync,123.588,
1789747160.4118726,least_work,/api/user/profile,POST,200,1,2,20,311.5,1738.1,1210.2,sync,29.42,
1789747160.4165325,least_work,/api/user/profile,POST,200,1,2,20,106.3,1727.2,1177.4,sync,28.61,
1789747160.4460804,least_work,/api/search,POST,250,9,2,11,1682.8,2292.6,1964.5,process,1307.545,
1789747160.4766269,least_work,/api/user/profile,POST,200,1,2,20,185.7,1607.4,1205.0,sync,28.797,
1789747160.4783077,least_work,/api/auth/verify,POST,150,2,1,20,1689.5,1156.9,1381.9,async,124.451,
1789747160.479156,least_work,/api/feed,POST,300,2,0,21,1724.4,0.0,1489.4,async,142.735,
1789747160.509735,least_work,/api/user/profile,POST,200,1,0,21,153.0,0.0,1417.4,sync,29.245,
1789747160.5405242,least_work,/api/user/profile,POST,200,2,0,21,522.8,0.0,1218.3,sync,29.298,
1789747160.5433233,least_work,/api/auth/verify,POST,150,0,2,21,0.0,1667.2,1414.4,sync,125.41,
1789747160.5713022,least_work,/api/user/profile,POST,200,2,0,21,461.3,0.0,1052.2,sync,29.345,
1789747160.5911093,least_work,/api/report/generate,POST,350,9,2,12,1841.5,2277.3,2294.5,process,1444.949,
1789747160.6070921,least_work,/api/feed,POST,300,2,0,21,264.1,0.0,1414.6,sync,126.208,
1789747160.619315,least_work,/api/user/profile,POST,200,8,2,13,3094.8,2259.5,2695.6,process,1464.228,
1789747160.6681585,least_work,/api/feed,POST,300,2,0,21,476.4,0.0,1039.3,sync,123.621,
1789747160.718245,least_work,/api/feed,POST,300,2,1,20,701.4,1235.0,802.8,sync,125.42,
1789747160.7202356,least_work,/api/search,POST,250,7,3,13,2924.1,2899.1,2088.1,process,1496.047,
1789747160.7251456,least_work,/api/report/generate,POST,350,2,0,21,741.4,0.0,897.8,async,152.309,
1789747160.7322934,least_work,/api/feed,POST,300,2,1,20,782.1,1219.4,740.4,sync,123.864,
1789747160.7509239,least_work,/api/user/profile,POST,200,2,1,19,483.3,1107.1,747.0,sync,30.165,
1789747160.751764,least_work,/api/user/profile,POST,200,3,1,19,589.1,1105.1,738.9,sync,29.005,
1789747160.7552104,least_work,/api/user/profile,POST,200,4,0,19,685.1,0.0,723.1,async,28.482,
1789747160.7840474,least_work,/api/user/profile,POST,200,3,0,20,749.2,0.0,1022.9,async,27.719,
1789747160.8038466,least_work,/api/auth/verify,POST,150,2,1,20,723.0,1157.9,950.1,sync,133.885,
1789747160.8138125,least_work,/api/user/profile,POST,200,3,0,20,661.2,0.0,876.2,async,28.125,
1789747160.8185525,least_work,/api/search,POST,250,6,3,14,2856.0,2865.1,2362.1,process,1583.023,
1789747160.8369796,least_work,/api/user/profile,POST,200,2,1,20,520.8,752.4,788.8,sync,31.043,
1789747160.8634346,least_work,/api/auth/verify,POST,150,3,1,19,350.7,765.3,694.0,sync,129.438,
1789747160.8668458,least_work,/api/user/profile,POST,200,3,0,20,863.6,0.0,1065.5,async,28.459,
1789747160.8771718,least_work,/api/feed,POST,300,2,1,19,330.7,747.1,621.1,sync,124.953,
1789747160.9068022,least_work,/api/user/profile,POST,200,2,0,21,788.2,0.0,1313.4,async,28.357,
1789747160.9097786,least_work,/api/search,POST,250,4,3,15,2111.2,2806.8,2519.3,process,1654.834,
1789747160.9365919,least_work,/api/user/profile,POST,200,2,0,21,728.2,0.0,1171.9,async,28.134,
1789747160.9401498,least_work,/api/feed,POST,300,3,0,20,604.5,0.0,751.3,sync,124.846,
1789747160.9945755,least_work,/api/feed,POST,300,2,0,21,692.8,0.0,1364.9,sync,126.422,
1789747161.0084624,least_work,/api/search,POST,250,4,3,16,2343.4,2796.4,2892.1,process,1750.04,
1789747161.03899,least_work,/api/auth/verify,POST,150,2,1,20,722.7,769.9,1160.9,sync,127.794,
1789747161.0413764,least_work,/api/search,POST,250,2,0,21,542.6,0.0,1457.2,async,99.772,
1789747161.041887,least_work,/api/user/profile,POST,200,2,1,20,326.8,1455.5,1112.6,sync,31.367,
1789747161.0715783,least_work,/api/user/profile,POST,200,2,1,20,261.4,1425.1,960.4,sync,30.606,
1789747161.074294,least_work,/api/user/profile,POST,200,2,0,21,285.5,0.0,1365.7,sync,30.162,
1789747161.1347883,least_work,/api/auth/verify,POST,150,1,1,21,121.4,1460.7,1138.4,sync,129.417,
1789747161.1544065,least_work,/api/report/generate,POST,350,4,2,17,1879.2,1541.1,2114.6,process,1791.885,
1789747161.187084,least_work,/api/user/profile,POST,200,2,1,20,697.8,652.1,746.4,sync,30.862,
1789747161.199018,least_work,/api/feed,POST,300,2,0,21,230.4,0.0,1190.9,sync,125.731,
1789747161.1992784,least_work,/api/feed,POST,300,2,0,21,574.5,0.0,1178.7,sync,123.975,
1789747161.3127267,least_work,/api/report/generate,POST,350,3,3,17,1652.0,2049.9,1799.3,process,1868.852,
1789747161.3284519,least_work,/api/feed,POST,300,0,1,21,0.0,606.8,1088.9,sync,126.977,
1789747161.3433535,least_work,/api/auth/verify,POST,150,1,1,21,430.3,606.4,1086.6,sync,141.405,
1789747161.3440957,least_work,/api/image/thumbnail,POST,400,2,0,21,737.6,0.0,846.0,async,207.796,
1789747161.4113317,least_work,/api/search,POST,250,2,2,18,1481.8,1593.0,2012.1,process,1937.002,
1789747161.4434052,least_work,/api/user/profile,POST,200,2,0,20,265.2,0.0,817.0,sync,30.273,
1789747161.4517953,least_work,/api/auth/verify,POST,150,2,1,20,420.3,493.5,624.0,sync,137.016,
1789747161.4748971,least_work,/api/user/profile,POST,200,2,0,20,201.4,0.0,721.3,sync,29.864,
1789747161.4794464,least_work,/api/auth/verify,POST,150,1,0,21,184.9,0.0,1034.1,sync,133.968,
1789747161.5097122,least_work,/api/user/profile,POST,200,1,0,21,211.6,0.0,1023.6,sync,29.035,
1789747161.5593421,least_work,/api/report/generate,POST,350,5,1,17,1013.2,739.7,677.1,process,1872.819,
1789747161.5999143,least_work,/api/auth/verify,POST,150,1,0,21,84.4,0.0,1035.6,sync,123.214,
1789747161.631626,least_work,/api/user/profile,POST,200,0,1,20,0.0,1214.3,661.4,sync,30.231,
1789747161.6824095,least_work,/api/feed,POST,300,5,1,17,898.1,626.1,739.8,process,1882.261,
1789747161.7032251,least_work,/api/report/generate,POST,350,1,0,20,131.6,0.0,783.6,async,142.541,
1789747161.8103945,least_work,/api/auth/verify,POST,150,0,1,20,0.0,1131.5,783.7,sync,126.23,
1789747161.8265567,least_work,/api/report/generate,POST,350,4,1,18,1043.8,604.1,1112.0,process,2004.391,
1789747161.859638,least_work,/api/user/profile,POST,200,0,0,21,0.0,0.0,996.8,sync,31.614,
1789747161.892845,least_work,/api/user/profile,POST,200,0,0,21,0.0,0.0,841.7,sync,30.922,
1789747161.9179585,least_work,/api/search,POST,250,4,1,18,975.8,1249.3,1527.3,process,2078.794,
1789747161.9231157,least_work,/api/user/profile,POST,200,0,0,21,0.0,0.0,731.3,sync,28.653,
1789747162.0196354,least_work,/api/search,POST,250,4,1,18,662.6,1215.1,936.6,process,1982.227,
1789747162.0512319,least_work,/api/user/profile,POST,200,0,1,20,0.0,1158.0,669.4,sync,29.658,
1789747162.0674374,least_work,/api/report/generate,POST,350,0,0,21,0.0,0.0,1057.3,async,142.843,
1789747162.0990155,least_work,/api/user/profile,POST,200,1,0,20,414.6,0.0,493.2,sync,29.744,
1789747162.1143045,least_work,/api/search,POST,250,3,1,19,472.6,1178.9,1177.1,process,2040.696,
1789747162.1460013,least_work,/api/user/profile,POST,200,1,0,20,368.2,0.0,760.6,sync,30.335,
1789747162.1778138,least_work,/api/feed,POST,300,0,1,20,0.0,1126.6,543.7,sync,124.811,
1789747162.2070935,least_work,/api/search,POST,250,2,1,20,1471.3,1150.3,1427.3,process,2104.923,
1789747162.2748263,least_work,/api/feed,POST,300,1,0,20,335.4,0.0,651.7,sync,126.344,
1789747162.3059163,least_work,/api/user/profile,POST,200,0,0,21,0.0,0.0,989.8,sync,29.549,
1789747162.3064668,least_work,/api/search,POST,250,2,1,20,169.6,592.9,1006.3,process,2080.797,
1789747162.3349662,least_work,/api/user/profile,POST,200,2,2,19,1527.3,1302.5,1184.5,process,2074.555,
1789747162.4516556,least_work,/api/report/generate,POST,350,0,0,20,0.0,0.0,864.2,async,143.896,
1789747162.4578404,least_work,/api/feed,POST,300,2,1,20,1777.7,695.0,1193.6,process,2148.073,
1789747162.5031168,least_work,/api/feed,POST,300,0,1,20,0.0,1254.6,862.7,sync,194.968,
1789747162.5264924,least_work,/api/image/thumbnail,POST,400,1,1,19,402.1,1225.9,747.8,sync,189.624,
1789747162.5333087,least_work,/api/user/profile,POST,200,2,0,19,764.0,0.0,515.9,async,28.524,
1789747162.549334,least_work,/api/search,POST,250,1,2,20,86.4,1676.3,1024.8,process,2135.983,
1789747162.556646,least_work,/api/user/profile,POST,200,1,1,19,362.0,749.4,428.7,sync,28.606,
1789747162.5634155,least_work,/api/user/profile,POST,200,2,0,19,460.5,0.0,408.7,sync,28.696,
1789747162.5810554,least_work,/api/user/profile,POST,200,3,0,18,524.3,0.0,360.7,sync,30.333,
1789747162.6135826,least_work,/api/user/profile,POST,200,1,0,20,307.3,0.0,1064.3,sync,30.771,
1789747162.6256423,least_work,/api/feed,POST,300,2,0,19,703.9,0.0,698.0,sync,166.375,
1789747162.6409814,least_work,/api/search,POST,250,1,1,20,155.1,1032.3,1010.2,process,2162.541,
1789747162.6554663,least_work,/api/user/profile,POST,200,0,0,21,0.0,0.0,1277.3,sync,28.324,
1789747162.749426,least_work,/api/search,POST,250,1,0,20,1376.7,0.0,1156.2,async,92.768,
1789747162.750638,least_work,/api/search,POST,250,1,0,20,96.6,0.0,1213.2,sync,108.246,
1789747162.7641597,least_work,/api/feed,POST,300,3,1,19,1176.0,1207.1,691.1,process,2143.408,
1789747162.7811778,least_work,/api/user/profile,POST,200,0,0,21,0.0,0.0,1195.5,sync,29.176,
1789747162.8664238,least_work,/api/search,POST,250,3,1,19,759.0,746.3,617.6,process,2113.337,
1789747162.8703413,least_work,/api/search,POST,250,1,0,20,98.4,0.0,1128.3,sync,104.915,
1789747162.9650927,least_work,/api/search,POST,250,4,0,19,1016.7,0.0,732.7,process,2145.146,
1789747162.9830496,least_work,/api/image/thumbnail,POST,400,1,0,20,1373.8,0.0,1044.5,async,200.509,
1789747163.0039136,least_work,/api/auth/verify,POST,150,0,1,20,0.0,582.4,1010.0,sync,131.797,
1789747163.0140457,least_work,/api/user/profile,POST,200,2,0,19,301.5,0.0,452.6,sync,29.408,
1789747163.0357227,least_work,/api/user/profile,POST,200,2,0,19,268.7,0.0,388.9,sync,30.325,
1789747163.0596807,least_work,/api/search,POST,250,2,1,20,699.1,746.0,959.0,process,2194.648,
1789747163.0979772,least_work,/api/auth/verify,POST,150,1,1,19,120.3,487.1,533.3,sync,130.501,
1789747163.1400783,least_work,/api/feed,POST,300,2,0,19,269.3,0.0,358.6,sync,124.569,
1789747163.155135,least_work,/api/search,POST,250,3,0,20,857.9,0.0,1053.7,process,2217.14,
1789747163.2272549,least_work,/api/image/thumbnail,POST,400,2,0,19,555.1,0.0,294.3,async,190.089,
1789747163.2296374,least_work,/api/feed,POST,300,1,1,19,346.6,609.5,458.5,sync,129.936,
1789747163.248362,least_work,/api/search,POST,250,2,0,20,286.1,0.0,945.9,process,2204.501,
1789747163.2818155,least_work,/api/feed,POST,300,1,1,19,373.8,552.4,789.6,sync,125.072,
1789747163.3987596,least_work,/api/report/generate,POST,350,1,0,20,337.4,0.0,1351.0,async,148.597,
1789747163.4080305,least_work,/api/feed,POST,300,0,1,20,0.0,1221.7,1217.9,sync,124.6,
1789747163.43161,least_work,/api/user/profile,POST,200,1,0,20,313.4,0.0,760.1,sync,30.747,
1789747163.4386013,least_work,/api/image/thumbnail,POST,400,2,1,20,632.1,619.2,596.6,process,2249.514,
1789747163.4396038,least_work,/api/user/profile,POST,200,1,0,20,103.1,0.0,733.9,sync,30.005,
1789747163.4711509,least_work,/api/user/profile,POST,200,0,0,20,0.0,0.0,1056.8,sync,31.039,
1789747163.5841668,least_work,/api/report/generate,POST,350,2,1,20,287.2,477.9,577.2,process,2253.789,
1789747163.5954332,least_work,/api/auth/verify,POST,150,0,0,21,0.0,0.0,1315.0,sync,122.508,
1789747163.6744728,least_work,/api/search,POST,250,2,0,20,211.7,0.0,697.1,process,2221.37,
1789747163.722801,least_work,/api/feed,POST,300,0,0,21,0.0,0.0,1105.5,sync,125.874,
1789747163.7551603,least_work,/api/user/profile,POST,200,1,0,20,381.9,0.0,549.7,sync,30.225,
1789747163.7761889,least_work,/api/search,POST,250,0,1,20,0.0,1182.5,566.0,process,2142.986,
1789747163.8007853,least_work,/api/feed,POST,300,1,0,20,351.8,0.0,696.5,sync,124.794,
1789747163.8323252,least_work,/api/user/profile,POST,200,1,0,20,405.8,0.0,691.2,sync,29.441,
1789747163.8636703,least_work,/api/user/profile,POST,200,1,0,20,374.8,0.0,567.1,sync,29.767,
1789747163.8706872,least_work,/api/search,POST,250,1,0,20,195.2,0.0,701.8,process,2166.068,
1789747163.9044719,least_work,/api/feed,POST,300,1,0,20,329.0,0.0,791.3,sync,126.623,
1789747163.9652503,least_work,/api/search,POST,250,0,0,21,0.0,0.0,653.6,process,2152.888,
1789747163.99725,least_work,/api/feed,POST,300,1,0,20,336.2,0.0,855.7,sync,124.809,
1789747164.0003598,least_work,/api/user/profile,POST,200,1,1,19,335.5,1195.4,569.8,sync,32.626,
1789747164.056162,least_work,/api/report/generate,POST,350,1,0,20,395.1,0.0,748.6,async,148.025,
1789747164.0616612,least_work,/api/search,POST,250,1,0,20,86.8,0.0,656.3,process,2142.2,
1789747164.08766,least_work,/api/user/profile,POST,200,0,0,21,0.0,0.0,1175.9,sync,29.982,
1789747164.1546,least_work,/api/search,POST,250,1,0,20,383.1,0.0,398.9,process,2053.888,
1789747164.1571672,least_work,/api/search,POST,250,1,0,20,106.4,0.0,1154.2,sync,94.054,
1789747164.2131348,least_work,/api/feed,POST,300,1,0,20,1364.7,0.0,1049.3,async,123.814,
1789747164.2439897,least_work,/api/user/profile,POST,200,1,0,20,1334.6,0.0,1032.2,async,28.838,
1789747164.2520907,least_work,/api/search,POST,250,1,0,20,399.0,0.0,556.2,process,2071.783,
1789747164.2551808,least_work,/api/search,POST,250,0,1,20,0.0,1104.8,1277.0,sync,96.377,
1789747164.2822437,least_work,/api/user/profile,POST,200,1,0,19,1296.0,0.0,877.7,async,28.48,
1789747164.3468509,least_work,/api/search,POST,250,1,0,20,370.6,0.0,864.0,process,2138.134,
1789747164.3750196,least_work,/api/user/profile,POST,200,2,0,19,715.9,0.0,394.5,process,1921.754,
1789747164.3797722,least_work,/api/auth/verify,POST,150,0,1,19,0.0,769.8,866.6,sync,123.239,
1789747164.4086676,least_work,/api/feed,POST,300,1,0,19,188.6,0.0,758.5,sync,125.094,
1789747164.4100304,least_work,/api/user/profile,POST,200,2,0,18,731.9,0.0,974.9,async,28.93,
1789747164.4419067,least_work,/api/user/profile,POST,200,1,0,18,368.7,0.0,855.4,sync,30.91,
1789747164.4663754,least_work,/api/search,POST,250,3,0,18,525.4,0.0,339.1,process,1908.459,
1789747164.4732275,least_work,/api/feed,POST,300,2,0,18,488.7,0.0,558.8,sync,124.319,
1789747164.5040677,least_work,/api/user/profile,POST,200,0,1,19,0.0,1224.1,1524.1,sync,29.604,
1789747164.5560176,least_work,/api/search,POST,250,2,0,19,423.5,0.0,734.1,process,1991.481,
1789747164.5868073,least_work,/api/report/generate,POST,350,1,0,19,336.2,0.0,1137.3,async,143.257,
1789747164.6356158,least_work,/api/feed,POST,300,0,1,19,0.0,1193.2,1369.5,sync,130.224,
1789747164.653752,least_work,/api/search,POST,250,1,0,20,275.1,0.0,916.4,process,2038.719,
1789747164.670322,least_work,/api/user/profile,POST,200,0,1,19,0.0,1474.8,1261.2,sync,32.163,
1789747164.6865726,least_work,/api/search,POST,250,1,0,19,347.7,0.0,1509.4,async,98.078,
1789747164.744417,least_work,/api/search,POST,250,0,0,20,0.0,0.0,778.2,process,1993.267,
1789747164.772086,least_work,/api/user/profile,POST,200,1,1,19,1287.9,586.2,701.1,process,1903.677,
1789747164.7779164,least_work,/api/search,POST,250,1,0,19,399.0,0.0,1536.3,async,89.864,
1789747164.781104,least_work,/api/feed,POST,300,1,1,18,93.7,1456.7,1170.7,sync,124.85,
1789747164.7999423,least_work,/api/user/profile,POST,200,2,1,18,506.5,647.7,245.7,process,1738.483,
1789747164.870487,least_work,/api/feed,POST,300,1,1,18,341.1,1466.5,1246.6,sync,124.474,
1789747164.899126,least_work,/api/feed,POST,300,2,1,17,716.2,1438.6,1107.3,sync,125.262,
1789747164.9018252,least_work,/api/user/profile,POST,200,1,2,16,332.6,1147.5,654.7,sync,29.768,
1789747164.9040463,least_work,/api/auth/verify,POST,150,3,0,17,1130.2,0.0,1079.4,async,124.601,
1789747164.9314964,least_work,/api/user/profile,POST,200,1,2,16,82.7,1089.2,545.5,sync,30.304,
1789747164.936748,least_work,/api/user/profile,POST,200,2,1,16,534.9,567.2,529.4,sync,30.17,
1789747164.9583871,least_work,/api/report/generate,POST,350,1,1,19,388.7,567.4,332.2,process,1816.595,
1789747165.0292637,least_work,/api/feed,POST,300,1,1,16,108.8,569.6,536.5,sync,125.059,
1789747165.0578,least_work,/api/search,POST,250,2,0,19,659.9,0.0,589.8,process,1828.69,
1789747165.0603704,least_work,/api/feed,POST,300,2,1,16,487.1,540.6,449.7,sync,127.228,
1789747165.1187894,least_work,/api/image/thumbnail,POST,400,2,1,16,778.0,616.1,967.9,async,317.039,
1789747165.14987,least_work,/api/search,POST,250,1,0,20,356.0,0.0,1004.1,process,1918.354,
1789747165.1813982,least_work,/api/user/profile,POST,200,2,0,15,680.5,0.0,659.6,async,29.883,
1789747165.187985,least_work,/api/feed,POST,300,1,1,15,304.0,413.8,561.5,sync,128.033,
1789747165.1891031,least_work,/api/feed,POST,300,1,1,15,428.9,411.9,555.6,sync,127.205,
1789747165.2186005,least_work,/api/user/profile,POST,200,2,0,15,614.6,0.0,560.9,sync,34.163,
1789747165.2236888,least_work,/api/user/profile,POST,200,1,0,16,103.5,0.0,960.4,sync,30.89,
1789747165.2466712,least_work,/api/search,POST,250,1,0,20,88.3,0.0,663.5,process,1813.6,
1789747165.2769308,least_work,/api/user/profile,POST,200,2,0,15,595.1,0.0,793.9,sync,28.617,
1789747165.3072872,least_work,/api/user/profile,POST,200,2,0,15,535.2,0.0,704.1,sync,29.028,
1789747165.3414426,least_work,/api/search,POST,250,1,0,20,111.0,0.0,1053.7,process,1900.568,
1789747165.3443115,least_work,/api/auth/verify,POST,150,1,0,16,84.2,0.0,877.7,sync,123.925,
1789747165.3490565,least_work,/api/feed,POST,300,1,0,16,211.1,0.0,864.1,sync,124.131,
1789747165.3736289,least_work,/api/user/profile,POST,200,2,0,15,405.4,0.0,896.5,sync,30.472,
1789747165.379062,least_work,/api/user/profile,POST,200,2,0,15,530.7,0.0,867.7,sync,28.712,
1789747165.4318066,least_work,/api/search,POST,250,1,0,20,102.6,0.0,749.9,process,1845.848,
1789747165.463508,least_work,/api/user/profile,POST,200,1,0,15,343.0,0.0,904.2,sync,30.031,
1789747165.4698617,least_work,/api/feed,POST,300,2,0,15,419.5,0.0,886.6,sync,124.251,
1789747165.5010245,least_work,/api/user/profile,POST,200,1,0,15,424.6,0.0,737.5,sync,29.489,
1789747165.523477,least_work,/api/search,POST,250,1,0,20,350.1,0.0,454.2,process,1766.736,
1789747165.555679,least_work,/api/user/profile,POST,200,2,0,14,563.3,0.0,570.2,sync,30.227,
1789747165.5903952,least_work,/api/feed,POST,300,1,0,15,311.1,0.0,762.5,sync,125.111,
1789747165.6207159,least_work,/api/search,POST,250,1,0,20,342.9,0.0,454.3,process,1754.992,
1789747165.6269267,least_work,/api/auth/verify,POST,150,1,0,15,393.6,0.0,639.0,sync,124.409,
1789747165.7156303,least_work,/api/auth/verify,POST,150,1,0,15,126.1,0.0,757.3,sync,123.641,
1789747165.7174773,least_work,/api/search,POST,250,1,1,19,79.5,1163.1,472.9,process,1717.468,
1789747165.84399,least_work,/api/feed,POST,300,0,0,15,0.0,0.0,1201.2,sync,124.969,
1789747165.8612084,least_work,/api/report/generate,POST,350,0,1,20,0.0,1160.8,884.9,process,1858.822,
1789747165.878735,least_work,/api/user/profile,POST,200,0,0,15,0.0,0.0,723.8,sync,32.151,
1789747165.9770286,least_work,/api/auth/verify,POST,150,1,1,19,1297.6,1107.2,780.7,process,1820.545,
1789747166.1241841,least_work,/api/report/generate,POST,350,3,0,17,836.5,0.0,475.7,process,1747.594,
1789747166.1250052,least_work,/api/report/generate,POST,350,0,0,14,0.0,0.0,745.8,async,146.175,
1789747166.1576626,least_work,/api/user/profile,POST,200,0,0,13,0.0,0.0,379.5,sync,31.153,
1789747166.2177453,least_work,/api/search,POST,250,2,0,18,478.2,0.0,850.6,process,1805.558,
1789747166.28485,least_work,/api/auth/verify,POST,150,0,0,13,0.0,0.0,312.2,sync,124.718,
1789747166.3646233,least_work,/api/report/generate,POST,350,1,1,18,312.0,1230.9,1040.7,process,1896.917,
1789747166.396386,least_work,/api/user/profile,POST,200,0,1,11,0.0,525.3,31.1,sync,30.04,
1789747166.4063685,least_work,/api/image/thumbnail,POST,400,1,0,12,156.1,0.0,193.3,async,186.771,
1789747166.5067778,least_work,/api/report/generate,POST,350,1,1,18,378.3,1140.7,1145.3,process,1948.894,
1789747166.5229068,least_work,/api/feed,POST,300,0,1,11,0.0,493.4,0.0,sync,124.722,
1789747166.5490706,least_work,/api/user/profile,POST,200,1,0,11,320.2,0.0,381.3,sync,40.242,
1789747166.6538377,least_work,/api/report/generate,POST,350,1,1,18,415.2,1441.0,1100.0,process,1981.962,
1789747166.7205741,least_work,/api/image/thumbnail,POST,400,1,0,11,96.2,0.0,365.7,sync,196.155,
1789747166.805288,least_work,/api/report/generate,POST,350,2,1,15,779.1,513.8,369.3,process,1845.356,
1789747166.8346748,least_work,/api/user/profile,POST,200,2,0,15,742.6,0.0,425.4,process,1714.236,
1789747166.8496206,least_work,/api/image/thumbnail,POST,400,1,0,11,415.1,0.0,550.6,async,193.691,
1789747166.8799832,least_work,/api/user/profile,POST,200,1,0,10,388.4,0.0,453.1,sync,28.833,
1789747166.9270985,least_work,/api/search,POST,250,1,0,15,104.0,0.0,540.6,process,1734.867,
1789747166.9341972,least_work,/api/feed,POST,300,0,1,11,0.0,519.2,580.3,sync,125.444,
1789747167.020683,least_work,/api/search,POST,250,2,0,15,474.3,0.0,612.7,process,1711.957,
1789747167.0552802,least_work,/api/feed,POST,300,1,0,10,310.8,0.0,633.2,sync,126.517,
1789747167.1189368,least_work,/api/search,POST,250,1,0,15,395.4,0.0,745.0,process,1737.912,
1789747167.1503906,least_work,/api/user/profile,POST,200,0,1,10,0.0,1156.5,895.9,sync,29.409,
1789747167.162672,least_work,/api/report/generate,POST,350,1,0,10,337.1,0.0,832.6,async,140.235,
1789747167.1947238,least_work,/api/user/profile,POST,200,0,0,10,0.0,0.0,742.1,sync,30.18,
1789747167.2107832,least_work,/api/search,POST,250,2,0,14,499.8,0.0,474.8,process,1653.543,
1789747167.3079722,least_work,/api/search,POST,250,1,0,14,179.3,0.0,626.7,process,1679.697,
1789747167.4350488,least_work,/api/feed,POST,300,0,0,8,0.0,0.0,312.6,sync,124.977,
1789747167.4576344,least_work,/api/report/generate,POST,350,0,0,14,0.0,0.0,690.0,process,1739.809,
1789747167.5856059,least_work,/api/feed,POST,300,0,0,7,0.0,0.0,20.3,sync,126.015,
1789747167.610372,least_work,/api/report/generate,POST,350,0,0,14,0.0,0.0,622.9,process,1730.156,
1789747167.6425285,least_work,/api/user/profile,POST,200,0,0,6,0.0,0.0,0.0,sync,30.258,
1789747167.739288,least_work,/api/feed,POST,300,1,0,11,421.2,0.0,0.0,process,1331.499,
1789747167.7796025,least_work,/api/user/profile,POST,200,0,0,6,0.0,0.0,418.8,sync,36.414,
1789747167.8346605,least_work,/api/search,POST,250,1,0,11,520.2,0.0,339.3,process,1283.828,
1789747167.9112244,least_work,/api/feed,POST,300,0,0,6,0.0,0.0,378.5,sync,127.731,
1789747167.930494,least_work,/api/search,POST,250,0,1,11,0.0,605.4,417.3,process,1207.905,
1789747167.9633186,least_work,/api/auth/verify,POST,150,1,0,5,376.9,0.0,324.6,sync,125.922,
1789747168.02208,least_work,/api/search,POST,250,1,0,10,358.0,0.0,362.0,process,1140.556,
1789747168.0594997,least_work,/api/feed,POST,300,1,0,4,120.7,0.0,229.6,sync,127.143,
1789747168.1606638,least_work,/api/report/generate,POST,350,1,0,10,424.0,0.0,612.8,process,1225.099,
1789747168.1919487,least_work,/api/feed,POST,300,0,0,4,0.0,0.0,422.4,sync,128.938,
1789747168.1934946,least_work,/api/user/profile,POST,200,1,0,3,331.5,0.0,224.1,sync,31.178,
1789747168.2491832,least_work,/api/search,POST,250,0,1,10,0.0,1219.0,724.7,process,1190.761,
1789747168.3217258,least_work,/api/feed,POST,300,0,0,3,0.0,0.0,190.8,sync,126.141,
1789747168.3966908,least_work,/api/report/generate,POST,350,0,0,6,0.0,0.0,0.0,process,751.903,
1789747168.4912443,least_work,/api/search,POST,250,1,0,4,398.3,0.0,197.1,process,526.333,
1789747168.5201917,least_work,/api/user/profile,POST,200,1,0,2,375.3,0.0,135.4,process,269.123,
1789747168.6721134,least_work,/api/report/generate,POST,350,0,0,1,0.0,0.0,85.3,process,178.855,
1789747168.7707572,least_work,/api/search,POST,250,0,0,1,0.0,0.0,487.4,process,247.657,
1789747174.4655147,least_work,/api/user/profile,POST,200,2,0,0,218.8,0.0,0.0,process,41.481,
1789747174.4736557,least_work,/api/user/profile,POST,200,6,1,4,1186.1,1254.1,1744.9,sync,48.078,
1789747174.4744449,least_work,/api/user/profile,POST,200,0,0,0,0.0,0.0,0.0,sync,54.593,
1789747174.476734,least_work,/api/user/profile,POST,200,1,0,0,108.3,0.0,0.0,sync,53.355,
1789747174.4769495,least_work,/api/user/profile,POST,200,2,0,2,218.2,0.0,748.6,sync,52.651,
1789747174.478621,least_work,/api/user/profile,POST,200,12,3,7,2996.4,2660.4,3058.9,sync,50.531,
1789747174.510437,least_work,/api/user/profile,POST,200,10,3,8,2691.0,2504.7,3211.9,sync,30.422,
1789747174.5115638,least_work,/api/user/profile,POST,200,9,3,8,2588.3,2507.4,3219.2,sync,32.468,
1789747174.542419,least_work,/api/search,POST,250,2,0,1,218.5,0.0,327.4,process,118.243,
1789747174.5610602,least_work,/api/feed,POST,300,5,1,2,973.5,1254.6,747.1,process,136.024,
1789747174.5678003,least_work,/api/feed,POST,300,4,1,2,543.5,1254.8,747.5,sync,142.916,
1789747174.570593,least_work,/api/feed,POST,300,9,2,4,1723.2,1891.6,1742.0,sync,144.299,
1789747174.5725317,least_work,/api/user/profile,POST,200,10,2,4,2152.2,1891.2,1741.3,process,146.056,
1789747174.5734496,least_work,/api/feed,POST,300,11,2,6,2572.3,1889.1,2580.3,sync,145.918,
1789747174.5738113,least_work,/api/feed,POST,300,10,2,6,2143.4,1889.5,2581.4,sync,146.45,
1789747174.5753493,least_work,/api/user/profile,POST,200,9,3,7,1995.4,2309.8,2391.5,sync,30.362,
1789747174.5907547,least_work,/api/auth/verify,POST,150,5,1,3,972.6,1254.4,1228.9,sync,165.525,
1789747174.5912004,least_work,/api/auth/verify,POST,150,7,1,4,1296.5,1253.9,1744.1,sync,165.429,
1789747174.5932963,least_work,/api/auth/verify,POST,150,3,0,2,329.6,0.0,748.3,sync,168.839,
1789747174.5960658,least_work,/api/auth/verify,POST,150,8,1,4,1510.8,1253.7,1743.4,sync,170.124,
1789747174.598917,least_work,/api/auth/verify,POST,150,9,1,4,1724.8,1253.6,1742.7,async,172.801,
1789747174.6033313,least_work,/api/feed,POST,300,11,3,7,2367.2,2516.4,2821.4,sync,127.211,
1789747174.6101625,least_work,/api/report/generate,POST,350,6,1,3,1187.1,1254.3,1228.4,process,184.762,
1789747174.6270535,least_work,/api/user/profile,POST,200,12,2,7,2998.7,1888.4,3060.3,async,199.159,
1789747174.6276534,least_work,/api/user/profile,POST,200,4,3,6,1172.6,2162.6,1972.2,sync,33.595,
1789747174.629516,least_work,/api/user/profile,POST,200,5,3,6,1441.9,2155.7,1958.5,sync,33.185,
1789747174.630989,least_work,/api/user/profile,POST,200,7,2,6,1956.8,1679.0,1933.1,sync,30.421,
1789747174.6420681,least_work,/api/report/generate,POST,350,10,2,5,2145.4,1889.9,2065.4,process,214.908,
1789747174.6606386,least_work,/api/user/profile,POST,200,5,1,5,1402.9,1049.8,1444.6,sync,30.772,
1789747174.6729546,least_work,/api/search,POST,250,13,3,7,3102.0,2659.0,3055.6,process,244.384,
1789747174.6843357,least_work,/api/feed,POST,300,12,2,6,3000.8,1888.8,2579.2,process,256.615,
1789747174.6905456,least_work,/api/feed,POST,300,10,3,6,1929.8,2256.6,1922.7,sync,127.826,
1789747174.7026014,least_work,/api/feed,POST,300,6,3,6,1008.6,2216.9,2080.8,sync,126.641,
1789747174.7049718,least_work,/api/user/profile,POST,200,4,1,3,1139.8,1004.7,774.4,process,29.965,
1789747174.7065413,least_work,/api/search,POST,250,12,3,7,2795.2,2515.7,2819.7,process,230.203,
1789747174.716122,least_work,/api/user/profile,POST,200,4,1,3,1095.7,993.6,833.8,process,30.073,
1789747174.7263336,least_work,/api/feed,POST,300,6,3,6,1542.0,2149.9,1946.8,sync,128.048,
1789747174.7278795,least_work,/api/auth/verify,POST,150,5,3,6,1280.5,2160.2,1967.5,sync,133.037,
1789747174.7412467,least_work,/api/search,POST,250,10,3,6,1994.6,2234.7,1878.9,process,171.218,
1789747174.7470884,least_work,/api/report/generate,POST,350,4,0,2,544.4,0.0,747.9,async,322.425,
1789747174.857517,least_work,/api/user/profile,POST,200,6,1,4,1724.6,1253.2,1741.1,sync,83.945,
1789747174.8869817,least_work,/api/user/profile,POST,200,5,1,4,1614.0,1253.4,1741.9,sync,113.609,
1789747174.8925729,least_work,/api/user/profile,POST,200,8,2,6,1936.2,1922.3,2636.9,sync,117.414,
1789747174.8972416,least_work,/api/user/profile,POST,200,2,1,2,860.3,1254.6,841.7,sync,125.045,
1789747174.902096,least_work,/api/user/profile,POST,200,7,2,5,1831.5,1924.1,2220.4,sync,127.817,
1789747174.9071572,least_work,/api/feed,POST,300,7,2,4,1832.9,1924.5,1739.2,process,133.087,
1789747174.9119422,least_work,/api/search,POST,250,1,0,1,430.3,0.0,421.3,process,140.313,
1789747174.9164717,least_work,/api/search,POST,250,1,0,0,430.5,0.0,0.0,process,145.047,
1789747174.917671,least_work,/api/search,POST,250,11,3,7,2897.5,2692.1,2957.1,process,141.336,
1789747174.9436462,least_work,/api/user/profile,POST,200,11,3,6,2899.5,2692.7,2630.9,process,167.497,
1789747174.9537227,least_work,/api/auth/verify,POST,150,4,1,3,1400.4,1253.9,1261.0,sync,180.759,
1789747174.958228,least_work,/api/auth/verify,POST,150,11,3,8,2895.0,2691.4,3376.8,sync,181.671,
1789747175.0044305,least_work,/api/user/profile,POST,200,11,3,9,2478.2,2337.5,2819.5,sync,109.884,
1789747175.0094254,least_work,/api/user/profile,POST,200,10,4,9,2489.0,2973.8,2728.6,sync,104.778,
1789747175.027828,least_work,/api/search,POST,250,3,1,2,971.6,1254.4,841.3,process,255.462,
1789747175.02866,least_work,/api/image/thumbnail,POST,400,7,1,4,1834.7,1253.0,1740.1,async,254.84,
1789747175.0288553,least_work,/api/search,POST,250,8,2,5,1941.7,1923.7,2219.4,process,254.38,
1789747175.0319755,least_work,/api/feed,POST,300,5,1,3,1615.0,1253.6,1260.4,process,258.798,
1789747175.058218,least_work,/api/search,POST,250,12,3,8,2438.1,2442.8,2713.7,process,198.759,
1789747175.143441,least_work,/api/search,POST,250,11,4,8,2487.5,2932.6,2565.0,process,228.461,
1789747175.147607,least_work,/api/search,POST,250,11,4,7,2440.7,2915.6,2395.9,process,228.409,
1789747175.1679542,least_work,/api/auth/verify,POST,150,10,4,9,2009.4,2770.8,3368.4,sync,212.552,
1789747175.168222,least_work,/api/feed,POST,300,1,1,2,429.9,1254.8,842.1,sync,396.219,
1789747175.1793125,least_work,/api/feed,POST,300,9,2,6,2045.6,1921.8,2635.2,sync,403.883,
1789747175.184622,least_work,/api/feed,POST,300,12,3,8,3108.1,2690.8,3375.1,sync,407.855,
1789747175.186668,least_work,/api/feed,POST,300,11,3,9,2098.4,2354.5,2870.5,sync,297.799,
1789747175.1881468,least_work,/api/feed,POST,300,0,0,0,0.0,0.0,0.0,sync,417.042,
1789747175.1948829,least_work,/api/feed,POST,300,3,1,3,970.5,1254.1,1261.7,sync,422.15,
1789747175.218002,least_work,/api/feed,POST,300,10,2,6,2474.2,1921.4,2633.9,sync,442.351,
1789747175.2269807,least_work,/api/report/generate,POST,350,11,4,8,2435.4,2913.6,2813.5,process,307.303,
1789747175.2714343,least_work,/api/feed,POST,300,11,3,6,2421.1,2046.7,2121.9,process,238.166,
1789747175.2729049,least_work,/api/image/thumbnail,POST,400,11,4,8,2548.3,2954.7,2338.6,process,363.474,
1789747175.3242273,least_work,/api/report/generate,POST,350,11,4,8,2152.4,2810.7,2940.9,process,378.796,
1789747175.3819945,least_work,/api/search,POST,250,13,4,6,1549.8,2392.3,1920.9,process,235.915,
1789747175.383855,least_work,/api/image/thumbnail,POST,400,11,3,9,2543.5,2323.6,2777.7,async,484.656,
1789747175.3845315,least_work,/api/report/generate,POST,350,1,0,2,430.1,0.0,842.4,async,612.723,
1789747175.3916845,least_work,/api/search,POST,250,13,4,6,1510.2,2378.0,2126.4,process,242.062,
1789747175.4053526,least_work,/api/report/generate,POST,350,13,4,6,2636.7,2735.2,2194.1,process,344.947,
1789747175.4103992,least_work,/api/user/profile,POST,200,11,5,7,2582.3,2667.1,2255.2,process,181.462,
1789747175.420251,least_work,/api/user/profile,POST,200,11,5,6,2179.5,2443.3,1792.8,process,146.551,
1789747175.4681711,least_work,/api/image/thumbnail,POST,400,10,4,9,2136.7,2750.2,3321.9,sync,507.627,
1789747175.4897766,least_work,/api/report/generate,POST,350,12,4,7,2189.0,2247.7,2319.8,process,307.559,
1789747175.5183022,least_work,/api/auth/verify,POST,150,11,4,8,2126.9,2231.3,2804.3,sync,332.015,
1789747175.521497,least_work,/api/auth/verify,POST,150,11,4,8,2746.0,2189.2,2720.1,async,324.678,
1789747175.52966,least_work,/api/feed,POST,300,14,3,5,1565.7,1053.0,1071.4,process,142.761,
1789747175.5441785,least_work,/api/feed,POST,300,16,3,4,1538.9,975.9,1429.9,process,131.546,
1789747175.5650795,least_work,/api/report/generate,POST,350,15,3,5,1615.0,1034.0,1337.8,process,171.858,
1789747175.5753138,least_work,/api/user/profile,POST,200,18,3,2,1227.3,903.6,858.1,process,29.117,
1789747175.6800425,least_work,/api/search,POST,250,18,3,2,1010.1,839.3,934.8,process,102.825,
1789747175.684777,least_work,/api/report/generate,POST,350,17,3,3,1281.0,973.6,1106.0,process,161.913,
1789747175.6913838,least_work,/api/feed,POST,300,18,3,2,1083.0,860.2,780.2,process,124.588,
1789747175.7293937,least_work,/api/image/thumbnail,POST,400,17,3,3,1075.5,738.5,1199.4,async,237.648,
1789747175.730065,least_work,/api/user/profile,POST,200,11,2,6,2902.8,1920.9,2632.7,async,954.214,
1789747175.7559803,least_work,/api/user/profile,POST,200,13,3,7,2675.3,1974.4,2435.5,async,698.61,
1789747175.7835834,least_work,/api/search,POST,250,18,3,2,396.3,629.5,725.0,process,101.459,
1789747175.826334,least_work,/api/image/thumbnail,POST,400,12,4,7,1788.1,2291.9,2397.2,sync,655.196,
1789747175.8342922,least_work,/api/image/thumbnail,POST,400,11,4,7,1245.1,2293.4,2399.8,sync,663.512,
1789747175.8453262,least_work,/api/user/profile,POST,200,11,4,8,2708.4,2216.2,2774.1,sync,655.252,
1789747175.8581283,least_work,/api/image/thumbnail,POST,400,10,4,8,2174.8,2222.0,2785.7,sync,669.516,
1789747175.8603745,least_work,/api/user/profile,POST,200,10,5,8,2551.1,2711.9,2534.9,sync,640.402,
1789747175.8627632,least_work,/api/user/profile,POST,200,12,5,6,1790.9,2180.4,1615.9,sync,536.493,
1789747175.8804994,least_work,/api/user/profile,POST,200,15,3,5,1475.1,990.3,1597.8,sync,472.693,
1789747175.8819087,least_work,/api/user/profile,POST,200,11,5,7,2170.9,2438.5,2113.6,sync,607.265,
1789747175.8828168,least_work,/api/feed,POST,300,22,0,1,557.5,0.0,346.0,process,125.174,
1789747175.8911035,least_work,/api/user/profile,POST,200,18,3,2,375.4,620.9,779.9,sync,204.681,
1789747175.9062114,least_work,/api/user/profile,POST,200,19,3,1,455.2,608.1,410.8,sync,213.37,
1789747175.9086208,least_work,/api/user/profile,POST,200,14,3,6,1559.1,1050.8,1549.3,sync,520.984,
1789747175.9103737,least_work,/api/search,POST,250,22,0,1,418.8,0.0,454.6,process,124.977,
1789747175.9144478,least_work,/api/user/profile,POST,200,18,1,3,1551.3,1487.7,1087.5,process,30.769,
1789747175.9158103,least_work,/api/user/profile,POST,200,11,3,7,2405.3,2042.4,2594.2,sync,881.119,
1789747175.9182112,least_work,/api/user/profile,POST,200,10,4,9,2175.6,2565.4,2906.3,sync,911.475,
1789747175.9186842,least_work,/api/user/profile,POST,200,16,3,4,1447.9,948.6,1687.2,sync,496.986,
1789747175.9335327,least_work,/api/user/profile,POST,200,20,1,1,360.6,97.9,371.6,sync,201.467,
1789747175.9361181,least_work,/api/user/profile,POST,200,17,3,3,1222.7,948.6,1251.9,sync,404.914,
1789747175.9553761,least_work,/api/search,POST,250,21,0,2,256.8,0.0,789.5,process,126.683,
1789747175.95712,least_work,/api/feed,POST,300,12,3,7,2251.7,1976.1,2439.4,sync,900.306,
1789747175.9736152,least_work,/api/feed,POST,300,10,4,9,2234.4,2548.1,2867.3,sync,962.535,
1789747175.9771595,least_work,/api/search,POST,250,20,0,3,624.4,0.0,1156.1,async,130.161,
1789747175.990844,least_work,/api/user/profile,POST,200,16,1,5,1815.4,1462.5,1711.1,sync,81.876,
1789747175.991489,least_work,/api/user/profile,POST,200,17,1,5,1897.9,1458.8,1879.1,sync,78.861,
1789747175.9932303,least_work,/api/feed,POST,300,20,0,3,235.9,0.0,1190.1,sync,157.588,
1789747175.9945815,least_work,/api/user/profile,POST,200,14,2,7,2192.9,2549.3,3004.1,sync,34.789,
1789747175.997797,least_work,/api/search,POST,250,19,1,3,585.9,1511.6,1117.5,process,137.917,
1789747176.0063322,least_work,/api/user/profile,POST,200,14,1,7,2128.8,1120.0,2880.9,async,28.938,
1789747176.0195253,least_work,/api/auth/verify,POST,150,13,3,5,1367.8,1058.4,1080.4,sync,634.431,
1789747176.0332875,least_work,/api/user/profile,POST,200,15,2,6,2569.2,1846.4,2437.9,async,32.742,
1789747176.0388255,least_work,/api/user/profile,POST,200,11,2,7,1744.9,1855.9,2752.1,sync,43.028,
1789747176.0395253,least_work,/api/auth/verify,POST,150,16,3,4,1050.4,803.4,1493.6,sync,569.41,
1789747176.040136,least_work,/api/user/profile,POST,200,14,2,6,2471.5,1848.9,2445.6,sync,40.873,
1789747176.0415282,least_work,/api/feed,POST,300,17,1,4,1911.7,1460.5,1405.4,process,130.619,
1789747176.0428503,least_work,/api/auth/verify,POST,150,21,1,1,469.8,97.4,371.0,sync,310.254,
1789747176.043424,least_work,/api/search,POST,250,18,1,4,1545.2,1486.7,1410.9,process,158.731,
1789747176.0529578,least_work,/api/feed,POST,300,17,1,3,1124.9,1488.5,1089.7,sync,170.014,
1789747176.0638027,least_work,/api/feed,POST,300,18,1,4,579.1,1509.3,1530.0,sync,201.687,
1789747176.0718393,least_work,/api/auth/verify,POST,150,18,1,4,995.8,1505.8,1516.0,sync,206.204,
1789747176.0755227,least_work,/api/feed,POST,300,16,4,3,870.8,1297.8,1114.8,sync,555.602,
1789747176.0902429,least_work,/api/user/profile,POST,200,12,3,8,2206.3,2461.3,3231.5,sync,34.867,
1789747176.103234,least_work,/api/user/profile,POST,200,11,2,6,2337.8,1811.7,2356.4,sync,56.071,
1789747176.1048875,least_work,/api/user/profile,POST,200,12,2,8,2429.4,1808.0,3282.5,sync,55.9,
1789747176.105554,least_work,/api/feed,POST,300,15,1,6,1926.1,1449.5,2609.4,sync,183.632,
1789747176.1116738,least_work,/api/feed,POST,300,17,1,5,1489.7,1477.5,1786.2,sync,217.723,
1789747176.162308,least_work,/api/feed,POST,300,12,2,7,1850.9,1854.4,2746.9,sync,165.777,
1789747176.1627018,least_work,/api/auth/verify,POST,150,14,2,7,2194.2,2592.5,3026.2,sync,224.513,
1789747176.169064,least_work,/api/search,POST,250,14,2,6,2211.1,2553.3,2596.7,process,211.288,
1789747176.1809378,least_work,/api/feed,POST,300,14,2,7,2332.6,1826.5,2717.4,sync,158.885,
1789747176.1894498,least_work,/api/report/generate,POST,350,15,1,5,1947.5,1451.9,2106.5,process,269.906,
1789747176.2064247,least_work,/api/auth/verify,POST,150,14,2,7,2097.4,1886.4,2858.9,sync,225.894,
1789747176.2080648,least_work,/api/auth/verify,POST,150,13,2,6,2267.6,1851.3,2452.7,sync,209.975,
1789747176.208526,least_work,/api/feed,POST,300,12,3,8,1960.5,2428.5,3144.1,sync,142.222,
1789747176.2273233,least_work,/api/report/generate,POST,350,15,2,6,2222.9,2598.2,2529.0,process,292.001,
1789747176.273688,least_work,/api/image/thumbnail,POST,400,15,1,4,1954.1,1452.6,1555.8,process,354.87,
1789747176.2828388,least_work,/api/search,POST,250,15,2,6,2475.1,1852.4,2386.6,process,273.727,
1789747176.2968612,least_work,/api/search,POST,250,11,2,5,2355.0,1815.1,1945.2,process,251.404,
1789747176.3365963,least_work,/api/image/thumbnail,POST,400,13,2,8,2536.5,1807.2,3279.3,async,287.211,
1789747176.3377223,least_work,/api/feed,POST,300,16,1,6,2345.1,1448.3,2602.3,async,414.619,
1789747176.338561,least_work,/api/user/profile,POST,200,15,1,7,2597.5,1061.5,2620.6,async,302.621,
1789747176.3657968,least_work,/api/auth/verify,POST,150,9,4,10,2308.0,2777.5,3243.2,sync,183.134,
1789747176.392329,least_work,/api/search,POST,250,12,2,7,2435.4,1809.1,2865.4,process,343.882,
1789747176.3996696,least_work,/api/report/generate,POST,350,12,2,6,2441.1,1810.1,2351.8,process,351.737,
1789747176.4050112,least_work,/api/search,POST,250,12,3,8,2796.7,2395.1,3054.9,process,327.569,
1789747176.406209,least_work,/api/image/thumbnail,POST,400,12,3,8,2293.2,2405.9,3083.7,sync,332.36,
1789747176.4166236,least_work,/api/user/profile,POST,200,9,3,9,2138.7,2310.1,3221.6,sync,310.867,
1789747176.4185221,least_work,/api/user/profile,POST,200,9,4,10,2269.0,2589.1,3225.9,sync,188.741,
1789747176.4212046,least_work,/api/search,POST,250,9,4,9,2632.5,2844.2,2679.5,process,255.202,
1789747176.4420803,least_work,/api/user/profile,POST,200,10,4,9,3341.8,3052.2,3147.5,sync,328.083,
1789747176.4431658,least_work,/api/user/profile,POST,200,11,3,9,2541.9,2350.1,3341.4,sync,350.707,
1789747176.4530284,least_work,/api/user/profile,POST,200,11,4,8,2004.0,2311.1,2465.0,sync,153.765,
1789747176.453769,least_work,/api/user/profile,POST,200,12,3,8,1781.3,2464.5,2130.6,sync,112.702,
1789747176.455595,least_work,/api/user/profile,POST,200,9,4,10,2626.8,2841.7,3094.8,sync,288.983,
1789747176.4559076,least_work,/api/user/profile,POST,200,10,4,9,2055.5,2403.2,2564.3,sync,179.659,
1789747176.5340583,least_work,/api/search,POST,250,11,4,8,2105.4,2369.0,2341.6,process,249.273,
1789747176.5441003,least_work,/api/search,POST,250,9,4,10,2392.6,2658.9,3219.3,process,331.801,
1789747176.5474439,least_work,/api/user/profile,POST,200,7,4,10,2744.1,2765.3,3423.2,sync,87.703,
1789747176.551944,least_work,/api/search,POST,250,10,3,9,2233.8,2305.1,3206.5,sync,444.502,
1789747176.552407,least_work,/api/auth/verify,POST,150,7,4,10,1984.1,2671.5,3250.8,sync,343.255,
1789747176.5841923,least_work,/api/report/generate,POST,350,10,4,9,2695.6,2824.5,2843.4,process,413.269,
1789747176.5924659,least_work,/api/image/thumbnail,POST,400,12,1,8,1795.4,541.4,2144.6,async,253.037,
1789747176.6193829,least_work,/api/report/generate,POST,350,10,4,9,2430.0,2740.0,2904.8,process,427.357,
1789747176.6237407,least_work,/api/user/profile,POST,200,6,4,9,2648.6,2778.3,3031.5,sync,167.244,
1789747176.624289,least_work,/api/auth/verify,POST,150,12,3,8,1466.4,2303.5,2116.7,sync,229.559,
1789747176.6296742,least_work,/api/search,POST,250,12,3,8,1377.1,2263.9,2694.6,sync,221.741,
1789747176.630009,least_work,/api/auth/verify,POST,150,8,4,10,2182.4,2661.7,3226.1,sync,418.387,
1789747176.6304207,least_work,/api/user/profile,POST,200,7,4,9,2542.1,2783.7,3043.7,sync,175.279,
1789747176.660949,least_work,/api/user/profile,POST,200,8,4,9,2392.2,2456.1,2481.1,sync,123.891,
1789747176.6716576,least_work,/api/search,POST,250,13,3,7,1631.3,2281.8,1895.5,process,269.61,
1789747176.6777694,least_work,/api/user/profile,POST,200,9,3,9,2014.0,1810.0,2715.6,sync,83.484,
1789747176.6791315,least_work,/api/user/profile,POST,200,9,3,8,2006.6,1706.4,2324.3,sync,50.309,
1789747176.6796188,least_work,/api/user/profile,POST,200,10,3,8,1948.7,1729.5,2386.0,sync,58.504,
1789747176.68594,least_work,/api/user/profile,POST,200,10,3,8,1645.2,1684.2,2265.3,sync,49.738,
1789747176.6892872,least_work,/api/user/profile,POST,200,9,3,8,1543.7,1687.3,2273.5,sync,54.116,
1789747176.7147958,least_work,/api/user/profile,POST,200,8,3,8,1365.0,1552.5,2186.2,sync,34.669,
1789747176.718392,least_work,/api/user/profile,POST,200,9,3,8,1466.1,1548.9,2176.7,sync,37.084,
1789747176.735399,least_work,/api/report/generate,POST,350,12,3,8,1645.6,2383.2,1913.6,process,367.209,
1789747176.7438128,least_work,/api/feed,POST,300,11,3,8,2690.1,2226.5,2594.9,process,323.393,
1789747176.7852392,least_work,/api/feed,POST,300,8,4,9,2395.5,2406.8,2704.7,sync,235.871,
1789747176.7868896,least_work,/api/feed,POST,300,10,3,8,2115.5,1705.3,2321.4,sync,157.702,
1789747176.7891018,least_work,/api/report/generate,POST,350,12,3,7,1383.4,2267.1,2185.8,process,382.211,
1789747176.8050668,least_work,/api/search,POST,250,9,4,8,2580.1,2823.9,2712.6,process,359.984,
1789747176.8153949,least_work,/api/auth/verify,POST,150,8,4,9,2057.2,2383.2,2651.7,sync,260.138,
1789747176.8167384,least_work,/api/feed,POST,300,10,3,8,1788.6,1520.4,2100.7,sync,125.925,
1789747176.8247592,least_work,/api/user/profile,POST,200,8,3,8,1075.0,1230.5,1988.5,sync,37.316,
1789747176.8297105,least_work,/api/auth/verify,POST,150,7,4,9,1844.1,2384.6,2654.8,sync,274.801,
1789747176.8389049,least_work,/api/user/profile,POST,200,10,3,7,1461.5,1170.3,2151.7,sync,31.397,
1789747176.8460615,least_work,/api/feed,POST,300,10,3,8,1855.3,1441.5,1890.3,sync,128.951,
1789747176.8504333,least_work,/api/user/profile,POST,200,9,3,7,1176.8,1139.4,2079.5,sync,32.627,
1789747176.8516073,least_work,/api/auth/verify,POST,150,10,3,8,1469.8,1601.8,2045.6,sync,187.934,
1789747176.85563,least_work,/api/auth/verify,POST,150,8,3,8,1334.4,1689.4,2279.1,sync,221.153,
1789747176.8690512,least_work,/api/image/thumbnail,POST,400,9,3,8,2582.3,2154.1,2717.1,async,424.523,
1789747176.8702838,least_work,/api/user/profile,POST,200,11,3,9,3617.2,2303.0,3200.4,async,762.172,
1789747176.871257,least_work,/api/search,POST,250,7,4,9,2746.5,2767.2,3006.6,process,411.991,
1789747176.8852055,least_work,/api/search,POST,250,9,4,8,2434.9,2416.6,2305.3,process,338.283,
1789747176.917783,least_work,/api/search,POST,250,11,3,7,1568.0,1569.8,1811.0,process,243.433,
1789747176.931771,least_work,/api/user/profile,POST,200,8,4,8,2319.9,2584.7,2315.8,sync,90.692,
1789747176.9328022,least_work,/api/auth/verify,POST,150,10,3,8,1574.6,1547.9,2174.0,sync,251.161,
1789747176.9382505,least_work,/api/feed,POST,300,9,3,8,1156.2,1217.4,2336.3,sync,146.446,
1789747176.9390988,least_work,/api/search,POST,250,9,3,8,1130.5,1110.7,2425.4,sync,111.728,
1789747176.939326,least_work,/api/auth/verify,POST,150,10,3,8,1663.0,1529.6,2125.3,sync,251.591,
1789747176.9538033,least_work,/api/report/generate,POST,350,9,4,8,2063.5,2260.1,2272.6,process,367.772,
1789747176.9685876,least_work,/api/search,POST,250,9,3,8,2482.4,1097.7,2390.7,async,136.879,
1789747176.9756558,least_work,/api/user/profile,POST,200,6,3,10,2712.0,3251.5,3398.2,sync,32.679,
1789747176.9758828,least_work,/api/user/profile,POST,200,5,3,10,2601.4,3252.2,3400.3,sync,33.112,
1789747176.98252,least_work,/api/feed,POST,300,6,4,10,1923.3,2532.0,3047.7,sync,128.294,
1789747176.9840372,least_work,/api/feed,POST,300,6,4,10,2334.9,2519.2,3015.7,sync,126.613,
1789747176.9852524,least_work,/api/user/profile,POST,200,7,3,9,2735.8,3213.8,3124.8,sync,29.697,
1789747176.9945595,least_work,/api/feed,POST,300,10,3,7,1999.8,1378.4,1574.8,process,256.408,
1789747177.009839,least_work,/api/feed,POST,300,10,3,7,1920.1,1354.5,1836.8,process,263.72,
1789747177.0607696,least_work,/api/user/profile,POST,200,7,3,9,2623.2,2531.8,2918.8,sync,82.329,
1789747177.061133,least_work,/api/auth/verify,POST,150,7,3,10,2646.6,3457.2,3259.1,sync,186.696,
1789747177.0615418,least_work,/api/user/profile,POST,200,6,3,9,2515.6,2533.6,2924.3,sync,83.71,
1789747177.062255,least_work,/api/search,POST,250,4,3,10,1213.0,3253.7,3405.4,sync,119.979,
1789747177.0646873,least_work,/api/feed,POST,300,8,3,9,2754.4,3416.7,3043.8,sync,176.759,
1789747177.0681725,least_work,/api/search,POST,250,10,3,7,1280.2,1136.6,2073.0,process,249.443,
1789747177.0921092,least_work,/api/report/generate,POST,350,9,3,7,1171.3,1223.9,1836.3,process,302.455,
1789747177.1069872,least_work,/api/search,POST,250,8,4,8,2063.6,2554.0,2254.5,process,258.251,
1789747177.115687,least_work,/api/user/profile,POST,200,7,3,9,2782.9,2478.4,2945.8,sync,119.456,
1789747177.1200356,least_work,/api/search,POST,250,6,4,9,1925.2,2533.5,2630.0,process,266.183,
1789747177.120617,least_work,/api/user/profile,POST,200,5,3,9,962.1,2266.0,2513.6,sync,53.585,
1789747177.1236267,least_work,/api/user/profile,POST,200,3,3,9,747.1,2271.6,2530.2,sync,58.38,
1789747177.1239388,least_work,/api/user/profile,POST,200,4,3,9,856.7,2269.8,2525.0,sync,58.179,
1789747177.1273334,least_work,/api/user/profile,POST,200,7,3,7,1319.6,2185.3,1912.3,sync,33.381,
1789747177.141844,least_work,/api/user/profile,POST,200,8,3,6,1310.2,2139.5,1644.2,sync,32.619,
1789747177.1659777,least_work,/api/user/profile,POST,200,9,3,5,1472.3,2097.6,1408.3,sync,42.805,
1789747177.1671364,least_work,/api/user/profile,POST,200,8,3,6,1356.3,2114.8,1594.9,sync,49.695,
1789747177.1688685,least_work,/api/search,POST,250,7,2,9,2658.3,2206.1,2854.2,process,296.079,
1789747177.1944559,least_work,/api/user/profile,POST,200,8,3,5,1364.0,2098.8,1410.3,sync,71.679,
1789747177.2020843,least_work,/api/report/generate,POST,350,12,2,8,1785.6,1211.1,2134.9,async,861.555,
1789747177.2026088,least_work,/api/report/generate,POST,350,7,2,10,2651.1,2204.1,3265.5,async,328.808,
1789747177.213551,least_work,/api/user/profile,POST,200,8,3,5,1447.9,2087.2,1390.9,sync,86.899,
1789747177.2262037,least_work,/api/search,POST,250,6,3,9,2422.0,2508.9,2850.1,process,240.126,
1789747177.2293599,least_work,/api/user/profile,POST,200,8,2,9,2730.8,1784.0,2993.4,async,259.2,
1789747177.2546754,least_work,/api/report/generate,POST,350,9,3,8,2936.2,3320.6,2579.6,process,334.719,
1789747177.268207,least_work,/api/report/generate,POST,350,7,3,9,2816.2,3277.1,2966.2,process,333.737,
1789747177.2729623,least_work,/api/search,POST,250,8,3,8,2769.4,2431.5,2588.3,process,261.062,
1789747177.3348455,least_work,/api/search,POST,250,9,3,5,1557.4,2086.4,1389.6,process,207.936,
1789747177.3362901,least_work,/api/feed,POST,300,5,3,9,1993.3,2510.0,2853.3,sync,350.571,
1789747177.337517,least_work,/api/user/profile,POST,200,8,3,6,1458.3,2078.8,1795.9,sync,208.08,
1789747177.3405082,least_work,/api/feed,POST,300,6,3,10,2414.8,2505.3,3259.7,sync,353.238,
1789747177.3408499,least_work,/api/feed,POST,300,6,3,8,1055.5,2256.8,2315.8,sync,270.75,
1789747177.364009,least_work,/api/search,POST,250,7,3,5,1538.3,1952.1,1419.9,process,192.312,
1789747177.3774545,least_work,/api/search,POST,250,7,3,6,1411.0,1876.4,1690.1,process,180.543,
1789747177.385273,least_work,/api/image/thumbnail,POST,400,8,3,6,1365.1,2036.3,1710.8,sync,241.642,
1789747177.4046166,least_work,/api/user/profile,POST,200,7,3,6,1535.8,1951.0,1839.2,sync,232.569,
1789747177.4052064,least_work,/api/user/profile,POST,200,6,2,4,499.7,1639.8,1477.4,sync,63.956,
1789747177.4117708,least_work,/api/user/profile,POST,200,7,2,7,1346.6,1710.6,2047.1,sync,205.662,
1789747177.4139385,least_work,/api/user/profile,POST,200,9,2,4,1215.5,1772.6,1434.5,sync,139.085,
1789747177.415526,least_work,/api/user/profile,POST,200,7,2,4,595.7,1631.9,1461.5,sync,70.279,
1789747177.4163315,least_work,/api/user/profile,POST,200,7,2,6,1270.2,1666.1,1712.1,sync,187.908,
1789747177.4485087,least_work,/api/user/profile,POST,200,5,2,2,859.7,1492.7,801.2,sync,33.738,
1789747177.4508986,least_work,/api/report/generate,POST,350,9,1,5,1361.5,1123.4,1362.1,process,194.292,
1789747177.485217,least_work,/api/user/profile,POST,200,5,2,2,1102.9,1415.2,788.2,process,31.695,
1789747177.4932504,least_work,/api/auth/verify,POST,150,8,1,6,1361.8,1149.1,1696.9,sync,262.35,
1789747177.5068097,least_work,/api/image/thumbnail,POST,400,9,1,5,1252.7,1109.8,1616.3,async,236.603,
1789747177.507607,least_work,/api/feed,POST,300,7,1,7,1349.3,537.1,2049.8,async,301.884,
1789747177.5128474,least_work,/api/feed,POST,300,8,2,4,702.9,1630.0,1457.8,sync,166.711,
1789747177.5183747,least_work,/api/report/generate,POST,350,8,2,3,744.6,1642.9,966.4,process,178.692,
1789747177.5281057,least_work,/api/search,POST,250,4,2,2,920.8,1488.5,797.0,process,111.253,
1789747177.5323615,least_work,/api/feed,POST,300,6,2,2,458.3,1507.4,815.9,sync,124.951,
1789747177.541753,least_work,/api/user/profile,POST,200,4,0,2,873.5,0.0,673.5,async,30.876,
1789747177.5502172,least_work,/api/user/profile,POST,200,4,1,1,785.6,763.1,318.0,process,29.833,
1789747177.562864,least_work,/api/user/profile,POST,200,3,1,1,426.9,749.5,313.9,sync,28.856,
1789747177.572234,least_work,/api/auth/verify,POST,150,4,2,3,910.8,1483.5,1210.9,sync,152.859,
1789747177.5983577,least_work,/api/auth/verify,POST,150,4,2,2,896.7,1420.0,793.0,sync,147.21,
1789747177.63039,least_work,/api/user/profile,POST,200,1,1,0,126.9,581.5,0.0,sync,30.053,
1789747177.6466815,least_work,/api/auth/verify,POST,150,4,1,2,870.6,771.9,672.1,sync,135.104,
1789747177.6762514,least_work,/api/auth/verify,POST,150,4,0,1,501.1,0.0,304.5,async,132.847,
1789747177.772162,least_work,/api/search,POST,250,0,0,1,0.0,0.0,487.7,process,94.069,
1789747177.794019,least_work,/api/report/generate,POST,350,0,1,0,0.0,533.2,0.0,process,145.44,
1789747177.8888433,least_work,/api/search,POST,250,0,0,1,0.0,0.0,495.5,process,93.062,
1789747177.9168465,least_work,/api/report/generate,POST,350,0,0,1,0.0,0.0,391.7,process,142.782,
1789747178.0376155,least_work,/api/auth/verify,POST,150,0,0,0,0.0,0.0,0.0,sync,118.855,
1789747178.136174,least_work,/api/user/profile,POST,200,2,1,2,541.2,637.7,974.4,sync,57.8,
1789747178.1388044,least_work,/api/user/profile,POST,200,4,2,3,1080.5,1274.8,1394.0,sync,59.564,
1789747178.180193,least_work,/api/user/profile,POST,200,10,4,8,3000.2,2810.5,3606.1,sync,97.628,
1789747178.1825795,least_work,/api/user/profile,POST,200,6,2,4,1618.8,1273.3,1873.7,sync,102.583,
1789747178.1833777,least_work,/api/user/profile,POST,200,1,1,2,429.8,637.9,974.8,sync,105.212,
1789747178.2373276,least_work,/api/auth/verify,POST,150,1,0,1,430.2,0.0,554.0,async,159.615,
1789747178.255413,least_work,/api/user/profile,POST,200,9,5,9,3151.4,3574.8,3106.9,sync,70.523,
1789747178.2999701,least_work,/api/image/thumbnail,POST,400,1,0,0,430.5,0.0,0.0,process,222.519,
1789747178.3106256,least_work,/api/feed,POST,300,0,0,0,0.0,0.0,0.0,sync,233.502,
1789747178.3439946,least_work,/api/user/profile,POST,200,9,4,10,2102.1,2577.2,2559.4,sync,42.501,
1789747178.34428,least_work,/api/feed,POST,300,8,3,6,2151.9,2042.8,2772.0,sync,263.07,
1789747178.369571,least_work,/api/auth/verify,POST,150,4,1,2,1082.3,637.3,973.6,async,290.773,
1789747178.3949757,least_work,/api/user/profile,POST,200,8,2,4,2157.4,1272.3,1871.6,async,314.45,
1789747178.396027,least_work,/api/user/profile,POST,200,10,3,6,3008.6,2041.3,2768.9,async,314.294,
1789747178.4013922,least_work,/api/search,POST,250,1,1,1,430.0,638.2,553.8,process,323.486,
1789747178.4936721,least_work,/api/feed,POST,300,3,1,2,652.4,637.5,974.0,sync,415.105,
1789747178.4961047,least_work,/api/feed,POST,300,10,4,9,2764.9,2413.0,3133.4,sync,314.148,
1789747178.4965274,least_work,/api/feed,POST,300,7,2,4,1728.9,1272.8,1872.7,sync,416.287,
1789747178.4974346,least_work,/api/search,POST,250,9,1,12,1534.0,960.9,2363.9,async,99.846,
1789747178.4981081,least_work,/api/feed,POST,300,9,4,9,3158.1,2404.2,3113.5,async,313.956,
1789747178.4986832,least_work,/api/feed,POST,300,5,2,3,1191.2,1274.4,1393.3,sync,419.216,
1789747178.4999495,least_work,/api/feed,POST,300,10,4,9,2451.0,2589.2,3529.7,sync,362.037,
1789747178.5012977,least_work,/api/feed,POST,300,10,4,9,2805.6,2580.0,3509.0,sync,361.078,
1789747178.5021875,least_work,/api/feed,POST,300,9,3,6,2581.0,2042.2,2770.8,sync,420.78,
1789747178.5183432,least_work,/api/image/thumbnail,POST,400,9,4,10,1911.8,2534.7,2453.2,sync,206.228,
1789747178.5222173,least_work,/api/user/profile,POST,200,8,4,10,1884.7,2398.4,2112.4,sync,176.023,
1789747178.5245066,least_work,/api/user/profile,POST,200,9,2,12,1530.8,2484.6,2359.7,sync,126.575,
1789747178.5247629,least_work,/api/feed,POST,300,8,3,4,2155.6,2044.2,1870.7,process,444.006,
1789747178.5298624,least_work,/api/user/profile,POST,200,9,2,12,690.9,2289.6,1514.5,sync,34.4,
1789747178.5359,least_work,/api/user/profile,POST,200,8,1,12,1414.8,1523.0,1451.3,sync,35.162,
1789747178.5555375,least_work,/api/user/profile,POST,200,6,2,15,2763.8,2168.8,2837.5,sync,28.835,
1789747178.6215875,least_work,/api/user/profile,POST,200,6,2,15,2768.4,2160.0,2793.1,sync,90.446,
1789747178.6225774,least_work,/api/search,POST,250,10,4,7,3002.8,2811.6,3186.6,process,540.267,
1789747178.622757,least_work,/api/search,POST,250,7,1,15,1414.6,1504.0,2525.0,sync,103.007,
1789747178.6295414,least_work,/api/feed,POST,300,7,0,12,633.7,0.0,1472.0,sync,130.542,
1789747178.6332266,least_work,/api/feed,POST,300,7,1,12,986.6,1523.4,1455.5,sync,132.85,
1789747178.633487,least_work,/api/feed,POST,300,8,1,12,1449.7,1522.0,1440.8,sync,131.798,
1789747178.6545405,least_work,/api/user/profile,POST,200,5,2,16,1475.1,1972.1,2751.9,sync,29.457,
1789747178.661317,least_work,/api/feed,POST,300,6,2,15,2762.3,2147.8,2732.4,sync,124.101,
1789747178.7286196,least_work,/api/image/thumbnail,POST,400,6,1,15,2765.1,1497.3,2839.7,async,202.134,
1789747178.7397583,least_work,/api/search,POST,250,4,2,16,849.4,1951.6,2639.5,sync,104.432,
1789747178.7457583,least_work,/api/feed,POST,300,6,2,3,1620.6,1273.9,1392.6,process,666.054,
1789747178.7587092,least_work,/api/auth/verify,POST,150,4,2,15,1267.9,1975.4,2347.4,sync,135.285,
1789747178.7619858,least_work,/api/feed,POST,300,5,2,16,2238.3,1950.8,2635.1,sync,126.277,
1789747178.76567,least_work,/api/auth/verify,POST,150,5,2,16,1252.3,1960.1,2686.2,sync,134.604,
1789747178.7894537,least_work,/api/search,POST,250,8,0,12,1062.2,0.0,1468.0,async,290.126,
1789747178.8433414,least_work,/api/search,POST,250,8,3,5,2153.8,2043.5,2351.9,process,762.357,
1789747178.866508,least_work,/api/search,POST,250,3,2,18,1025.6,2407.8,2404.7,sync,99.595,
1789747178.8675551,least_work,/api/feed,POST,300,3,2,18,527.5,2458.5,2280.0,sync,125.985,
1789747178.8716137,least_work,/api/feed,POST,300,4,2,17,935.1,2446.8,2210.2,sync,124.227,
1789747178.890287,least_work,/api/auth/verify,POST,150,4,2,17,1223.4,2421.4,2061.6,sync,130.181,
1789747178.8997262,least_work,/api/user/profile,POST,200,2,2,18,417.7,2147.0,1978.8,sync,31.596,
1789747178.8999376,least_work,/api/user/profile,POST,200,3,2,18,526.9,2145.3,1971.0,sync,30.935,
1789747178.9010117,least_work,/api/user/profile,POST,200,3,2,18,317.7,2137.4,1935.6,sync,28.085,
1789747178.9367523,least_work,/api/report/generate,POST,350,4,2,17,2127.1,1896.6,2751.5,async,273.908,
1789747178.9370594,least_work,/api/feed,POST,300,4,1,18,2319.7,1126.7,2137.4,async,145.941,
1789747178.9400847,least_work,/api/search,POST,250,11,4,8,3109.8,2809.7,3604.4,process,857.318,
1789747178.9865053,least_work,/api/user/profile,POST,200,1,2,18,1381.1,2080.0,1677.1,sync,84.849,
1789747178.9914675,least_work,/api/search,POST,250,3,2,18,270.0,2099.6,1765.3,sync,99.619,
1789747179.0226145,least_work,/api/user/profile,POST,200,2,2,19,551.9,1705.9,1673.4,sync,29.884,
1789747179.02799,least_work,/api/feed,POST,300,2,2,19,1490.5,2077.6,2087.3,sync,125.136,
1789747179.0379298,least_work,/api/search,POST,250,4,2,2,1081.4,1275.3,973.1,process,958.908,
1789747179.0553083,least_work,/api/user/profile,POST,200,2,2,19,488.8,1642.8,1392.7,sync,31.038,
1789747179.06713,least_work,/api/auth/verify,POST,150,3,0,19,1812.6,0.0,1738.0,async,128.012,
1789747179.1168911,least_work,/api/auth/verify,POST,150,2,2,19,1640.3,1715.2,1715.3,sync,128.807,
1789747179.132992,least_work,/api/search,POST,250,10,4,6,3006.1,2812.9,2767.4,process,1051.009,
1789747179.1536183,least_work,/api/feed,POST,300,2,2,19,280.8,1632.4,1351.0,sync,124.142,
1789747179.1870759,least_work,/api/auth/verify,POST,150,2,2,19,550.6,1577.9,1565.5,sync,130.368,
1789747179.1890318,least_work,/api/feed,POST,300,3,1,19,1811.4,638.0,1734.7,async,249.546,
1789747179.192558,least_work,/api/feed,POST,300,3,1,19,731.2,1045.4,1483.9,sync,124.2,
1789747179.220291,least_work,/api/user/profile,POST,200,2,1,20,456.6,925.3,1740.9,sync,31.807,
1789747179.2213545,least_work,/api/user/profile,POST,200,3,0,20,562.6,0.0,1729.3,sync,30.94,
1789747179.2507405,least_work,/api/auth/verify,POST,150,3,1,19,875.5,995.0,1172.1,sync,131.957,
1789747179.282305,least_work,/api/report/generate,POST,350,10,4,9,2723.7,2827.8,2621.3,process,1043.452,
1789747179.3182664,least_work,/api/feed,POST,300,3,0,20,356.4,0.0,1710.7,sync,124.755,
1789747179.3621626,least_work,/api/feed,POST,300,2,1,20,513.6,1254.1,1536.5,sync,139.612,
1789747179.3696425,least_work,/api/report/generate,POST,350,2,0,20,515.4,0.0,1541.9,async,147.984,
1789747179.3795404,least_work,/api/search,POST,250,9,4,10,2497.4,2752.9,2951.4,process,1121.973,
1789747179.3996186,least_work,/api/user/profile,POST,200,3,0,20,1015.5,0.0,1034.4,async,28.478,
1789747179.4293375,least_work,/api/user/profile,POST,200,4,0,19,1121.9,0.0,886.5,async,28.348,
1789747179.4771042,least_work,/api/search,POST,250,9,4,10,1993.5,2397.1,2109.0,process,1130.573,
1789747179.5009336,least_work,/api/feed,POST,300,2,1,20,773.4,1224.5,1358.9,sync,248.782,
1789747179.5068257,least_work,/api/auth/verify,POST,150,2,1,20,821.7,1112.8,1070.8,sync,142.947,
1789747179.5254943,least_work,/api/image/thumbnail,POST,400,2,1,20,696.7,1156.8,1338.2,sync,205.653,
1789747179.5309005,least_work,/api/user/profile,POST,200,3,1,19,536.2,1151.0,873.0,sync,28.679,
1789747179.5375435,least_work,/api/user/profile,POST,200,3,1,19,553.2,1145.2,849.6,sync,29.472,
1789747179.5573392,least_work,/api/user/profile,POST,200,3,1,19,249.8,1126.2,773.8,sync,30.312,
1789747179.575964,least_work,/api/search,POST,250,9,3,11,1772.4,1952.7,2260.3,process,1204.862,
1789747179.6029425,least_work,/api/feed,POST,300,4,0,19,810.1,0.0,966.2,async,123.994,
1789747179.6326206,least_work,/api/auth/verify,POST,150,3,1,19,984.9,762.4,983.5,sync,251.292,
1789747179.6632411,least_work,/api/user/profile,POST,200,4,0,19,748.0,0.0,796.7,async,28.782,
1789747179.6697936,least_work,/api/auth/verify,POST,150,3,1,19,258.3,1120.8,752.1,sync,137.33,
1789747179.6760015,least_work,/api/auth/verify,POST,150,3,1,19,367.6,1114.5,726.8,sync,137.233,
1789747179.6784885,least_work,/api/search,POST,250,10,2,11,1592.8,2474.6,2203.5,process,1275.571,
1789747179.696973,least_work,/api/auth/verify,POST,150,3,1,19,422.0,1094.1,645.4,sync,137.844,
1789747179.7020426,least_work,/api/feed,POST,300,4,1,18,562.9,1075.5,570.7,sync,124.237,
1789747179.7060876,least_work,/api/user/profile,POST,200,3,0,20,846.3,0.0,1088.1,async,28.491,
1789747179.7066984,least_work,/api/user/profile,POST,200,8,1,12,1862.7,1521.0,1429.7,process,1203.975,
1789747179.7320774,least_work,/api/user/profile,POST,200,3,1,19,794.8,746.9,985.0,sync,28.723,
1789747179.734787,least_work,/api/user/profile,POST,200,4,0,18,891.2,0.0,971.6,async,27.582,
1789747179.7371995,least_work,/api/user/profile,POST,200,4,1,18,888.4,771.9,969.5,sync,29.293,
1789747179.7900755,least_work,/api/feed,POST,300,4,0,19,626.4,0.0,657.7,sync,125.218,
1789747179.8117554,least_work,/api/auth/verify,POST,150,3,1,19,840.0,770.5,1079.7,sync,132.063,
1789747179.8438509,least_work,/api/auth/verify,POST,150,3,1,19,904.7,751.9,1005.2,sync,145.556,
1789747179.8442922,least_work,/api/user/profile,POST,200,3,1,19,383.0,618.7,1083.6,sync,52.505,
1789747179.8650148,least_work,/api/report/generate,POST,350,8,1,13,1854.2,1519.8,1744.3,process,1361.067,
1789747179.949216,least_work,/api/image/thumbnail,POST,400,4,0,19,900.2,0.0,1297.0,async,210.771,
1789747179.967234,least_work,/api/search,POST,250,8,1,14,1851.8,1519.5,2258.1,process,1462.948,
1789747180.0107522,least_work,/api/auth/verify,POST,150,4,1,18,790.5,746.3,892.7,sync,277.232,
1789747180.0453424,least_work,/api/image/thumbnail,POST,400,3,1,19,326.4,597.0,997.1,sync,231.913,
1789747180.050466,least_work,/api/user/profile,POST,200,3,1,19,1045.3,563.3,862.1,sync,203.308,
1789747180.0682404,least_work,/api/search,POST,250,7,1,15,2782.7,1500.2,2487.0,process,1544.685,
1789747180.1047726,least_work,/api/report/generate,POST,350,4,0,19,743.9,0.0,789.0,async,153.848,
1789747180.135507,least_work,/api/user/profile,POST,200,3,0,20,1067.0,0.0,1326.2,async,28.943,
1789747180.1651933,least_work,/api/user/profile,POST,200,3,0,20,975.6,0.0,1143.3,async,28.157,
1789747180.1920142,least_work,/api/feed,POST,300,6,2,15,2974.6,2108.7,2536.9,process,1635.25,
1789747180.202425,least_work,/api/feed,POST,300,2,1,19,615.5,563.6,863.5,sync,355.597,
1789747180.226146,least_work,/api/image/thumbnail,POST,400,4,1,18,700.1,1237.1,717.5,sync,257.349,
1789747180.2969244,least_work,/api/search,POST,250,5,2,15,1476.5,1972.6,2333.5,process,1672.112,
1789747180.3241687,least_work,/api/auth/verify,POST,150,3,0,20,805.5,0.0,1274.2,async,130.456,
1789747180.3542717,least_work,/api/user/profile,POST,200,3,0,20,684.9,0.0,1044.0,async,28.318,
1789747180.3807473,least_work,/api/image/thumbnail,POST,400,3,1,19,699.0,1158.9,852.5,sync,333.739,
1789747180.3850472,least_work,/api/user/profile,POST,200,1,1,21,366.1,604.6,1536.1,sync,157.503,
1789747180.3921163,least_work,/api/search,POST,250,5,2,16,2465.7,1909.9,2410.1,process,1735.946,
1789747180.4151075,least_work,/api/user/profile,POST,200,1,1,21,343.4,1251.2,1133.7,sync,28.749,
1789747180.4863544,least_work,/api/search,POST,250,4,2,17,1855.4,2480.0,1988.0,process,1755.567,
1789747180.5345316,least_work,/api/report/generate,POST,350,2,0,21,347.2,0.0,1156.5,async,151.961,
1789747180.5834682,least_work,/api/search,POST,250,4,2,17,1119.4,2414.8,2025.4,process,1820.072,
1789747180.5886018,least_work,/api/feed,POST,300,2,1,20,335.1,533.2,1179.2,sync,289.667,
1789747180.6154227,least_work,/api/image/thumbnail,POST,400,1,1,21,313.2,1221.0,1350.9,sync,198.828,
1789747180.7091022,least_work,/api/feed,POST,300,3,0,20,904.5,0.0,790.8,async,123.888,
1789747180.711804,least_work,/api/feed,POST,300,2,0,21,620.3,0.0,1035.1,sync,175.424,
1789747180.7414072,least_work,/api/user/profile,POST,200,1,0,22,256.4,0.0,1094.6,sync,30.566,
1789747180.7731874,least_work,/api/image/thumbnail,POST,400,4,2,17,2102.9,2192.7,1629.8,process,1927.863,
1789747180.860598,least_work,/api/report/generate,POST,350,1,0,22,109.4,0.0,1082.5,async,147.342,
1789747180.8681822,least_work,/api/feed,POST,300,0,1,22,0.0,1225.0,932.3,sync,124.883,
1789747180.8696878,least_work,/api/search,POST,250,2,2,18,1491.5,2078.5,1670.5,process,1967.304,
1789747180.9005394,least_work,/api/user/profile,POST,200,2,0,21,541.8,0.0,862.8,sync,29.493,
1789747180.9014227,least_work,/api/auth/verify,POST,150,1,1,21,399.2,1193.3,774.0,sync,126.464,
1789747180.9591503,least_work,/api/search,POST,250,3,2,18,1805.5,1808.4,1716.7,process,2017.665,
1789747180.9877136,least_work,/api/feed,POST,300,2,0,21,439.7,0.0,468.1,sync,125.213,
1789747181.0190048,least_work,/api/user/profile,POST,200,1,1,21,344.0,610.3,803.0,sync,29.559,
1789747181.0272994,least_work,/api/feed,POST,300,1,0,22,390.7,0.0,1157.4,sync,124.689,
1789747181.0506194,least_work,/api/user/profile,POST,200,1,1,21,312.5,578.8,677.0,sync,29.654,
1789747181.056336,least_work,/api/search,POST,250,3,2,18,681.6,1612.3,1271.2,process,2016.824,
1789747181.0586338,least_work,/api/user/profile,POST,200,1,1,21,103.8,570.8,645.1,sync,29.706,
1789747181.0818493,least_work,/api/user/profile,POST,200,1,1,21,88.6,547.6,565.7,sync,29.662,
1789747181.085104,least_work,/api/auth/verify,POST,150,2,0,21,704.1,0.0,915.4,async,123.764,
1789747181.0871196,least_work,/api/user/profile,POST,200,2,1,20,189.3,542.0,549.0,sync,29.375,
1789747181.0878518,least_work,/api/user/profile,POST,200,2,1,20,213.6,539.8,542.3,sync,27.885,
1789747181.1133904,least_work,/api/user/profile,POST,200,2,1,20,173.9,516.0,471.0,sync,29.663,
1789747181.1181505,least_work,/api/user/profile,POST,200,1,0,21,107.3,0.0,972.9,sync,29.909,
1789747181.1186552,least_work,/api/user/profile,POST,200,2,0,21,217.8,0.0,970.3,sync,29.774,
1789747181.1978834,least_work,/api/report/generate,POST,350,4,1,18,1027.4,979.1,1076.5,process,2063.176,
1789747181.2300897,least_work,/api/user/profile,POST,200,1,1,21,349.9,1174.8,954.6,sync,29.962,
1789747181.2439313,least_work,/api/feed,POST,300,0,0,22,0.0,0.0,1278.2,sync,124.72,
1789747181.264125,least_work,/api/report/generate,POST,350,1,0,22,430.1,0.0,1275.5,async,144.246,
1789747181.2748523,least_work,/api/user/profile,POST,200,1,1,21,417.2,1129.7,774.1,sync,29.613,
1789747181.3411899,least_work,/api/report/generate,POST,350,3,1,19,640.5,958.7,1453.6,process,2186.05,
1789747181.3552666,least_work,/api/feed,POST,300,1,1,21,318.4,1143.2,828.4,sync,123.599,
1789747181.400813,least_work,/api/feed,POST,300,1,0,22,386.2,0.0,1060.9,sync,124.513,
1789747181.4344225,least_work,/api/search,POST,250,3,1,19,1109.6,1193.0,1169.8,process,2150.732,
1789747181.4369109,least_work,/api/user/profile,POST,200,1,0,22,385.0,0.0,980.9,sync,34.174,
1789747181.4824948,least_work,/api/feed,POST,300,1,0,22,350.2,0.0,1164.3,sync,125.604,
1789747181.5146036,least_work,/api/user/profile,POST,200,0,1,22,0.0,1208.4,1026.6,sync,29.974,
1789747181.5348434,least_work,/api/search,POST,250,4,0,19,1002.2,0.0,766.8,process,2103.913,
1789747181.5674105,least_work,/api/user/profile,POST,200,1,1,21,411.7,1156.3,766.2,sync,30.635,
1789747181.5834017,least_work,/api/report/generate,POST,350,1,0,22,349.7,0.0,1259.6,async,145.364,
1789747181.6435578,least_work,/api/feed,POST,300,0,1,22,0.0,1175.4,861.7,sync,125.934,
1789747181.6578727,least_work,/api/feed,POST,300,5,0,18,866.8,0.0,462.9,process,2053.104,
1789747181.7085574,least_work,/api/auth/verify,POST,150,1,0,21,363.6,0.0,573.8,sync,123.688,
1789747181.775728,least_work,/api/feed,POST,300,1,0,21,154.9,0.0,372.7,sync,130.09,
1789747181.7842343,least_work,/api/feed,POST,300,4,0,19,947.9,0.0,631.5,process,2112.841,
1789747181.819092,least_work,/api/user/profile,POST,200,1,0,21,354.1,0.0,781.9,sync,32.44,
1789747181.8341193,least_work,/api/feed,POST,300,1,0,21,366.5,0.0,575.3,sync,124.152,
1789747181.8781836,least_work,/api/search,POST,250,5,0,18,993.6,0.0,885.2,process,2142.164,
1789747181.9072485,least_work,/api/user/profile,POST,200,4,1,18,1078.5,543.6,797.9,process,2040.42,
1789747181.948585,least_work,/api/feed,POST,300,1,0,21,319.1,0.0,676.8,sync,126.877,
1789747181.9597173,least_work,/api/feed,POST,300,1,0,21,417.1,0.0,635.5,sync,124.251,
1789747182.0299225,least_work,/api/auth/verify,POST,150,2,0,19,699.8,0.0,465.0,async,120.439,
1789747182.0312955,least_work,/api/feed,POST,300,4,1,18,1115.6,1193.5,542.7,process,2018.807,
1789747182.1291075,least_work,/api/search,POST,250,3,1,19,1230.7,1154.0,827.6,process,2077.124,
1789747182.155298,least_work,/api/auth/verify,POST,150,0,0,20,0.0,0.0,912.2,sync,123.702,
1789747182.2280543,least_work,/api/search,POST,250,3,1,19,1176.4,1135.8,1140.3,process,2157.941,
1789747182.2603269,least_work,/api/user/profile,POST,200,1,1,19,357.9,1156.7,519.7,sync,30.643,
1789747182.274934,least_work,/api/report/generate,POST,350,1,0,20,115.8,0.0,884.3,async,143.546,
1789747182.2803116,least_work,/api/feed,POST,300,0,1,20,0.0,1229.7,782.8,sync,123.562,
1789747182.2921498,least_work,/api/user/profile,POST,200,1,1,19,325.7,1124.6,423.3,sync,30.331,
1789747182.3219664,least_work,/api/search,POST,250,3,0,20,885.8,0.0,986.4,process,2154.998,
1789747182.3236778,least_work,/api/user/profile,POST,200,1,0,20,203.8,0.0,828.1,sync,30.041,
1789747182.3555572,least_work,/api/user/profile,POST,200,1,0,19,173.5,0.0,706.9,sync,31.593,
1789747182.3559551,least_work,/api/user/profile,POST,200,2,0,19,283.0,0.0,702.2,sync,30.837,
1789747182.3874142,least_work,/api/user/profile,POST,200,1,0,19,139.4,0.0,570.7,sync,29.415,
1789747182.4052665,least_work,/api/auth/verify,POST,150,1,0,20,91.8,0.0,875.4,sync,123.452,
1789747182.4151397,least_work,/api/search,POST,250,2,1,20,701.3,628.3,1232.9,process,2211.263,
1789747182.4370944,least_work,/api/user/profile,POST,200,1,0,20,413.0,0.0,807.0,sync,30.151,
1789747182.4455142,least_work,/api/user/profile,POST,200,2,0,19,505.1,0.0,777.4,sync,28.701,
1789747182.5073783,least_work,/api/search,POST,250,3,0,20,610.3,0.0,891.0,process,2150.817,
1789747182.513403,least_work,/api/feed,POST,300,1,0,20,108.3,0.0,860.4,sync,124.25,
1789747182.5726986,least_work,/api/feed,POST,300,1,0,20,372.7,0.0,1098.9,sync,125.434,
1789747182.606785,least_work,/api/search,POST,250,1,0,20,363.5,0.0,1305.9,async,92.185,
1789747182.607674,least_work,/api/search,POST,250,2,1,20,440.7,1244.0,1090.1,process,2214.051,
1789747182.6394966,least_work,/api/user/profile,POST,200,0,0,19,0.0,0.0,930.1,sync,30.94,
1789747182.7052348,least_work,/api/search,POST,250,2,1,20,716.6,1149.4,864.5,process,2217.051,
1789747182.8566287,least_work,/api/report/generate,POST,350,0,0,19,0.0,0.0,857.0,async,148.995,
1789747182.8689177,least_work,/api/report/generate,POST,350,2,1,20,750.2,1169.4,767.9,process,2278.818,
1789747182.8890686,least_work,/api/user/profile,POST,200,0,0,19,0.0,0.0,246.5,sync,30.755,
1789747182.9607208,least_work,/api/search,POST,250,1,1,21,350.2,1142.5,1150.4,process,2343.676,
1789747182.9928339,least_work,/api/auth/verify,POST,150,1,0,18,99.9,0.0,220.7,sync,122.569,
1789747183.0146854,least_work,/api/feed,POST,300,1,0,18,195.4,0.0,180.2,sync,124.176,
1789747183.052232,least_work,/api/search,POST,250,2,0,20,544.0,0.0,445.8,process,2182.302,
1789747183.1199982,least_work,/api/feed,POST,300,1,0,18,327.0,0.0,486.9,sync,125.675,
1789747183.1427305,least_work,/api/feed,POST,300,1,0,18,408.8,0.0,442.8,sync,126.382,
1789747183.1514628,least_work,/api/search,POST,250,1,0,21,391.4,0.0,739.2,process,2249.513,
1789747183.2700431,least_work,/api/feed,POST,300,0,0,19,0.0,0.0,1125.7,sync,125.524,
1789747183.2784107,least_work,/api/feed,POST,300,1,0,18,421.9,0.0,1098.9,sync,124.963,
1789747183.298308,least_work,/api/report/generate,POST,350,3,0,20,277.6,0.0,462.9,process,2211.874,
1789747183.3312023,least_work,/api/user/profile,POST,200,1,0,18,402.9,0.0,1061.4,sync,31.283,
1789747183.3917322,least_work,/api/search,POST,250,2,0,21,170.8,0.0,873.6,process,2276.745,
1789747183.397756,least_work,/api/feed,POST,300,1,0,18,312.2,0.0,743.1,sync,125.723,
1789747183.493888,least_work,/api/search,POST,250,2,0,21,488.0,0.0,691.9,process,2228.091,
1789747183.542808,least_work,/api/report/generate,POST,350,0,0,19,0.0,0.0,1435.8,async,143.433,
1789747183.589764,least_work,/api/search,POST,250,2,0,21,683.8,0.0,798.8,process,2246.885,
1789747183.6698666,least_work,/api/feed,POST,300,0,0,19,0.0,0.0,1037.7,sync,125.14,
1789747183.688414,least_work,/api/search,POST,250,2,0,21,429.5,0.0,846.3,process,2252.01,
1789747183.7843804,least_work,/api/search,POST,250,2,0,20,554.2,0.0,325.5,process,2123.02,
1789747183.7957327,least_work,/api/feed,POST,300,0,0,19,0.0,0.0,845.1,sync,124.088,
1789747183.8151155,least_work,/api/user/profile,POST,200,1,1,17,316.2,575.8,386.9,sync,28.816,
1789747183.8790154,least_work,/api/image/thumbnail,POST,400,1,0,18,412.4,0.0,753.2,async,188.982,
1789747183.8865302,least_work,/api/search,POST,250,1,0,21,361.3,0.0,381.7,process,2106.98,
1789747183.9226499,least_work,/api/feed,POST,300,1,1,17,100.9,564.8,354.1,sync,125.408,
1789747183.9830532,least_work,/api/search,POST,250,1,1,19,315.9,597.5,383.1,process,2032.619,
1789747184.034074,least_work,/api/report/generate,POST,350,1,0,18,340.1,0.0,918.7,async,146.071,
1789747184.0766323,least_work,/api/search,POST,250,0,1,20,0.0,586.7,772.3,process,2115.425,
1789747184.1085436,least_work,/api/user/profile,POST,200,1,0,16,388.3,0.0,383.7,sync,30.231,
1789747184.1601923,least_work,/api/feed,POST,300,0,0,17,0.0,0.0,468.8,sync,124.443,
1789747184.1693199,least_work,/api/search,POST,250,1,0,20,214.7,0.0,908.4,process,2136.765,
1789747184.2940557,least_work,/api/feed,POST,300,0,0,17,0.0,0.0,587.0,sync,132.189,
1789747184.3146412,least_work,/api/auth/verify,POST,150,1,0,16,421.7,0.0,559.5,sync,143.617,
1789747184.3281434,least_work,/api/user/profile,POST,200,1,0,16,90.0,0.0,241.3,sync,31.524,
1789747184.3433392,least_work,/api/report/generate,POST,350,2,0,19,407.8,0.0,378.6,process,2066.631,
1789747184.3458474,least_work,/api/user/profile,POST,200,1,0,16,91.9,0.0,215.7,sync,29.33,
1789747184.3576756,least_work,/api/user/profile,POST,200,1,0,16,98.8,0.0,202.7,sync,28.102,
1789747184.3747804,least_work,/api/user/profile,POST,200,2,0,15,179.8,0.0,187.3,sync,29.808,
1789747184.3769064,least_work,/api/user/profile,POST,200,2,0,15,203.7,0.0,185.0,sync,29.686,
1789747184.408218,least_work,/api/user/profile,POST,200,0,1,16,0.0,652.7,669.4,sync,29.955,
1789747184.4405034,least_work,/api/user/profile,POST,200,0,1,16,0.0,620.9,605.7,sync,30.418,
1789747184.4414062,least_work,/api/search,POST,250,2,0,19,250.6,0.0,569.4,process,2083.087,
1789747184.5406694,least_work,/api/search,POST,250,2,0,19,471.3,0.0,711.9,process,2102.025,
1789747184.5585294,least_work,/api/image/thumbnail,POST,400,2,0,15,198.0,0.0,173.3,async,199.61,
1789747184.6348808,least_work,/api/search,POST,250,2,0,19,680.2,0.0,907.2,process,2125.974,
1789747184.6392832,least_work,/api/image/thumbnail,POST,400,0,1,15,0.0,588.1,540.2,sync,196.421,
1789747184.7282648,least_work,/api/search,POST,250,1,0,19,111.1,0.0,927.2,process,2118.974,
1789747184.7621942,least_work,/api/auth/verify,POST,150,1,0,15,426.9,0.0,896.3,async,121.49,
1789747184.7629519,least_work,/api/feed,POST,300,1,0,15,352.7,0.0,908.1,sync,126.205,
1789747184.8532548,least_work,/api/feed,POST,300,2,0,17,482.4,0.0,68.4,process,1890.866,
1789747184.889989,least_work,/api/feed,POST,300,0,0,15,0.0,0.0,911.8,sync,125.387,
1789747184.9236662,least_work,/api/user/profile,POST,200,1,0,14,180.5,0.0,403.0,sync,31.878,
1789747184.983475,least_work,/api/auth/verify,POST,150,1,0,14,338.7,0.0,543.4,sync,126.759,
1789747185.0060484,least_work,/api/report/generate,POST,350,2,0,17,764.5,0.0,390.8,process,1952.156,
1789747185.0377939,least_work,/api/user/profile,POST,200,1,1,13,193.3,590.7,144.0,sync,30.001,
1789747185.106544,least_work,/api/search,POST,250,1,0,18,325.3,0.0,772.0,process,1984.629,
1789747185.1161451,least_work,/api/auth/verify,POST,150,0,1,14,0.0,613.0,166.3,sync,130.627,
1789747185.124177,least_work,/api/image/thumbnail,POST,400,1,0,14,145.8,0.0,297.1,async,197.693,
1789747185.1460083,least_work,/api/user/profile,POST,200,1,1,13,137.4,480.9,542.3,sync,28.416,
1789747185.1730266,least_work,/api/auth/verify,POST,150,1,1,13,161.7,559.1,112.4,sync,133.598,
1789747185.2017188,least_work,/api/search,POST,250,1,0,18,422.5,0.0,718.3,process,1921.407,
1789747185.2308707,least_work,/api/user/profile,POST,200,1,0,14,1362.1,0.0,1132.0,async,27.469,
1789747185.2610426,least_work,/api/user/profile,POST,200,1,0,14,1333.0,0.0,1044.6,async,28.51,
1789747185.2684927,least_work,/api/search,POST,250,0,0,15,0.0,0.0,1218.4,sync,93.893,
1789747185.2951257,least_work,/api/search,POST,250,1,0,18,368.7,0.0,924.7,process,1961.016,
1789747185.3870606,least_work,/api/feed,POST,300,1,0,14,1302.7,0.0,953.9,async,124.268,
1789747185.391644,least_work,/api/search,POST,250,1,0,18,309.0,0.0,1047.5,process,1997.774,
1789747185.4634478,least_work,/api/image/thumbnail,POST,400,0,1,14,0.0,1166.7,931.0,sync,193.05,
1789747185.4668486,least_work,/api/user/profile,POST,200,1,0,14,427.9,0.0,904.5,sync,77.767,
1789747185.4859476,least_work,/api/search,POST,250,0,1,18,0.0,1158.5,908.0,process,1990.076,
1789747185.5783956,least_work,/api/search,POST,250,1,0,18,384.0,0.0,824.1,process,1986.87,
1789747185.6104925,least_work,/api/user/profile,POST,200,0,1,12,0.0,1162.1,490.2,sync,30.066,
1789747185.6313732,least_work,/api/report/generate,POST,350,0,0,13,0.0,0.0,910.6,async,143.901,
1789747185.6650493,least_work,/api/user/profile,POST,200,0,1,12,0.0,1130.2,394.6,sync,52.764,
1789747185.6777072,least_work,/api/search,POST,250,1,1,17,411.5,545.5,297.4,process,1861.193,
1789747185.773661,least_work,/api/search,POST,250,1,0,18,347.3,0.0,526.2,process,1892.895,
1789747185.8346221,least_work,/api/user/profile,POST,200,1,0,12,500.3,0.0,561.5,sync,155.103,
1789747185.8350818,least_work,/api/image/thumbnail,POST,400,1,0,12,90.9,0.0,339.4,sync,201.914,
1789747185.873642,least_work,/api/search,POST,250,1,0,16,355.8,0.0,318.8,process,1762.907,
1789747185.9259732,least_work,/api/auth/verify,POST,150,2,0,11,420.5,0.0,330.8,sync,150.653,
1789747185.9629405,least_work,/api/feed,POST,300,1,0,11,153.3,0.0,206.1,sync,125.268,
1789747185.964455,least_work,/api/auth/verify,POST,150,2,0,11,583.5,0.0,205.5,async,126.478,
1789747186.0247388,least_work,/api/report/generate,POST,350,1,1,15,82.6,654.5,155.8,process,1648.307,
1789747186.0564291,least_work,/api/user/profile,POST,200,1,0,11,153.6,0.0,589.6,sync,29.513,
1789747186.0890765,least_work,/api/auth/verify,POST,150,0,0,11,0.0,0.0,319.7,sync,124.136,
1789747186.17531,least_work,/api/report/generate,POST,350,1,1,15,546.1,587.6,539.2,process,1731.959,
1789747186.1812613,least_work,/api/feed,POST,300,1,0,11,122.8,0.0,527.8,sync,123.476,
1789747186.206066,least_work,/api/user/profile,POST,200,1,1,10,311.2,585.4,288.6,sync,28.667,
1789747186.2367556,least_work,/api/user/profile,POST,200,0,1,10,0.0,555.0,227.9,sync,29.015,
1789747186.2704866,least_work,/api/search,POST,250,1,1,15,446.8,488.3,768.9,process,1727.833,
1789747186.2800941,least_work,/api/image/thumbnail,POST,400,1,0,11,397.9,0.0,461.9,async,189.359,
1789747186.3626451,least_work,/api/search,POST,250,1,1,14,337.3,548.8,627.5,process,1632.362,
1789747186.3952498,least_work,/api/user/profile,POST,200,1,0,10,338.4,0.0,753.7,sync,30.772,
1789747186.398471,least_work,/api/feed,POST,300,0,1,10,0.0,490.7,600.0,sync,126.385,
1789747186.431758,least_work,/api/user/profile,POST,200,0,0,10,0.0,0.0,661.5,sync,32.894,
1789747186.4321642,least_work,/api/user/profile,POST,200,1,0,10,110.1,0.0,657.9,sync,31.556,
1789747186.5020173,least_work,/api/report/generate,POST,350,2,1,12,239.2,490.0,43.3,process,1393.527,
1789747186.5335498,least_work,/api/user/profile,POST,200,1,0,10,361.4,0.0,899.9,sync,29.771,
1789747186.560548,least_work,/api/feed,POST,300,0,0,10,0.0,0.0,590.3,sync,126.147,
1789747186.592817,least_work,/api/search,POST,250,2,0,13,233.0,0.0,526.0,process,1467.076,
1789747186.6850972,least_work,/api/search,POST,250,1,0,14,107.3,0.0,881.5,process,1537.34,
1789747186.7407277,least_work,/api/auth/verify,POST,150,0,0,10,0.0,0.0,989.8,sync,146.025,
1789747186.7879288,least_work,/api/search,POST,250,1,1,13,519.9,1140.0,851.0,process,1490.844,
1789747186.882592,least_work,/api/image/thumbnail,POST,400,1,0,9,123.4,0.0,621.0,sync,195.693,
1789747186.8832886,least_work,/api/search,POST,250,1,0,13,35.2,0.0,598.2,process,1417.622,
1789747186.910836,least_work,/api/user/profile,POST,200,1,0,12,513.1,0.0,272.3,process,1244.117,
1789747186.921704,least_work,/api/user/profile,POST,200,1,0,8,546.2,0.0,559.0,sync,35.789,
1789747186.9396958,least_work,/api/user/profile,POST,200,1,1,10,340.6,548.5,66.4,process,1011.825,
1789747187.039809,least_work,/api/search,POST,250,1,0,11,214.1,0.0,316.6,process,1073.326,
1789747187.0879161,least_work,/api/image/thumbnail,POST,400,0,0,8,0.0,0.0,560.1,sync,202.362,
1789747187.0908756,least_work,/api/user/profile,POST,200,1,1,6,490.4,643.0,391.5,sync,149.15,
1789747187.1188447,least_work,/api/image/thumbnail,POST,400,2,0,7,604.5,0.0,478.6,async,206.144,
1789747187.194928,least_work,/api/report/generate,POST,350,0,1,10,0.0,523.8,165.4,process,955.93,
1789747187.2250144,least_work,/api/auth/verify,POST,150,0,1,6,0.0,492.2,646.5,sync,132.488,
1789747187.2273126,least_work,/api/user/profile,POST,200,2,0,5,465.5,0.0,437.3,sync,30.183,
1789747187.2452557,least_work,/api/feed,POST,300,1,0,6,187.3,0.0,589.9,sync,124.42,
1789747187.2954013,least_work,/api/search,POST,250,1,0,10,421.5,0.0,581.4,process,1013.985,
1789747187.32765,least_work,/api/user/profile,POST,200,1,1,4,380.1,601.6,237.0,sync,30.344,
1789747187.3584323,least_work,/api/user/profile,POST,200,1,1,4,348.0,569.5,194.9,sync,29.01,
1789747187.371251,least_work,/api/feed,POST,300,0,1,5,0.0,652.3,338.3,sync,124.611,
1789747187.4222395,least_work,/api/image/thumbnail,POST,400,2,0,5,406.8,0.0,377.8,async,195.337,
1789747187.4441197,least_work,/api/report/generate,POST,350,1,0,10,430.4,0.0,589.4,process,1009.271,
1789747187.490617,least_work,/api/auth/verify,POST,150,1,1,4,317.2,538.7,164.1,sync,130.399,
1789747187.5362802,least_work,/api/search,POST,250,1,0,10,329.3,0.0,803.6,process,1000.394,
1789747187.690937,least_work,/api/report/generate,POST,350,1,0,8,443.5,0.0,329.4,process,900.893,
1789747187.8197362,least_work,/api/feed,POST,300,2,1,5,401.7,542.7,265.3,process,777.703,
1789747187.82209,least_work,/api/feed,POST,300,0,0,4,0.0,0.0,689.0,sync,128.961,
1789747187.8590877,least_work,/api/user/profile,POST,200,0,0,3,0.0,0.0,294.0,sync,34.279,
1789747187.972276,least_work,/api/report/generate,POST,350,1,0,4,151.6,0.0,100.1,process,547.996,
1789747188.0705872,least_work,/api/search,POST,250,1,0,4,130.0,0.0,574.1,process,624.739,
1789747188.1705692,least_work,/api/search,POST,250,0,0,4,0.0,0.0,732.8,process,632.552,
1789747188.2640266,least_work,/api/image/thumbnail,POST,400,0,0,3,0.0,0.0,632.8,sync,191.384,
1789747188.2678955,least_work,/api/search,POST,250,0,0,3,0.0,0.0,176.1,process,403.796,
1789747188.2962916,least_work,/api/user/profile,POST,200,0,1,2,0.0,578.9,245.9,sync,30.229,
1789747188.2982142,least_work,/api/user/profile,POST,200,1,1,1,108.1,575.2,222.7,sync,28.49,
1789747188.3666377,least_work,/api/image/thumbnail,POST,400,1,0,2,446.3,0.0,432.2,async,193.693,
1789747188.411491,least_work,/api/report/generate,POST,350,0,0,3,0.0,0.0,310.4,process,436.266,
1789747188.4442143,least_work,/api/user/profile,POST,200,0,0,2,0.0,0.0,780.5,sync,30.812,
1789747188.5014036,least_work,/api/search,POST,250,0,1,1,0.0,544.9,192.3,process,201.311,
1789747188.629902,least_work,/api/auth/verify,POST,150,0,0,2,0.0,0.0,747.0,sync,126.759,
1789747188.649575,least_work,/api/report/generate,POST,350,0,0,2,0.0,0.0,477.0,process,281.034,
1789747188.7420053,least_work,/api/search,POST,250,0,0,2,0.0,0.0,715.3,process,295.981,
1789747188.7801511,least_work,/api/feed,POST,300,0,0,1,0.0,0.0,216.4,sync,129.036,
1789747188.9054677,least_work,/api/auth/verify,POST,150,0,0,0,0.0,0.0,0.0,sync,120.923,
1789747195.0656917,adaptive_work,/api/user/profile,POST,200,2,0,1,323.7,0.0,481.8,sync,44.712,
1789747195.0734541,adaptive_work,/api/user/profile,POST,200,4,2,4,859.2,1891.9,1829.2,sync,50.588,
1789747195.0741613,adaptive_work,/api/user/profile,POST,200,1,0,1,212.3,0.0,482.0,sync,53.376,
1789747195.081503,adaptive_work,/api/user/profile,POST,200,6,2,4,1400.3,1891.4,1828.2,sync,58.371,
1789747195.0816576,adaptive_work,/api/user/profile,POST,200,9,2,5,2148.4,1889.0,2150.7,sync,57.344,
1789747195.0827165,adaptive_work,/api/user/profile,POST,200,11,2,6,2469.7,1887.9,2664.9,sync,57.823,
1789747195.1068227,adaptive_work,/api/user/profile,POST,200,12,3,8,2670.5,2508.3,3239.7,sync,31.056,
1789747195.1074817,adaptive_work,/api/user/profile,POST,200,11,3,8,2563.1,2509.4,3242.7,sync,32.083,
1789747195.1537592,adaptive_work,/api/search,POST,250,4,1,2,860.9,637.6,987.6,process,131.308,
1789747195.1605656,adaptive_work,/api/feed,POST,300,1,0,0,212.6,0.0,0.0,process,140.065,
1789747195.1618829,adaptive_work,/api/feed,POST,300,3,0,1,434.2,0.0,481.4,sync,140.461,
1789747195.1686277,adaptive_work,/api/feed,POST,300,5,2,4,970.3,1891.6,1828.7,sync,145.617,
1789747195.1726022,adaptive_work,/api/auth/verify,POST,150,0,0,0,0.0,0.0,0.0,sync,155.157,
1789747195.1762125,adaptive_work,/api/feed,POST,300,8,2,4,1725.6,1890.8,1827.0,sync,152.788,
1789747195.1776252,adaptive_work,/api/feed,POST,300,13,3,7,3003.5,2658.8,3177.8,sync,152.043,
1789747195.1790786,adaptive_work,/api/feed,POST,300,12,2,6,2578.8,1887.4,2663.6,sync,153.964,
1789747195.1818588,adaptive_work,/api/user/profile,POST,200,9,2,4,2150.2,1889.4,1824.2,process,157.743,
1789747195.1863925,adaptive_work,/api/user/profile,POST,200,9,3,7,2096.4,2268.1,2311.1,sync,30.563,
1789747195.1901708,adaptive_work,/api/auth/verify,POST,150,4,1,1,863.6,638.3,481.0,process,168.412,
1789747195.191791,adaptive_work,/api/auth/verify,POST,150,4,0,1,864.2,0.0,481.2,async,170.184,
1789747195.192147,adaptive_work,/api/auth/verify,POST,150,7,2,4,1511.1,1891.1,1827.6,sync,168.866,
1789747195.1958818,adaptive_work,/api/auth/verify,POST,150,10,2,5,2258.1,1888.6,2149.7,sync,171.36,
1789747195.2061825,adaptive_work,/api/report/generate,POST,350,11,2,5,2471.4,1888.2,2148.7,process,181.451,
1789747195.2081695,adaptive_work,/api/feed,POST,300,10,3,8,2526.7,2485.7,3179.6,sync,124.892,
1789747195.2108374,adaptive_work,/api/user/profile,POST,200,7,3,7,1809.8,2197.5,2227.3,sync,31.479,
1789747195.2148306,adaptive_work,/api/user/profile,POST,200,8,3,6,1884.5,2183.6,2027.2,sync,30.839,
1789747195.220937,adaptive_work,/api/user/profile,POST,200,13,2,6,3007.5,1887.1,2662.6,async,195.665,
1789747195.2217765,adaptive_work,/api/user/profile,POST,200,7,2,5,1799.3,1690.9,1639.8,sync,29.429,
1789747195.2245,adaptive_work,/api/user/profile,POST,200,8,2,6,1891.8,1686.0,1954.8,sync,29.751,
1789747195.2940834,adaptive_work,/api/feed,POST,300,9,3,7,1840.9,2244.5,2336.9,sync,130.376,
1789747195.3002694,adaptive_work,/api/search,POST,250,4,2,3,859.6,1892.1,1408.2,process,277.508,
1789747195.3017566,adaptive_work,/api/feed,POST,300,9,3,7,1915.6,2222.5,2285.6,sync,130.708,
1789747195.3035085,adaptive_work,/api/search,POST,250,13,3,7,2783.5,2533.3,2885.1,process,236.094,
1789747195.3062398,adaptive_work,/api/feed,POST,300,8,3,7,1951.1,2203.7,2241.7,sync,128.935,
1789747195.309706,adaptive_work,/api/search,POST,250,9,3,6,1854.2,2248.9,1925.7,process,147.477,
1789747195.3224814,adaptive_work,/api/report/generate,POST,350,13,3,6,3005.7,2659.3,2661.8,process,297.064,
1789747195.3284032,adaptive_work,/api/user/profile,POST,200,8,2,5,1895.6,1687.0,1630.1,process,134.119,
1789747195.3343997,adaptive_work,/api/user/profile,POST,200,2,1,3,413.9,974.0,737.2,sync,30.753,
1789747195.3499677,adaptive_work,/api/report/generate,POST,350,4,1,3,860.1,637.4,1408.5,async,327.326,
1789747195.3542063,adaptive_work,/api/auth/verify,POST,150,8,2,6,1936.3,1680.5,1938.3,sync,156.705,
1789747195.4130342,adaptive_work,/api/user/profile,POST,200,1,0,0,430.5,0.0,0.0,process,35.137,
1789747195.419049,adaptive_work,/api/user/profile,POST,200,4,1,4,1184.2,637.3,1683.5,sync,39.401,
1789747195.4479997,adaptive_work,/api/user/profile,POST,200,2,1,3,644.2,638.0,1264.4,sync,69.07,
1789747195.455366,adaptive_work,/api/user/profile,POST,200,6,2,4,1400.9,1407.4,1678.2,sync,74.392,
1789747195.4759288,adaptive_work,/api/user/profile,POST,200,5,2,4,1290.5,1407.9,1679.1,sync,95.182,
1789747195.48681,adaptive_work,/api/user/profile,POST,200,7,2,4,1511.4,1407.1,1677.4,sync,105.638,
1789747195.4952815,adaptive_work,/api/user/profile,POST,200,12,4,7,2772.1,2680.4,2888.8,sync,45.375,
1789747195.5021567,adaptive_work,/api/search,POST,250,2,0,1,645.4,0.0,327.1,process,123.83,
1789747195.5100465,adaptive_work,/api/user/profile,POST,200,11,4,8,2488.3,2567.7,3091.7,sync,31.959,
1789747195.5143979,adaptive_work,/api/feed,POST,300,3,1,3,755.4,637.8,1263.8,sync,135.259,
1789747195.5569646,adaptive_work,/api/auth/verify,POST,150,1,0,1,430.3,0.0,327.3,sync,178.855,
1789747195.574339,adaptive_work,/api/auth/verify,POST,150,2,0,2,645.1,0.0,748.2,async,195.828,
1789747195.5812337,adaptive_work,/api/auth/verify,POST,150,9,2,5,1833.4,1405.8,2191.9,sync,199.439,
1789747195.584785,adaptive_work,/api/feed,POST,300,12,4,7,2892.4,2946.3,3217.4,sync,201.384,
1789747195.5854518,adaptive_work,/api/report/generate,POST,350,9,2,4,1835.1,1406.2,1675.7,process,203.854,
1789747195.5888107,adaptive_work,/api/feed,POST,300,10,2,5,2046.1,1405.2,2190.5,sync,206.726,
1789747195.5890658,adaptive_work,/api/auth/verify,POST,150,8,2,4,1621.4,1406.6,1676.5,sync,207.675,
1789747195.5910113,adaptive_work,/api/feed,POST,300,0,0,0,0.0,0.0,0.0,sync,213.452,
1789747195.593708,adaptive_work,/api/feed,POST,300,11,3,5,2471.7,2176.7,2188.1,sync,211.155,
1789747195.5951157,adaptive_work,/api/feed,POST,300,13,4,6,2917.4,2821.4,2708.1,sync,180.488,
1789747195.6014788,adaptive_work,/api/report/generate,POST,350,2,1,2,644.6,638.2,747.8,process,222.751,
1789747195.6062307,adaptive_work,/api/user/profile,POST,200,5,1,4,1294.9,637.0,1682.6,async,226.362,
1789747195.6073024,adaptive_work,/api/user/profile,POST,200,12,3,6,2897.7,2175.5,2703.1,async,224.344,
1789747195.6081955,adaptive_work,/api/user/profile,POST,200,11,2,5,2474.1,1404.7,2189.2,async,225.851,
1789747195.6123166,adaptive_work,/api/report/generate,POST,350,12,4,6,2895.4,2947.3,2702.0,process,229.168,
1789747195.6705332,adaptive_work,/api/user/profile,POST,200,10,4,9,2916.9,2929.2,2957.4,sync,94.244,
1789747195.6823885,adaptive_work,/api/search,POST,250,9,5,9,1696.7,3455.2,3111.0,sync,123.159,
1789747195.702845,adaptive_work,/api/search,POST,250,4,1,3,1185.1,637.5,1262.9,process,323.423,
1789747195.7070653,adaptive_work,/api/report/generate,POST,350,12,3,5,2900.1,2176.1,2187.1,process,324.308,
1789747195.724082,adaptive_work,/api/search,POST,250,12,4,7,2758.0,2652.7,2840.4,process,267.278,
1789747195.7332406,adaptive_work,/api/search,POST,250,13,4,6,3193.8,2797.6,2672.3,process,312.646,
1789747195.753621,adaptive_work,/api/auth/verify,POST,150,10,4,9,2311.8,2491.7,3448.9,sync,256.56,
1789747195.7582047,adaptive_work,/api/auth/verify,POST,150,10,4,9,2279.3,2429.6,3530.7,sync,245.618,
1789747195.7589345,adaptive_work,/api/search,POST,250,8,4,11,2611.1,2863.7,3939.3,sync,166.276,
1789747195.775246,adaptive_work,/api/report/generate,POST,350,10,4,9,2160.2,2414.7,3497.1,async,258.92,
1789747195.7804487,adaptive_work,/api/auth/verify,POST,150,7,4,11,2402.3,2867.2,3948.8,sync,188.651,
1789747195.7989523,adaptive_work,/api/auth/verify,POST,150,6,4,11,2189.7,2868.9,3953.5,sync,207.581,
1789747195.830095,adaptive_work,/api/user/profile,POST,200,11,4,8,2399.0,3447.7,2558.7,sync,94.703,
1789747195.8572798,adaptive_work,/api/user/profile,POST,200,7,5,11,3451.4,3586.9,3939.7,sync,253.589,
1789747195.8826594,adaptive_work,/api/user/profile,POST,200,10,4,9,2523.5,3551.8,2629.8,sync,173.274,
1789747195.8838718,adaptive_work,/api/user/profile,POST,200,9,4,10,2451.7,3567.8,2860.4,sync,178.477,
1789747195.8843136,adaptive_work,/api/user/profile,POST,200,10,4,8,1494.6,3350.3,2363.9,sync,124.573,
1789747195.8893569,adaptive_work,/api/report/generate,POST,350,11,4,8,2449.0,2463.2,3089.0,process,385.157,
1789747195.8922057,adaptive_work,/api/user/profile,POST,200,11,4,8,1597.8,3346.8,2357.0,sync,131.593,
1789747195.893648,adaptive_work,/api/user/profile,POST,200,12,3,8,1528.4,2286.7,2225.2,sync,116.557,
1789747195.8975513,adaptive_work,/api/report/generate,POST,350,11,4,8,2467.0,2524.7,3005.7,process,408.72,
1789747195.905111,adaptive_work,/api/user/profile,POST,200,12,3,8,1757.6,2216.3,2037.5,sync,104.567,
1789747195.9104314,adaptive_work,/api/report/generate,POST,350,10,4,9,2937.8,2901.3,2894.5,process,327.151,
1789747195.922373,adaptive_work,/api/user/profile,POST,200,7,4,12,3489.0,2841.2,4296.4,async,324.063,
1789747195.9228568,adaptive_work,/api/report/generate,POST,350,8,2,11,3521.8,1924.6,3882.7,async,313.997,
1789747195.923154,adaptive_work,/api/user/profile,POST,200,8,3,11,3508.5,3174.6,3864.5,async,312.639,
1789747195.923716,adaptive_work,/api/report/generate,POST,350,9,4,9,2674.2,2886.8,3063.5,process,336.814,
1789747195.9280617,adaptive_work,/api/user/profile,POST,200,11,3,9,1764.6,1956.6,1711.5,sync,40.959,
1789747195.9293892,adaptive_work,/api/user/profile,POST,200,10,3,9,1659.0,1958.5,1717.1,sync,42.9,
1789747195.9376044,adaptive_work,/api/auth/verify,POST,150,8,4,11,3364.2,3698.2,3314.6,sync,264.819,
1789747195.9603055,adaptive_work,/api/user/profile,POST,200,12,1,9,2548.5,1523.5,2500.4,async,32.872,
1789747195.961584,adaptive_work,/api/user/profile,POST,200,12,2,9,2545.3,2295.6,2497.8,async,33.864,
1789747195.963785,adaptive_work,/api/user/profile,POST,200,10,3,9,2381.3,3060.8,2475.7,sync,33.605,
1789747195.964258,adaptive_work,/api/user/profile,POST,200,11,3,9,2481.4,3057.3,2465.1,sync,32.906,
1789747195.9692457,adaptive_work,/api/user/profile,POST,200,11,3,9,2508.3,3034.1,2395.6,sync,30.16,
1789747196.001496,adaptive_work,/api/feed,POST,300,8,4,11,3504.1,3945.0,3858.4,sync,390.426,
1789747196.0140378,adaptive_work,/api/feed,POST,300,8,4,11,2207.9,3650.9,3184.6,sync,329.428,
1789747196.0145285,adaptive_work,/api/feed,POST,300,12,3,8,1555.6,2271.9,2185.7,sync,232.515,
1789747196.0158312,adaptive_work,/api/search,POST,250,7,4,11,3505.6,2850.6,3903.3,process,419.892,
1789747196.0170617,adaptive_work,/api/feed,POST,300,11,4,8,2327.8,3366.4,2396.1,sync,261.33,
1789747196.0212414,adaptive_work,/api/search,POST,250,9,4,10,2670.2,2885.0,3576.4,process,433.905,
1789747196.0281243,adaptive_work,/api/feed,POST,300,10,3,9,1810.4,1935.7,1847.3,sync,134.029,
1789747196.0289469,adaptive_work,/api/feed,POST,300,9,3,9,1242.4,1963.3,1731.4,sync,144.047,
1789747196.0340152,adaptive_work,/api/search,POST,250,9,4,10,3909.5,3933.7,3540.8,process,420.12,
1789747196.0487869,adaptive_work,/api/search,POST,250,11,4,8,2471.7,3483.2,2323.8,process,322.268,
1789747196.0497513,adaptive_work,/api/user/profile,POST,200,11,3,8,1824.3,1940.3,1533.6,process,157.198,
1789747196.0571938,adaptive_work,/api/search,POST,250,11,0,9,2126.9,0.0,2508.3,async,130.633,
1789747196.0581357,adaptive_work,/api/user/profile,POST,200,12,1,9,2334.2,1488.1,2181.2,async,95.223,
1789747196.088942,adaptive_work,/api/feed,POST,300,11,1,9,2123.3,1524.1,2505.1,sync,161.992,
1789747196.0900931,adaptive_work,/api/user/profile,POST,200,10,2,11,2256.3,2179.7,2592.1,sync,86.705,
1789747196.0905354,adaptive_work,/api/auth/verify,POST,150,10,3,10,2106.0,1896.7,2551.0,sync,183.441,
1789747196.095572,adaptive_work,/api/auth/verify,POST,150,11,3,9,1254.0,2039.2,1959.1,sync,235.974,
1789747196.1331396,adaptive_work,/api/search,POST,250,12,3,8,1501.9,2121.8,1785.4,process,301.076,
1789747196.1406016,adaptive_work,/api/search,POST,250,11,3,9,2226.0,1931.1,1833.6,process,244.993,
1789747196.2092662,adaptive_work,/api/auth/verify,POST,150,12,2,9,3056.6,2267.3,2851.4,async,148.625,
1789747196.210501,adaptive_work,/api/user/profile,POST,200,10,2,10,2540.2,2123.7,2729.4,async,179.09,
1789747196.2111216,adaptive_work,/api/report/generate,POST,350,11,3,9,2187.1,1919.4,2109.6,process,311.608,
1789747196.2154438,adaptive_work,/api/report/generate,POST,350,11,3,9,2263.7,1879.3,2305.5,process,302.563,
1789747196.236255,adaptive_work,/api/search,POST,250,11,2,9,2338.8,2251.0,2137.7,process,268.514,
1789747196.2408414,adaptive_work,/api/auth/verify,POST,150,10,2,9,2159.9,2257.7,2167.7,sync,276.422,
1789747196.2418075,adaptive_work,/api/user/profile,POST,200,12,3,7,3178.2,2839.1,2286.5,process,191.325,
1789747196.2424502,adaptive_work,/api/feed,POST,300,11,2,10,2334.0,2250.2,2554.9,sync,274.278,
1789747196.2494388,adaptive_work,/api/search,POST,250,11,2,10,2649.8,2244.3,2525.4,process,278.317,
1789747196.2650676,adaptive_work,/api/user/profile,POST,200,12,3,8,3165.8,2836.0,2605.8,process,213.56,
1789747196.27192,adaptive_work,/api/image/thumbnail,POST,400,10,2,10,2255.3,2143.4,2827.6,sync,250.346,
1789747196.2986245,adaptive_work,/api/user/profile,POST,200,9,2,11,2162.3,2147.1,2846.4,sync,278.918,
1789747196.320532,adaptive_work,/api/search,POST,250,9,2,10,2169.6,2148.7,2432.9,process,301.634,
1789747196.3310678,adaptive_work,/api/user/profile,POST,200,11,2,9,2453.4,2623.4,2348.8,sync,117.251,
1789747196.3492894,adaptive_work,/api/user/profile,POST,200,13,2,8,2959.5,2616.6,2105.3,process,132.084,
1789747196.3551762,adaptive_work,/api/search,POST,250,9,3,9,2376.8,2811.5,2568.6,process,263.138,
1789747196.3634703,adaptive_work,/api/user/profile,POST,200,11,3,9,2319.1,3146.8,3341.4,sync,89.846,
1789747196.4457047,adaptive_work,/api/report/generate,POST,350,11,3,9,3132.2,2659.9,2747.1,process,303.158,
1789747196.4865756,adaptive_work,/api/feed,POST,300,8,2,10,1745.0,2150.1,2439.2,sync,468.364,
1789747196.4962423,adaptive_work,/api/image/thumbnail,POST,400,11,3,9,3197.7,2679.6,2432.9,process,360.228,
1789747196.5088692,adaptive_work,/api/auth/verify,POST,150,13,2,8,2728.2,2574.6,2092.5,process,270.627,
1789747196.5207822,adaptive_work,/api/auth/verify,POST,150,12,2,8,2940.3,2563.2,2415.3,process,276.861,
1789747196.547036,adaptive_work,/api/search,POST,250,12,1,9,3062.6,743.9,2855.9,async,486.927,
1789747196.5476644,adaptive_work,/api/image/thumbnail,POST,400,12,2,9,2933.5,2562.0,2917.6,async,303.131,
1789747196.5678885,adaptive_work,/api/search,POST,250,11,3,9,2180.6,2967.7,3108.1,sync,234.576,
1789747196.5693626,adaptive_work,/api/feed,POST,300,9,3,10,2367.5,2808.0,2978.6,sync,476.172,
1789747196.5697393,adaptive_work,/api/feed,POST,300,10,3,10,2533.0,2894.2,2722.1,sync,537.615,
1789747196.5713117,adaptive_work,/api/feed,POST,300,11,2,10,2767.4,2137.1,2796.2,sync,546.579,
1789747196.5771017,adaptive_work,/api/feed,POST,300,12,2,9,2556.0,2621.6,2340.5,sync,362.376,
1789747196.577719,adaptive_work,/api/feed,POST,300,11,2,8,2522.2,2565.5,2424.5,sync,334.957,
1789747196.578371,adaptive_work,/api/feed,POST,300,11,3,9,2922.3,2882.8,2684.9,sync,542.467,
1789747196.583046,adaptive_work,/api/feed,POST,300,12,3,8,3285.2,2896.1,3025.6,sync,225.876,
1789747196.5842948,adaptive_work,/api/feed,POST,300,10,3,10,2793.5,2806.4,2973.2,sync,490.578,
1789747196.5867465,adaptive_work,/api/feed,POST,300,10,3,10,3193.2,2797.1,2942.1,sync,489.918,
1789747196.5874672,adaptive_work,/api/feed,POST,300,11,3,9,2128.5,3064.3,3094.0,sync,286.344,
1789747196.602412,adaptive_work,/api/search,POST,250,12,3,8,2683.2,3165.7,2976.8,process,335.105,
1789747196.610081,adaptive_work,/api/report/generate,POST,350,12,3,8,2861.0,3214.2,2716.8,process,358.952,
1789747196.618804,adaptive_work,/api/search,POST,250,12,3,8,2300.2,2999.5,2782.0,process,296.101,
1789747196.6240976,adaptive_work,/api/feed,POST,300,11,3,9,2150.5,2471.7,2744.1,sync,125.475,
1789747196.6423752,adaptive_work,/api/user/profile,POST,200,8,4,11,3053.7,3528.7,3581.9,sync,30.43,
1789747196.6432111,adaptive_work,/api/feed,POST,300,12,3,8,3358.0,2914.3,2754.3,process,292.104,
1789747196.649951,adaptive_work,/api/user/profile,POST,200,9,4,10,3088.7,3494.5,3364.3,sync,29.474,
1789747196.6609218,adaptive_work,/api/report/generate,POST,350,11,1,9,2474.2,1373.0,2369.6,async,449.426,
1789747196.670999,adaptive_work,/api/user/profile,POST,200,13,3,7,2787.8,2400.9,2078.1,process,148.767,
1789747196.6755536,adaptive_work,/api/user/profile,POST,200,9,4,10,3017.1,3393.7,3326.3,sync,29.877,
1789747196.693879,adaptive_work,/api/feed,POST,300,12,3,8,2476.0,2436.6,2402.9,sync,183.548,
1789747196.6990483,adaptive_work,/api/feed,POST,300,10,2,9,1285.7,1647.6,2419.2,sync,128.396,
1789747196.7029977,adaptive_work,/api/feed,POST,300,10,2,9,1697.2,1642.0,2394.3,sync,129.574,
1789747196.7039638,adaptive_work,/api/feed,POST,300,11,3,9,2121.2,2412.5,2386.6,sync,129.67,
1789747196.7103689,adaptive_work,/api/feed,POST,300,9,3,10,2329.6,2390.3,2836.6,sync,128.696,
1789747196.714644,adaptive_work,/api/search,POST,250,12,3,8,2600.4,2624.3,2560.6,process,266.816,
1789747196.7166994,adaptive_work,/api/feed,POST,300,6,4,12,2359.9,3620.5,3595.8,sync,127.701,
1789747196.723022,adaptive_work,/api/search,POST,250,11,3,9,2232.9,2502.6,2617.3,process,234.696,
1789747196.7400868,adaptive_work,/api/feed,POST,300,7,4,12,2680.4,3557.4,3824.5,sync,135.323,
1789747196.7861962,adaptive_work,/api/search,POST,250,13,2,8,2583.3,1688.7,2182.8,process,236.118,
1789747196.8226612,adaptive_work,/api/auth/verify,POST,150,10,3,10,3305.5,2520.9,3153.0,async,159.649,
1789747196.8228965,adaptive_work,/api/image/thumbnail,POST,400,12,3,8,3589.1,2871.4,2959.8,process,457.505,
1789747196.8293362,adaptive_work,/api/search,POST,250,10,3,10,2757.4,2389.1,2832.8,process,247.285,
1789747196.8786805,adaptive_work,/api/report/generate,POST,350,9,3,9,2333.7,2392.0,2325.2,process,297.59,
1789747196.8916442,adaptive_work,/api/search,POST,250,8,3,11,2529.3,2379.7,3219.6,process,306.432,
1789747196.920326,adaptive_work,/api/user/profile,POST,200,9,4,10,3163.5,3008.3,3019.7,process,219.55,
1789747196.9366064,adaptive_work,/api/search,POST,250,9,4,10,2842.5,3472.7,3309.7,process,310.675,
1789747196.9501681,adaptive_work,/api/feed,POST,300,9,4,10,2991.6,3371.2,3270.0,sync,298.861,
1789747196.9504411,adaptive_work,/api/feed,POST,300,8,4,10,2589.7,3395.2,3330.0,sync,305.137,
1789747196.9623559,adaptive_work,/api/feed,POST,300,9,4,10,3082.8,3102.3,3255.0,sync,285.107,
1789747196.963491,adaptive_work,/api/feed,POST,300,7,4,11,2529.4,2993.2,3306.0,sync,258.965,
1789747196.9654374,adaptive_work,/api/feed,POST,300,8,4,11,2806.6,2962.1,3220.3,sync,253.122,
1789747196.9787347,adaptive_work,/api/auth/verify,POST,150,8,4,11,2952.7,2989.5,3295.6,sync,273.263,
1789747196.983289,adaptive_work,/api/feed,POST,300,9,4,10,3080.3,3027.0,3066.7,sync,287.206,
1789747196.986084,adaptive_work,/api/search,POST,250,10,4,9,3209.5,3120.9,2879.8,process,313.468,
1789747197.0023012,adaptive_work,/api/report/generate,POST,350,7,4,12,2786.6,3618.1,3588.7,process,412.721,
1789747197.003155,adaptive_work,/api/auth/verify,POST,150,9,4,10,3366.9,2911.2,3262.8,async,278.128,
1789747197.0147824,adaptive_work,/api/image/thumbnail,POST,400,8,4,10,2890.9,2942.6,3014.6,sync,297.599,
1789747197.057143,adaptive_work,/api/search,POST,250,8,5,10,2923.6,3466.7,3096.9,process,315.521,
1789747197.0952866,adaptive_work,/api/report/generate,POST,350,9,4,10,3419.1,2934.4,2994.1,process,376.032,
1789747197.121057,adaptive_work,/api/search,POST,250,9,4,10,2350.2,2564.6,2818.6,process,293.871,
1789747197.1254396,adaptive_work,/api/user/profile,POST,200,11,4,7,2079.6,2062.2,1800.5,process,172.64,
1789747197.1325972,adaptive_work,/api/user/profile,POST,200,13,1,8,2585.8,916.8,2185.6,async,582.87,
1789747197.1331751,adaptive_work,/api/report/generate,POST,350,8,3,12,2523.0,2376.9,3630.2,async,547.06,
1789747197.1340897,adaptive_work,/api/user/profile,POST,200,11,2,9,2124.8,1641.2,2390.6,async,560.271,
1789747197.1573722,adaptive_work,/api/report/generate,POST,350,8,5,10,2550.4,3233.4,2821.8,process,369.089,
1789747197.186485,adaptive_work,/api/search,POST,250,11,4,8,2437.8,2298.4,2080.6,process,292.748,
1789747197.194923,adaptive_work,/api/auth/verify,POST,150,9,4,9,1663.3,2017.4,2581.8,sync,230.925,
1789747197.1965098,adaptive_work,/api/auth/verify,POST,150,10,4,9,2366.8,2351.0,2311.9,sync,315.911,
1789747197.2386916,adaptive_work,/api/search,POST,250,10,4,9,1777.0,1950.5,2431.4,process,257.967,
1789747197.2399738,adaptive_work,/api/image/thumbnail,POST,400,9,4,10,2313.7,2548.5,3023.2,sync,408.747,
1789747197.2450464,adaptive_work,/api/user/profile,POST,200,8,4,10,2245.7,2567.9,2826.7,sync,418.67,
1789747197.2786186,adaptive_work,/api/user/profile,POST,200,17,2,3,1028.3,2141.3,965.4,process,31.253,
1789747197.279983,adaptive_work,/api/search,POST,250,13,4,5,1013.3,2258.0,1192.1,process,156.252,
1789747197.284646,adaptive_work,/api/user/profile,POST,200,11,4,8,2124.9,2184.2,2139.2,sync,362.363,
1789747197.3109763,adaptive_work,/api/user/profile,POST,200,17,2,2,756.8,2073.8,600.0,process,29.872,
1789747197.3179624,adaptive_work,/api/report/generate,POST,350,9,4,9,1572.9,1921.6,2674.3,async,330.01,
1789747197.3375869,adaptive_work,/api/user/profile,POST,200,10,4,9,1869.8,2012.8,2571.6,sync,372.46,
1789747197.3389373,adaptive_work,/api/user/profile,POST,200,10,4,8,1546.9,2732.6,2418.5,sync,333.853,
1789747197.3478272,adaptive_work,/api/user/profile,POST,200,10,4,9,1789.7,2005.9,2555.9,sync,380.956,
1789747197.3563285,adaptive_work,/api/user/profile,POST,200,13,4,5,986.1,2239.8,1434.4,sync,228.05,
1789747197.35868,adaptive_work,/api/user/profile,POST,200,11,4,7,1006.6,2515.8,1881.0,sync,299.384,
1789747197.364253,adaptive_work,/api/user/profile,POST,200,9,4,8,1442.3,2735.8,2424.9,sync,359.976,
1789747197.3655753,adaptive_work,/api/user/profile,POST,200,10,4,8,1295.0,2685.9,2325.1,sync,348.82,
1789747197.3762822,adaptive_work,/api/report/generate,POST,350,15,1,5,1153.2,1105.4,1387.9,process,238.728,
1789747197.3799024,adaptive_work,/api/user/profile,POST,200,14,1,5,1044.6,1105.9,1390.2,sync,242.794,
1789747197.4101832,adaptive_work,/api/image/thumbnail,POST,400,11,4,8,2076.5,2060.8,2125.2,process,457.049,
1789747197.4136755,adaptive_work,/api/search,POST,250,17,2,3,820.4,2062.8,911.0,process,127.053,
1789747197.4300065,adaptive_work,/api/user/profile,POST,200,16,2,4,1162.9,2239.4,1316.5,sync,231.691,
1789747197.43795,adaptive_work,/api/search,POST,250,17,1,3,563.1,1073.5,911.6,process,118.37,
1789747197.443778,adaptive_work,/api/user/profile,POST,200,15,2,4,1487.3,1710.3,1458.0,process,31.72,
1789747197.473126,adaptive_work,/api/user/profile,POST,200,15,2,4,1679.7,1652.8,1470.2,process,32.34,
1789747197.4781253,adaptive_work,/api/report/generate,POST,350,15,1,6,1150.0,1105.0,1902.4,async,340.114,
1789747197.5072112,adaptive_work,/api/user/profile,POST,200,14,1,6,1411.3,1024.3,2056.2,async,138.509,
1789747197.5083854,adaptive_work,/api/user/profile,POST,200,15,1,5,1400.4,661.0,1951.2,async,28.066,
1789747197.5195286,adaptive_work,/api/search,POST,250,14,1,5,1417.7,1025.0,1638.9,process,151.529,
1789747197.5516624,adaptive_work,/api/search,POST,250,15,2,4,1461.4,1703.8,1476.5,process,136.394,
1789747197.5614636,adaptive_work,/api/report/generate,POST,350,16,1,4,585.5,1042.9,1210.8,process,211.289,
1789747197.5880098,adaptive_work,/api/user/profile,POST,200,15,2,4,1059.8,2241.6,1320.8,sync,390.779,
1789747197.5935862,adaptive_work,/api/user/profile,POST,200,16,2,2,1315.9,1316.9,732.7,process,30.374,
1789747197.6003122,adaptive_work,/api/auth/verify,POST,150,15,2,5,1002.6,2317.9,1629.6,sync,441.24,
1789747197.6013029,adaptive_work,/api/user/profile,POST,200,16,2,4,1009.9,2259.3,1356.2,sync,412.895,
1789747197.604083,adaptive_work,/api/user/profile,POST,200,17,2,3,955.0,2149.8,978.2,sync,361.002,
1789747197.6048326,adaptive_work,/api/auth/verify,POST,150,16,2,3,744.4,2151.1,980.1,sync,362.34,
1789747197.607589,adaptive_work,/api/auth/verify,POST,150,14,2,5,1519.0,1769.2,1700.7,sync,224.994,
1789747197.6079807,adaptive_work,/api/user/profile,POST,200,17,2,3,745.9,2071.1,923.5,sync,325.521,
1789747197.6092482,adaptive_work,/api/auth/verify,POST,150,14,2,5,1337.2,1777.6,1721.8,sync,230.893,
1789747197.6285396,adaptive_work,/api/search,POST,250,15,2,4,1432.0,1584.3,1556.1,process,153.479,
1789747197.633798,adaptive_work,/api/image/thumbnail,POST,400,14,1,5,518.5,1034.0,1683.6,sync,274.745,
1789747197.6372023,adaptive_work,/api/user/profile,POST,200,13,2,3,1611.5,1230.1,1146.9,process,30.623,
1789747197.6384404,adaptive_work,/api/user/profile,POST,200,15,1,4,435.7,1052.2,1248.3,sync,297.636,
1789747197.649159,adaptive_work,/api/report/generate,POST,350,15,2,4,1638.6,1643.7,1480.6,process,203.815,
1789747197.6619215,adaptive_work,/api/user/profile,POST,200,16,1,4,540.5,1051.2,1244.2,sync,320.115,
1789747197.6785612,adaptive_work,/api/user/profile,POST,200,10,3,4,1742.4,2392.1,1696.1,process,39.763,
1789747197.679708,adaptive_work,/api/auth/verify,POST,150,15,0,5,1218.7,0.0,1799.8,async,169.102,
1789747197.7070253,adaptive_work,/api/user/profile,POST,200,16,1,4,1573.0,627.4,1476.8,async,185.387,
1789747197.7431893,adaptive_work,/api/search,POST,250,13,2,4,1608.0,1229.0,1472.1,process,136.039,
1789747197.7622905,adaptive_work,/api/report/generate,POST,350,15,2,3,1153.5,1262.7,979.0,process,172.01,
1789747197.7724864,adaptive_work,/api/user/profile,POST,200,10,2,4,1956.6,1798.6,1738.2,process,92.008,
1789747197.8075633,adaptive_work,/api/report/generate,POST,350,11,3,4,1766.3,2402.4,1491.3,process,172.182,
1789747197.8392694,adaptive_work,/api/auth/verify,POST,150,10,3,4,2092.9,2318.2,1601.3,process,175.821,
1789747197.8530984,adaptive_work,/api/report/generate,POST,350,10,2,5,1589.5,1222.8,1878.2,async,242.858,
1789747197.8613591,adaptive_work,/api/auth/verify,POST,150,11,3,5,2013.1,2474.4,1872.6,sync,250.0,
1789747197.8754814,adaptive_work,/api/search,POST,250,10,2,5,1948.0,1796.4,2060.3,process,193.913,
1789747197.8961895,adaptive_work,/api/image/thumbnail,POST,400,10,3,5,1735.0,2389.0,2018.3,sync,256.331,
1789747197.8995273,adaptive_work,/api/user/profile,POST,200,13,2,3,1095.0,1239.3,1160.6,sync,297.494,
1789747197.9220397,adaptive_work,/api/search,POST,250,10,2,5,1335.5,2569.6,1875.7,process,157.574,
1789747197.9285462,adaptive_work,/api/search,POST,250,10,1,6,1730.0,1156.4,2318.3,async,219.736,
1789747197.9293976,adaptive_work,/api/user/profile,POST,200,11,1,2,773.8,1335.0,652.3,process,31.133,
1789747197.9413776,adaptive_work,/api/report/generate,POST,350,10,2,5,1466.9,2607.1,1814.2,process,195.701,
1789747197.9422472,adaptive_work,/api/user/profile,POST,200,10,2,5,1256.1,2546.9,1997.0,sync,166.465,
1789747197.946928,adaptive_work,/api/user/profile,POST,200,11,2,3,907.1,2415.8,1027.9,sync,105.582,
1789747197.990795,adaptive_work,/api/feed,POST,300,14,2,3,1200.0,1236.6,1156.5,sync,387.437,
1789747198.0055726,adaptive_work,/api/search,POST,250,10,1,3,757.6,1331.7,970.1,process,104.06,
1789747198.0133922,adaptive_work,/api/feed,POST,300,12,4,7,2059.2,2119.6,1900.9,sync,1074.945,
1789747198.0465498,adaptive_work,/api/user/profile,POST,200,7,1,2,448.5,1170.3,926.9,sync,31.373,
1789747198.047141,adaptive_work,/api/feed,POST,300,12,4,6,770.4,2359.2,1468.9,sync,948.7,
1789747198.06374,adaptive_work,/api/feed,POST,300,15,1,5,1047.4,1031.8,1672.6,sync,702.47,
1789747198.070828,adaptive_work,/api/feed,POST,300,14,2,5,1325.5,1669.8,1813.1,sync,638.555,
1789747198.0747743,adaptive_work,/api/feed,POST,300,15,1,5,1214.5,637.7,1796.3,sync,563.478,
1789747198.076009,adaptive_work,/api/feed,POST,300,9,1,1,726.9,1235.1,372.7,process,125.672,
1789747198.081391,adaptive_work,/api/feed,POST,300,10,3,5,1585.6,2475.9,1874.9,sync,470.495,
1789747198.0817235,adaptive_work,/api/feed,POST,300,11,1,3,866.3,1370.1,962.5,sync,218.569,
1789747198.083622,adaptive_work,/api/auth/verify,POST,150,9,1,1,552.1,1242.7,380.3,sync,140.893,
1789747198.0848892,adaptive_work,/api/user/profile,POST,200,7,1,2,781.5,1134.8,856.0,sync,34.275,
1789747198.0901573,adaptive_work,/api/report/generate,POST,350,10,0,2,613.0,0.0,725.1,async,159.735,
1789747198.1142886,adaptive_work,/api/user/profile,POST,200,3,1,2,888.1,1101.4,940.9,sync,30.285,
1789747198.1602376,adaptive_work,/api/report/generate,POST,350,8,1,1,472.0,1178.1,425.3,process,152.882,
1789747198.1772673,adaptive_work,/api/feed,POST,300,6,1,2,351.8,1135.2,856.7,sync,127.023,
1789747198.191118,adaptive_work,/api/feed,POST,300,7,1,2,832.5,1119.6,825.6,sync,125.26,
1789747198.2018166,adaptive_work,/api/auth/verify,POST,150,6,1,1,1210.3,1109.0,448.1,process,125.383,
1789747198.2214105,adaptive_work,/api/user/profile,POST,200,1,0,1,324.3,0.0,391.4,async,28.5,
1789747198.2337072,adaptive_work,/api/user/profile,POST,200,1,1,0,313.8,762.2,0.0,process,30.361,
1789747198.2492456,adaptive_work,/api/feed,POST,300,3,1,2,914.4,1099.1,936.2,sync,162.865,
1789747198.3632324,adaptive_work,/api/search,POST,250,0,0,0,0.0,0.0,0.0,process,110.168,
1789747198.4673467,adaptive_work,/api/search,POST,250,0,0,0,0.0,0.0,0.0,process,102.132,
1789747198.5435865,adaptive_work,/api/user/profile,POST,200,3,0,1,971.1,0.0,326.6,async,34.955,
1789747198.5450406,adaptive_work,/api/user/profile,POST,200,3,1,4,967.6,771.4,1494.4,async,35.243,
1789747198.5459511,adaptive_work,/api/user/profile,POST,200,1,0,0,111.5,0.0,0.0,process,38.27,
1789747198.5487764,adaptive_work,/api/user/profile,POST,200,11,3,9,3528.6,2787.6,3669.3,async,34.62,
1789747198.5547736,adaptive_work,/api/user/profile,POST,200,3,2,4,966.9,1543.6,1493.4,sync,44.736,
1789747198.5629833,adaptive_work,/api/user/profile,POST,200,0,0,0,0.0,0.0,0.0,sync,55.649,
1789747198.5736465,adaptive_work,/api/user/profile,POST,200,3,1,1,970.0,772.2,326.2,process,64.658,
1789747198.575664,adaptive_work,/api/user/profile,POST,200,6,3,6,1932.2,2795.2,2328.3,sync,64.047,
1789747198.5803435,adaptive_work,/api/user/profile,POST,200,11,3,9,3160.3,3479.9,3501.6,sync,32.703,
1789747198.6512232,adaptive_work,/api/feed,POST,300,8,3,7,2254.0,2792.9,2744.8,sync,138.85,
1789747198.6515079,adaptive_work,/api/auth/verify,POST,150,7,3,7,2040.8,2793.8,2746.9,sync,139.432,
1789747198.6698792,adaptive_work,/api/feed,POST,300,1,0,1,111.2,0.0,327.2,sync,161.918,
1789747198.6727004,adaptive_work,/api/search,POST,250,5,2,4,1507.2,1542.6,1491.4,process,162.161,
1789747198.6734934,adaptive_work,/api/feed,POST,300,2,0,1,541.4,0.0,326.9,sync,165.223,
1789747198.6739733,adaptive_work,/api/feed,POST,300,4,2,4,1077.7,1543.1,1492.4,sync,163.683,
1789747198.6751099,adaptive_work,/api/feed,POST,300,5,2,6,1504.3,1541.4,2331.2,sync,163.981,
1789747198.6769526,adaptive_work,/api/feed,POST,300,10,3,8,3103.3,2789.1,3252.1,sync,163.296,
1789747198.6787016,adaptive_work,/api/feed,POST,300,9,3,8,2680.0,2791.3,3258.0,sync,165.791,
1789747198.679222,adaptive_work,/api/feed,POST,300,12,2,9,3242.9,2735.9,3479.6,sync,129.142,
1789747198.6861725,adaptive_work,/api/user/profile,POST,200,8,4,10,2406.2,3807.3,3133.2,sync,32.462,
1789747198.7004755,adaptive_work,/api/feed,POST,300,11,3,9,3258.7,3347.5,3396.3,sync,125.469,
1789747198.7049284,adaptive_work,/api/user/profile,POST,200,9,4,10,2502.9,3735.7,2954.2,sync,33.319,
1789747198.7349873,adaptive_work,/api/user/profile,POST,200,8,4,9,1783.4,3704.6,2623.7,sync,55.594,
1789747198.7423358,adaptive_work,/api/user/profile,POST,200,9,4,9,2249.6,3709.4,2634.6,sync,64.171,
1789747198.747018,adaptive_work,/api/user/profile,POST,200,9,4,9,1888.1,3701.4,2616.5,sync,66.844,
1789747198.7503657,adaptive_work,/api/user/profile,POST,200,10,4,9,2271.8,3671.6,2549.4,sync,62.726,
1789747198.752523,adaptive_work,/api/user/profile,POST,200,9,4,10,1802.6,3597.3,2895.3,sync,46.33,
1789747198.7534256,adaptive_work,/api/user/profile,POST,200,7,4,9,1776.9,3718.2,2654.4,sync,77.454,
1789747198.7727096,adaptive_work,/api/image/thumbnail,POST,400,11,2,10,3375.7,2707.4,3764.2,async,208.345,
1789747198.7988055,adaptive_work,/api/user/profile,POST,200,9,4,10,1557.2,3476.4,2592.8,sync,62.359,
1789747198.809759,adaptive_work,/api/user/profile,POST,200,9,4,10,1549.9,3447.2,2520.0,sync,66.027,
1789747198.828615,adaptive_work,/api/feed,POST,300,9,4,10,2515.4,3806.1,3130.2,sync,174.615,
1789747198.8291392,adaptive_work,/api/user/profile,POST,200,9,4,10,1570.8,3428.2,2472.5,sync,80.644,
1789747198.8293662,adaptive_work,/api/feed,POST,300,10,4,9,1989.7,3697.3,2607.4,sync,148.165,
1789747198.831467,adaptive_work,/api/report/generate,POST,350,9,3,7,2681.9,2791.9,2742.5,process,318.767,
1789747198.930906,adaptive_work,/api/search,POST,250,3,1,3,968.2,771.6,1073.7,process,421.31,
1789747198.9394095,adaptive_work,/api/search,POST,250,11,2,9,3186.4,1962.6,3389.3,async,394.135,
1789747198.939647,adaptive_work,/api/report/generate,POST,350,6,2,6,1933.5,1540.9,2329.7,async,428.261,
1789747198.9563837,adaptive_work,/api/feed,POST,300,9,4,10,1599.6,3414.0,2437.0,sync,204.35,
1789747198.9566255,adaptive_work,/api/auth/verify,POST,150,8,4,9,2039.9,3712.1,2640.5,sync,279.118,
1789747198.958614,adaptive_work,/api/feed,POST,300,7,4,9,1611.7,3713.4,2643.4,sync,281.426,
1789747198.9813185,adaptive_work,/api/image/thumbnail,POST,400,8,4,10,1910.2,3404.8,2413.8,sync,226.976,
1789747199.0318909,adaptive_work,/api/search,POST,250,5,2,5,1505.5,1541.9,1911.2,process,521.001,
1789747199.0583963,adaptive_work,/api/search,POST,250,5,3,12,1568.6,2690.7,2733.4,sync,226.719,
1789747199.0779169,adaptive_work,/api/auth/verify,POST,150,6,3,13,2953.9,2687.9,3229.8,async,245.263,
1789747199.0972724,adaptive_work,/api/auth/verify,POST,150,6,4,13,2946.3,3321.3,3213.3,sync,263.407,
1789747199.0993872,adaptive_work,/api/feed,POST,300,7,3,13,2452.9,1574.5,2265.5,sync,157.233,
1789747199.0996103,adaptive_work,/api/feed,POST,300,7,3,13,1863.8,2752.2,3198.0,sync,288.428,
1789747199.1181624,adaptive_work,/api/feed,POST,300,5,4,14,2387.0,2292.0,2584.7,sync,157.963,
1789747199.1383917,adaptive_work,/api/search,POST,250,11,3,8,3531.5,2788.3,3250.1,process,624.491,
1789747199.2148333,adaptive_work,/api/auth/verify,POST,150,7,2,13,2454.9,937.0,2268.4,async,272.993,
1789747199.215354,adaptive_work,/api/user/profile,POST,200,11,3,9,3618.7,3341.3,3378.0,async,638.316,
1789747199.2394269,adaptive_work,/api/search,POST,250,3,1,2,969.1,771.9,653.1,process,730.133,
1789747199.2419767,adaptive_work,/api/user/profile,POST,200,5,4,14,2362.9,2200.7,2376.1,async,258.934,
1789747199.2422273,adaptive_work,/api/user/profile,POST,200,5,3,13,2392.0,1523.4,2112.1,async,283.021,
1789747199.2456183,adaptive_work,/api/auth/verify,POST,150,5,5,13,1345.6,2587.4,1758.7,sync,185.396,
1789747199.2465472,adaptive_work,/api/user/profile,POST,200,5,2,15,1183.4,1052.7,1598.3,async,29.169,
1789747199.2737134,adaptive_work,/api/user/profile,POST,200,6,1,15,2464.9,746.0,1778.6,async,29.697,
1789747199.2752757,adaptive_work,/api/user/profile,POST,200,5,2,16,2418.1,1540.6,2163.0,async,27.521,
1789747199.2761447,adaptive_work,/api/user/profile,POST,200,5,1,16,2421.6,769.7,2171.6,async,29.253,
1789747199.280892,adaptive_work,/api/image/thumbnail,POST,400,5,5,13,2108.6,2719.0,1969.3,sync,246.998,
1789747199.3046677,adaptive_work,/api/user/profile,POST,200,5,1,16,2306.4,743.8,1887.2,async,28.994,
1789747199.336979,adaptive_work,/api/search,POST,250,7,3,6,2042.3,2794.5,2326.9,process,825.124,
1789747199.4322727,adaptive_work,/api/user/profile,POST,200,4,1,18,1910.1,1226.5,2464.4,async,126.104,
1789747199.4329116,adaptive_work,/api/report/generate,POST,350,5,1,16,2298.4,770.6,1869.0,async,155.225,
1789747199.4362347,adaptive_work,/api/search,POST,250,11,3,8,3164.4,3481.0,3083.4,process,888.966,
1789747199.4503498,adaptive_work,/api/image/thumbnail,POST,400,4,4,15,1106.0,1937.2,2108.8,sync,330.29,
1789747199.4556878,adaptive_work,/api/user/profile,POST,200,6,4,13,1421.7,2064.9,1535.5,sync,367.562,
1789747199.4559686,adaptive_work,/api/user/profile,POST,200,4,2,17,1813.1,1934.5,2129.5,sync,117.471,
1789747199.5246677,adaptive_work,/api/search,POST,250,5,3,15,1088.4,1754.1,1804.6,sync,283.535,
1789747199.5253863,adaptive_work,/api/user/profile,POST,200,2,3,17,1246.6,2615.5,1671.1,sync,67.695,
1789747199.5257726,adaptive_work,/api/user/profile,POST,200,3,3,17,1357.7,2614.8,1669.3,sync,67.854,
1789747199.536072,adaptive_work,/api/search,POST,250,12,2,9,3530.8,2724.1,3426.3,process,980.063,
1789747199.5510383,adaptive_work,/api/feed,POST,300,6,4,13,1467.8,2021.1,1448.1,sync,451.954,
1789747199.5590959,adaptive_work,/api/user/profile,POST,200,1,3,17,2.6,2406.8,1121.5,sync,31.832,
1789747199.55997,adaptive_work,/api/user/profile,POST,200,2,3,17,113.0,2404.7,1117.2,sync,32.003,
1789747199.560191,adaptive_work,/api/user/profile,POST,200,3,3,17,224.0,2403.8,1115.5,sync,31.936,
1789747199.5643141,adaptive_work,/api/auth/verify,POST,150,5,1,17,1536.9,772.3,1335.7,async,128.801,
1789747199.5660403,adaptive_work,/api/user/profile,POST,200,4,3,16,306.5,2376.1,1060.1,sync,28.548,
1789747199.581694,adaptive_work,/api/user/profile,POST,200,4,3,16,357.9,2330.8,969.4,sync,29.093,
1789747199.5913885,adaptive_work,/api/user/profile,POST,200,5,0,17,1538.2,0.0,1338.3,async,156.191,
1789747199.6627128,adaptive_work,/api/search,POST,250,2,3,16,192.8,2307.2,922.3,sync,102.251,
1789747199.6890008,adaptive_work,/api/report/generate,POST,350,10,4,9,3490.7,4095.7,3337.0,process,1107.401,
1789747199.6946495,adaptive_work,/api/user/profile,POST,200,1,2,20,116.4,2215.5,1776.2,sync,30.0,
1789747199.696727,adaptive_work,/api/auth/verify,POST,150,3,2,18,1568.7,1783.8,1770.9,sync,131.27,
1789747199.7149048,adaptive_work,/api/report/generate,POST,350,4,2,17,1258.4,1378.2,1718.4,async,263.067,
1789747199.8143728,adaptive_work,/api/report/generate,POST,350,2,2,19,1566.7,1748.9,2054.9,async,231.502,
1789747199.815797,adaptive_work,/api/feed,POST,300,2,2,19,176.2,2163.4,1592.9,sync,125.116,
1789747199.8209379,adaptive_work,/api/feed,POST,300,2,2,19,510.5,2152.7,1555.3,sync,124.9,
1789747199.8220584,adaptive_work,/api/feed,POST,300,2,2,19,852.3,2148.7,1541.4,sync,124.031,
1789747199.8379548,adaptive_work,/api/report/generate,POST,350,10,4,9,1922.9,3614.6,2421.2,process,1136.064,
1789747199.8572423,adaptive_work,/api/user/profile,POST,200,2,1,19,622.8,1154.8,881.3,sync,40.765,
1789747199.8682485,adaptive_work,/api/user/profile,POST,200,2,1,19,212.4,1148.8,851.2,sync,45.768,
1789747199.8788726,adaptive_work,/api/user/profile,POST,200,3,1,19,732.2,1154.0,877.4,sync,61.626,
1789747199.9666455,adaptive_work,/api/report/generate,POST,350,3,1,19,1228.4,1121.6,1426.3,async,250.369,
1789747199.9921067,adaptive_work,/api/report/generate,POST,350,9,4,10,2449.7,3401.6,2406.0,process,1236.974,
1789747200.0122066,adaptive_work,/api/auth/verify,POST,150,3,1,19,322.1,1148.1,847.7,sync,189.03,
1789747200.0233614,adaptive_work,/api/user/profile,POST,200,4,0,19,1060.9,0.0,731.3,async,29.467,
1789747200.0457962,adaptive_work,/api/image/thumbnail,POST,400,4,1,18,473.0,1131.9,766.9,sync,206.441,
1789747200.054015,adaptive_work,/api/user/profile,POST,200,3,0,20,923.3,0.0,1028.4,async,29.235,
1789747200.0872421,adaptive_work,/api/search,POST,250,9,3,11,2275.8,2862.4,2710.6,process,1312.777,
1789747200.149471,adaptive_work,/api/search,POST,250,2,1,20,517.3,750.2,938.7,sync,102.264,
1789747200.1498532,adaptive_work,/api/feed,POST,300,3,1,19,744.8,1101.6,931.8,sync,280.188,
1789747200.1500733,adaptive_work,/api/feed,POST,300,3,1,19,1084.1,1090.9,867.6,sync,269.708,
1789747200.1857162,adaptive_work,/api/user/profile,POST,200,0,1,20,0.0,1157.5,816.3,sync,32.772,
1789747200.1862283,adaptive_work,/api/user/profile,POST,200,2,1,20,541.8,1156.9,814.1,sync,32.737,
1789747200.213789,adaptive_work,/api/report/generate,POST,350,3,0,20,1883.5,0.0,905.8,async,158.372,
1789747200.2200441,adaptive_work,/api/user/profile,POST,200,2,1,20,507.1,1122.0,676.7,sync,31.646,
1789747200.2204103,adaptive_work,/api/user/profile,POST,200,1,1,20,396.0,1122.4,677.7,sync,32.364,
1789747200.2446713,adaptive_work,/api/report/generate,POST,350,8,3,12,1993.1,2784.0,2818.8,process,1444.099,
1789747200.2452948,adaptive_work,/api/user/profile,POST,200,3,0,20,538.0,0.0,595.7,async,29.904,
1789747200.2815819,adaptive_work,/api/feed,POST,300,1,1,20,111.5,1157.2,815.1,sync,128.356,
1789747200.351213,adaptive_work,/api/search,POST,250,2,1,20,526.8,671.7,895.6,sync,103.546,
1789747200.356118,adaptive_work,/api/auth/verify,POST,150,1,1,20,361.5,765.5,574.3,sync,133.593,
1789747200.3790126,adaptive_work,/api/auth/verify,POST,150,6,3,12,2956.2,2689.1,2726.9,process,1546.798,
1789747200.4518597,adaptive_work,/api/image/thumbnail,POST,400,2,0,20,527.5,0.0,896.8,async,204.499,
1789747200.4546828,adaptive_work,/api/search,POST,250,1,2,20,84.9,1268.8,473.2,sync,101.401,
1789747200.478009,adaptive_work,/api/search,POST,250,7,4,12,2508.2,2925.0,1929.8,process,1545.052,
1789747200.478703,adaptive_work,/api/user/profile,POST,200,2,1,20,1509.9,636.0,752.7,async,195.311,
1789747200.4837267,adaptive_work,/api/user/profile,POST,200,1,1,21,1290.4,602.2,770.9,async,29.94,
1789747200.5597768,adaptive_work,/api/search,POST,250,0,2,21,0.0,1369.9,763.5,sync,103.524,
1789747200.6011965,adaptive_work,/api/feed,POST,300,5,4,13,2390.5,2294.8,2109.5,process,1641.7,
1789747200.615287,adaptive_work,/api/auth/verify,POST,150,2,0,21,1788.7,0.0,1180.5,async,130.238,
1789747200.616249,adaptive_work,/api/feed,POST,300,1,1,21,1366.4,745.6,1197.5,sync,135.465,
1789747200.6413553,adaptive_work,/api/user/profile,POST,200,2,1,20,1658.0,520.3,708.0,async,38.186,
1789747200.6465843,adaptive_work,/api/user/profile,POST,200,1,1,21,1335.0,758.1,1131.2,async,28.854,
1789747200.6640851,adaptive_work,/api/search,POST,250,1,1,21,349.9,561.7,873.7,sync,102.312,
1789747200.6995835,adaptive_work,/api/search,POST,250,5,4,13,1467.3,2009.5,1427.8,process,1597.6,
1789747200.7503529,adaptive_work,/api/search,POST,250,1,0,22,1304.2,0.0,1398.0,async,101.904,
1789747200.7824042,adaptive_work,/api/user/profile,POST,200,2,0,21,292.0,0.0,941.9,async,29.235,
1789747200.7995112,adaptive_work,/api/auth/verify,POST,150,0,1,22,0.0,1507.1,1311.4,sync,133.764,
1789747200.803624,adaptive_work,/api/search,POST,250,5,4,14,1464.0,2006.8,1844.0,process,1700.988,
1789747200.8314903,adaptive_work,/api/user/profile,POST,200,1,0,21,115.6,0.0,749.0,async,30.101,
1789747200.8319316,adaptive_work,/api/auth/verify,POST,150,1,1,21,180.0,1471.5,1149.2,sync,130.587,
1789747200.8350935,adaptive_work,/api/user/profile,POST,200,1,1,20,111.8,768.9,736.9,sync,29.975,
1789747200.8639898,adaptive_work,/api/user/profile,POST,200,2,0,20,1473.1,0.0,649.3,async,29.669,
1789747200.8982792,adaptive_work,/api/search,POST,250,5,4,14,1553.4,1857.8,1930.2,process,1758.373,
1789747200.9362695,adaptive_work,/api/search,POST,250,1,0,20,83.1,0.0,650.7,sync,102.36,
1789747201.0067651,adaptive_work,/api/search,POST,250,5,3,15,1182.3,1824.5,1595.8,process,1789.105,
1789747201.0679326,adaptive_work,/api/image/thumbnail,POST,400,1,0,21,1359.0,0.0,947.0,async,202.106,
1789747201.098013,adaptive_work,/api/user/profile,POST,200,1,1,20,1324.7,637.7,809.8,async,197.883,
1789747201.1072938,adaptive_work,/api/search,POST,250,6,2,15,2463.5,1518.0,1776.2,process,1863.007,
1789747201.1464608,adaptive_work,/api/image/thumbnail,POST,400,0,2,20,0.0,1334.1,657.3,sync,208.207,
1789747201.2162092,adaptive_work,/api/search,POST,250,1,1,20,414.9,602.7,577.5,sync,146.191,
1789747201.2311232,adaptive_work,/api/feed,POST,300,5,2,16,2297.2,2025.0,1866.4,process,1953.143,
1789747201.2535334,adaptive_work,/api/report/generate,POST,350,2,0,20,1726.9,0.0,942.3,async,144.063,
1789747201.283715,adaptive_work,/api/user/profile,POST,200,2,0,20,802.5,0.0,881.2,async,28.671,
1789747201.3233614,adaptive_work,/api/search,POST,250,4,2,17,1982.1,2016.7,2306.9,process,2041.199,
1789747201.343103,adaptive_work,/api/feed,POST,300,0,1,21,0.0,1146.2,1028.2,sync,124.816,
1789747201.35336,adaptive_work,/api/user/profile,POST,200,3,0,19,1053.6,0.0,668.1,async,28.299,
1789747201.3568017,adaptive_work,/api/feed,POST,300,1,1,20,416.4,1131.8,970.6,sync,124.109,
1789747201.41933,adaptive_work,/api/feed,POST,300,2,0,20,742.0,0.0,787.3,sync,133.998,
1789747201.4557216,adaptive_work,/api/search,POST,250,2,0,20,670.0,0.0,990.2,async,100.907,
1789747201.4704964,adaptive_work,/api/report/generate,POST,350,5,2,16,1529.1,1406.8,1320.2,process,2033.048,
1789747201.558289,adaptive_work,/api/search,POST,250,1,0,21,510.1,0.0,1024.1,async,100.599,
1789747201.5899172,adaptive_work,/api/user/profile,POST,200,1,0,21,407.6,0.0,1043.3,async,29.705,
1789747201.6329868,adaptive_work,/api/image/thumbnail,POST,400,0,1,21,0.0,1458.1,1179.2,sync,211.824,
1789747201.671686,adaptive_work,/api/image/thumbnail,POST,400,3,3,16,1580.0,2303.5,915.1,process,2109.981,
1789747201.6999285,adaptive_work,/api/user/profile,POST,200,3,3,17,1579.2,2302.6,1467.7,process,2137.951,
1789747201.7336907,adaptive_work,/api/search,POST,250,0,1,21,0.0,629.1,727.2,sync,99.003,
1789747201.7968328,adaptive_work,/api/search,POST,250,3,2,18,1695.2,1780.2,1758.6,process,2229.615,
1789747201.8014097,adaptive_work,/api/image/thumbnail,POST,400,1,0,21,376.0,0.0,894.7,async,209.613,
1789747201.8605258,adaptive_work,/api/feed,POST,300,0,2,20,0.0,1749.6,784.4,sync,125.061,
1789747201.9002144,adaptive_work,/api/search,POST,250,2,2,19,1546.0,2358.3,1972.2,process,2307.008,
1789747201.9239388,adaptive_work,/api/feed,POST,300,1,2,19,367.7,1623.4,564.2,sync,125.344,
1789747201.9281,adaptive_work,/api/user/profile,POST,200,4,1,18,853.6,1112.7,670.5,process,2069.464,
1789747201.946908,adaptive_work,/api/report/generate,POST,350,1,1,20,1323.9,562.1,919.3,async,245.189,
1789747201.9558518,adaptive_work,/api/user/profile,POST,200,1,1,20,367.5,1031.2,932.8,sync,30.333,
1789747201.9587266,adaptive_work,/api/user/profile,POST,200,2,1,19,471.0,1027.1,916.2,sync,29.071,
1789747201.9759867,adaptive_work,/api/user/profile,POST,200,3,0,19,526.4,0.0,841.0,async,27.506,
1789747201.9864748,adaptive_work,/api/user/profile,POST,200,2,1,19,419.7,763.7,805.3,sync,29.095,
1789747201.98736,adaptive_work,/api/feed,POST,300,1,1,20,367.2,1094.5,641.3,sync,125.168,
1789747202.0209203,adaptive_work,/api/search,POST,250,4,0,19,1162.6,0.0,431.8,process,2052.446,
1789747202.076328,adaptive_work,/api/search,POST,250,2,1,19,407.7,1237.7,725.8,sync,99.07,
1789747202.108042,adaptive_work,/api/report/generate,POST,350,2,1,19,442.3,761.1,795.0,async,148.084,
1789747202.1087477,adaptive_work,/api/user/profile,POST,200,1,1,20,375.4,1136.8,1134.6,sync,30.53,
1789747202.1188242,adaptive_work,/api/search,POST,250,3,1,19,956.2,752.7,651.6,process,2104.99,
1789747202.1396725,adaptive_work,/api/user/profile,POST,200,1,0,20,343.0,0.0,988.1,async,28.988,
1789747202.1404366,adaptive_work,/api/user/profile,POST,200,1,1,20,342.7,772.3,987.0,sync,29.49,
1789747202.1458466,adaptive_work,/api/user/profile,POST,200,3,1,19,1782.7,1221.4,771.4,process,2056.811,
1789747202.1495652,adaptive_work,/api/user/profile,POST,200,2,1,19,435.5,762.8,949.0,sync,29.111,
1789747202.2381802,adaptive_work,/api/search,POST,250,2,0,19,401.8,0.0,874.5,async,96.11,
1789747202.242905,adaptive_work,/api/search,POST,250,2,1,20,576.5,765.1,573.3,process,2020.044,
1789747202.2434585,adaptive_work,/api/feed,POST,300,1,1,20,1345.4,1192.2,1411.7,sync,220.637,
1789747202.2471476,adaptive_work,/api/search,POST,250,2,1,19,401.2,1524.1,873.7,sync,104.815,
1789747202.2709801,adaptive_work,/api/user/profile,POST,200,1,2,20,1386.1,1259.2,453.9,process,1912.897,
1789747202.3639662,adaptive_work,/api/auth/verify,POST,150,2,0,20,1507.1,0.0,1398.7,async,124.084,
1789747202.369449,adaptive_work,/api/search,POST,250,1,2,20,1363.4,1213.8,667.9,process,1988.645,
1789747202.3702686,adaptive_work,/api/search,POST,250,2,2,18,811.1,2103.9,1236.5,sync,97.956,
1789747202.3729606,adaptive_work,/api/feed,POST,300,1,1,19,1287.7,632.8,1370.5,sync,127.459,
1789747202.3732102,adaptive_work,/api/feed,POST,300,1,2,19,427.7,2151.4,1355.2,sync,124.64,
1789747202.4137871,adaptive_work,/api/user/profile,POST,200,0,1,18,0.0,1386.0,1176.1,sync,29.566,
1789747202.459285,adaptive_work,/api/search,POST,250,2,1,19,1718.0,632.5,1369.1,async,213.494,
1789747202.4996254,adaptive_work,/api/auth/verify,POST,150,1,1,20,1366.8,746.0,691.1,process,2019.162,
1789747202.5299592,adaptive_work,/api/user/profile,POST,200,3,0,18,1090.5,0.0,1117.6,async,28.351,
1789747202.5599415,adaptive_work,/api/user/profile,POST,200,3,0,18,1000.6,0.0,997.7,async,28.369,
1789747202.5856404,adaptive_work,/api/feed,POST,300,2,1,18,540.1,1384.1,1164.5,sync,199.489,
1789747202.5858817,adaptive_work,/api/feed,POST,300,1,1,18,110.4,1384.6,1167.8,sync,200.28,
1789747202.591226,adaptive_work,/api/user/profile,POST,200,3,0,18,910.3,0.0,877.3,async,29.541,
1789747202.6082096,adaptive_work,/api/image/thumbnail,POST,400,2,1,18,802.8,1354.9,995.5,sync,192.906,
1789747202.6181831,adaptive_work,/api/user/profile,POST,200,1,1,18,374.1,746.5,772.7,sync,30.372,
1789747202.6223602,adaptive_work,/api/feed,POST,300,1,1,20,1335.8,758.9,653.1,process,2005.459,
1789747202.7153106,adaptive_work,/api/search,POST,250,1,1,19,420.5,1223.6,1135.7,sync,95.69,
1789747202.7232459,adaptive_work,/api/search,POST,250,1,1,21,1309.6,747.2,1004.3,process,2080.113,
1789747202.73402,adaptive_work,/api/report/generate,POST,350,2,1,18,485.2,746.1,771.3,async,145.842,
1789747202.734701,adaptive_work,/api/feed,POST,300,1,1,19,90.3,1233.9,1187.3,sync,125.394,
1789747202.735007,adaptive_work,/api/user/profile,POST,200,2,1,18,1803.0,1219.4,1114.7,async,111.179,
1789747202.7463408,adaptive_work,/api/user/profile,POST,200,1,2,18,323.1,1805.7,785.6,sync,29.348,
1789747202.753525,adaptive_work,/api/user/profile,POST,200,2,2,17,419.5,1790.2,762.4,sync,28.825,
1789747202.763009,adaptive_work,/api/user/profile,POST,200,2,0,17,194.4,0.0,730.1,async,27.541,
1789747202.8190272,adaptive_work,/api/search,POST,250,1,1,20,1388.3,770.4,642.7,process,1982.499,
1789747202.8334146,adaptive_work,/api/search,POST,250,3,1,17,1581.6,771.0,725.2,async,96.32,
1789747202.8358035,adaptive_work,/api/search,POST,250,2,1,17,192.0,771.4,726.5,sync,99.124,
1789747202.8361907,adaptive_work,/api/user/profile,POST,200,1,2,17,1372.8,2260.1,672.2,sync,81.433,
1789747202.864527,adaptive_work,/api/user/profile,POST,200,2,0,18,1324.2,0.0,1346.2,async,29.528,
1789747202.867958,adaptive_work,/api/user/profile,POST,200,1,1,18,430.5,769.1,1328.6,sync,29.446,
1789747202.9129066,adaptive_work,/api/search,POST,250,1,2,19,476.1,1193.1,395.7,process,1904.17,
1789747202.959466,adaptive_work,/api/search,POST,250,2,0,18,487.6,0.0,1192.0,async,93.63,
1789747202.9638617,adaptive_work,/api/feed,POST,300,0,1,18,0.0,769.4,1330.3,sync,125.692,
1789747202.9996803,adaptive_work,/api/feed,POST,300,1,1,18,394.2,1515.5,1147.4,sync,124.93,
1789747203.029463,adaptive_work,/api/user/profile,POST,200,2,0,17,524.3,0.0,691.1,async,28.333,
1789747203.03533,adaptive_work,/api/feed,POST,300,2,0,20,1745.7,0.0,488.2,process,1935.264,
1789747203.0394506,adaptive_work,/api/auth/verify,POST,150,2,1,17,745.1,1475.5,979.0,sync,124.728,
1789747203.0668404,adaptive_work,/api/user/profile,POST,200,2,1,16,452.8,1248.9,583.9,sync,29.962,
1789747203.0896564,adaptive_work,/api/feed,POST,300,2,0,17,505.0,0.0,798.2,sync,124.221,
1789747203.159093,adaptive_work,/api/feed,POST,300,1,1,20,1312.6,1216.2,825.7,process,2010.753,
1789747203.1652339,adaptive_work,/api/feed,POST,300,2,1,16,463.5,1245.0,572.4,sync,124.527,
1789747203.177792,adaptive_work,/api/report/generate,POST,350,2,0,17,465.1,0.0,602.3,async,147.062,
1789747203.1939807,adaptive_work,/api/user/profile,POST,200,3,1,15,791.1,1123.3,259.8,sync,31.542,
1789747203.1979702,adaptive_work,/api/auth/verify,POST,150,2,1,16,729.2,1216.4,486.6,sync,128.65,
1789747203.2075903,adaptive_work,/api/user/profile,POST,200,4,0,15,1921.0,0.0,225.7,async,28.101,
1789747203.2580025,adaptive_work,/api/search,POST,250,2,1,19,690.3,753.0,609.2,process,1913.311,
1789747203.2646546,adaptive_work,/api/search,POST,250,3,1,15,580.5,1118.9,251.0,sync,97.789,
1789747203.2651484,adaptive_work,/api/feed,POST,300,2,1,16,574.2,1194.6,421.1,sync,174.021,
1789747203.297451,adaptive_work,/api/user/profile,POST,200,2,1,16,638.3,1196.6,895.1,sync,29.969,
1789747203.3284304,adaptive_work,/api/user/profile,POST,200,2,1,16,575.0,1165.0,800.1,sync,29.293,
1789747203.3593717,adaptive_work,/api/report/generate,POST,350,2,0,17,1661.6,0.0,1107.7,async,150.296,
1789747203.38807,adaptive_work,/api/feed,POST,300,2,1,16,1560.2,1204.3,918.2,sync,128.282,
1789747203.3965995,adaptive_work,/api/auth/verify,POST,150,1,1,16,423.5,1197.0,896.3,sync,129.502,
1789747203.4101028,adaptive_work,/api/report/generate,POST,350,1,1,20,357.8,1520.9,976.1,process,2051.765,
1789747203.486077,adaptive_work,/api/search,POST,250,2,0,16,248.8,0.0,579.6,async,96.212,
1789747203.499612,adaptive_work,/api/search,POST,250,1,1,16,147.6,1516.1,563.0,sync,101.45,
1789747203.5000694,adaptive_work,/api/auth/verify,POST,150,2,1,16,513.0,1133.9,707.0,sync,169.901,
1789747203.516142,adaptive_work,/api/user/profile,POST,200,3,0,15,2673.5,0.0,383.5,async,28.185,
1789747203.5314622,adaptive_work,/api/user/profile,POST,200,1,1,16,1299.9,757.9,836.1,async,28.821,
1789747203.5580912,adaptive_work,/api/report/generate,POST,350,1,1,20,495.5,1509.8,965.6,process,2085.793,
1789747203.558559,adaptive_work,/api/search,POST,250,2,1,15,1511.7,1502.7,536.2,sync,146.965,
1789747203.592712,adaptive_work,/api/user/profile,POST,200,1,1,16,111.3,1481.1,1187.3,sync,31.68,
1789747203.5930853,adaptive_work,/api/user/profile,POST,200,0,1,16,0.0,1481.6,1189.2,sync,32.538,
1789747203.6126752,adaptive_work,/api/search,POST,250,1,1,16,1284.8,757.5,790.8,async,94.938,
1789747203.6541553,adaptive_work,/api/search,POST,250,1,1,20,1352.2,590.4,611.1,process,1980.744,
1789747203.6820517,adaptive_work,/api/user/profile,POST,200,2,1,19,790.6,1154.2,552.4,process,1879.524,
1789747203.7218044,adaptive_work,/api/feed,POST,300,1,1,16,215.2,1446.6,1049.1,sync,126.221,
1789747203.7225492,adaptive_work,/api/auth/verify,POST,150,0,1,16,0.0,1446.9,1050.6,sync,127.338,
1789747203.7522137,adaptive_work,/api/search,POST,250,2,0,15,525.0,0.0,807.0,async,96.102,
1789747203.3208487,adaptive_work,/api/feed,POST,300,2,1,14,470.3,1497.1,705.2,sync,125.153,
1789747203.3411756,adaptive_work,/api/report/generate,POST,350,2,1,19,716.1,1053.6,505.0,process,1925.792,
1789747203.3605025,adaptive_work,/api/feed,POST,300,2,1,14,605.1,1456.3,623.7,sync,124.083,
1789747203.3647015,adaptive_work,/api/auth/verify,POST,150,1,1,14,390.7,1456.9,624.8,sync,128.853,
1789747203.3910198,adaptive_work,/api/feed,POST,300,3,0,14,946.3,0.0,563.9,sync,124.716,
1789747203.422914,adaptive_work,/api/user/profile,POST,200,1,2,14,400.1,2413.0,769.2,sync,30.226,
1789747203.4402487,adaptive_work,/api/search,POST,250,1,1,19,1380.3,1227.1,683.4,process,1940.154,
1789747203.4681063,adaptive_work,/api/report/generate,POST,350,3,0,14,848.7,0.0,451.8,async,145.741,
1789747203.4867876,adaptive_work,/api/feed,POST,300,2,1,14,424.7,1215.4,861.4,sync,124.851,
1789747203.5175638,adaptive_work,/api/user/profile,POST,200,1,2,14,367.3,2369.1,953.4,sync,29.283,
1789747203.5506449,adaptive_work,/api/feed,POST,300,1,2,14,368.0,2348.9,673.0,sync,125.902,
1789747203.5621483,adaptive_work,/api/report/generate,POST,350,2,1,14,758.0,1211.4,849.4,async,196.192,
1789747203.5638454,adaptive_work,/api/feed,POST,300,1,1,20,1379.5,1226.3,1100.8,process,2062.928,
1789747203.6127625,adaptive_work,/api/user/profile,POST,200,1,2,14,1357.4,2241.0,752.7,sync,60.434,
1789747203.61315,adaptive_work,/api/search,POST,250,1,2,14,336.7,2307.9,853.1,sync,94.291,
1789747203.6880696,adaptive_work,/api/feed,POST,300,3,1,18,1778.1,1519.5,859.7,process,2028.816,
1789747203.7074676,adaptive_work,/api/report/generate,POST,350,2,1,14,708.9,1151.3,1027.8,async,237.785,
1789747203.7147157,adaptive_work,/api/search,POST,250,1,1,13,379.7,1109.4,579.5,sync,99.449,
1789747203.7346535,adaptive_work,/api/feed,POST,300,2,1,13,1445.6,1160.5,717.2,sync,170.507,
1789747203.811116,adaptive_work,/api/search,POST,250,2,2,12,1620.8,2215.0,429.7,sync,120.938,
1789747203.837123,adaptive_work,/api/report/generate,POST,350,2,1,19,1685.4,1515.7,1327.0,process,2174.129,
1789747203.8402133,adaptive_work,/api/feed,POST,300,2,1,13,1643.4,1154.3,853.0,sync,123.88,
1789747203.8425477,adaptive_work,/api/user/profile,POST,200,1,1,13,334.4,1057.9,563.7,sync,29.779,
1789747203.855558,adaptive_work,/api/report/generate,POST,350,2,1,13,1769.9,1109.0,578.7,async,239.915,
1789747203.8727565,adaptive_work,/api/user/profile,POST,200,1,1,12,82.8,1028.9,476.6,sync,30.966,
1789747203.9691052,adaptive_work,/api/feed,POST,300,1,1,12,109.5,1026.5,469.6,sync,124.996,
1789747203.9894996,adaptive_work,/api/report/generate,POST,350,3,1,18,1920.6,1404.1,767.5,process,2111.155,
1789747204.0002685,adaptive_work,/api/user/profile,POST,200,1,1,12,334.6,558.3,221.0,sync,29.269,
1789747204.0012624,adaptive_work,/api/feed,POST,300,1,1,12,400.2,654.5,401.7,sync,126.507,
1789747204.0209947,adaptive_work,/api/user/profile,POST,200,2,1,11,405.4,537.8,200.5,sync,29.496,
1789747204.054418,adaptive_work,/api/image/thumbnail,POST,400,2,0,12,514.0,0.0,436.7,async,197.137,
1789747204.0858319,adaptive_work,/api/user/profile,POST,200,1,1,11,182.4,1200.7,135.8,sync,29.631,
1789747204.1127648,adaptive_work,/api/feed,POST,300,3,0,18,1212.2,0.0,807.5,process,2139.494,
1789747204.182148,adaptive_work,/api/auth/verify,POST,150,0,2,11,0.0,1740.2,169.0,sync,159.146,
1789747204.1855948,adaptive_work,/api/search,POST,250,1,1,11,151.3,1169.6,104.6,sync,98.231,
1789747204.200902,adaptive_work,/api/report/generate,POST,350,1,1,11,101.4,527.4,190.1,async,198.981,
1789747204.2595963,adaptive_work,/api/report/generate,POST,350,2,1,18,476.3,1250.6,753.5,process,2154.733,
1789747204.290285,adaptive_work,/api/user/profile,POST,200,1,0,10,1331.8,0.0,180.2,async,28.622,
1789747204.2996304,adaptive_work,/api/search,POST,250,0,0,11,0.0,0.0,239.3,sync,97.108,
1789747204.3220637,adaptive_work,/api/user/profile,POST,200,1,0,10,1300.6,0.0,149.0,async,29.273,
1789747204.351477,adaptive_work,/api/user/profile,POST,200,1,0,10,1368.6,0.0,118.1,async,27.811,
1789747204.3837292,adaptive_work,/api/feed,POST,300,2,1,17,1465.8,1497.3,644.0,process,2107.307,
1789747204.3977575,adaptive_work,/api/search,POST,250,0,1,10,0.0,764.1,140.5,sync,96.416,
1789747204.4140694,adaptive_work,/api/user/profile,POST,200,1,0,10,1306.6,0.0,505.8,async,28.428,
1789747204.5240605,adaptive_work,/api/auth/verify,POST,150,0,1,10,0.0,758.5,477.6,sync,124.286,
1789747204.5277853,adaptive_work,/api/report/generate,POST,350,2,1,17,1352.2,1440.5,899.2,process,2194.588,
1789747204.556921,adaptive_work,/api/user/profile,POST,200,0,0,10,0.0,0.0,309.4,sync,31.016,
1789747204.5576158,adaptive_work,/api/user/profile,POST,200,1,0,9,108.2,0.0,305.8,async,28.087,
1789747204.6523206,adaptive_work,/api/feed,POST,300,3,1,15,1778.5,756.7,193.9,process,1944.694,
1789747204.6607654,adaptive_work,/api/search,POST,250,0,0,9,0.0,0.0,276.3,sync,101.739,
1789747204.6928508,adaptive_work,/api/user/profile,POST,200,0,0,8,0.0,0.0,172.8,sync,30.363,
1789747204.7276335,adaptive_work,/api/user/profile,POST,200,0,0,8,0.0,0.0,140.4,sync,32.712,
1789747204.779809,adaptive_work,/api/feed,POST,300,2,1,16,1681.0,752.8,664.4,process,2068.233,
1789747204.8357215,adaptive_work,/api/search,POST,250,0,0,8,0.0,0.0,104.0,sync,104.416,
1789747204.9039009,adaptive_work,/api/auth/verify,POST,150,1,0,7,1338.2,0.0,51.3,async,119.914,
1789747204.905288,adaptive_work,/api/feed,POST,300,1,1,15,1300.2,758.2,354.7,process,1890.724,
1789747204.9374185,adaptive_work,/api/user/profile,POST,200,1,1,6,110.8,1186.2,0.0,sync,30.581,
1789747204.937939,adaptive_work,/api/user/profile,POST,200,0,1,6,0.0,1187.2,0.0,sync,32.113,
1789747204.9710574,adaptive_work,/api/user/profile,POST,200,0,1,6,0.0,1153.0,0.0,sync,30.974,
1789747205.0523112,adaptive_work,/api/report/generate,POST,350,0,1,7,0.0,584.4,0.0,async,214.282,
1789747205.0703998,adaptive_work,/api/auth/verify,POST,150,1,1,6,111.4,1152.5,0.0,sync,129.871,
1789747205.0832124,adaptive_work,/api/user/profile,POST,200,2,0,6,451.2,0.0,0.0,async,28.771,
1789747205.0989542,adaptive_work,/api/feed,POST,300,1,1,6,183.0,1119.9,0.0,sync,125.828,
1789747205.0998218,adaptive_work,/api/image/thumbnail,POST,400,1,1,16,1269.4,1509.0,744.7,process,2054.484,
1789747205.130789,adaptive_work,/api/user/profile,POST,200,1,0,5,1361.3,0.0,0.0,async,28.983,
1789747205.166904,adaptive_work,/api/search,POST,250,1,1,6,331.7,754.8,0.0,sync,94.688,
1789747205.2223442,adaptive_work,/api/auth/verify,POST,150,3,1,13,787.4,1234.6,410.9,process,1879.528,
1789747205.2942116,adaptive_work,/api/feed,POST,300,0,0,6,0.0,0.0,441.2,sync,125.403,
1789747205.3309698,adaptive_work,/api/search,POST,250,1,0,5,375.5,0.0,385.9,async,106.845,
1789747205.364907,adaptive_work,/api/report/generate,POST,350,2,2,13,764.2,2314.2,621.1,process,1922.85,
1789747205.3960772,adaptive_work,/api/user/profile,POST,200,1,0,4,397.0,0.0,243.4,async,29.438,
1789747205.4597983,adaptive_work,/api/feed,POST,300,0,0,5,0.0,0.0,277.2,sync,126.935,
1789747205.4876993,adaptive_work,/api/feed,POST,300,3,1,12,2953.2,1161.0,390.7,process,1778.032,
1789747205.4937074,adaptive_work,/api/user/profile,POST,200,0,1,4,0.0,1460.0,147.0,sync,30.719,
1789747205.5042071,adaptive_work,/api/search,POST,250,1,0,4,365.1,0.0,211.4,async,105.585,
1789747205.5153918,adaptive_work,/api/user/profile,POST,200,2,1,10,1488.3,1142.6,77.7,process,1401.096,
1789747205.5250216,adaptive_work,/api/user/profile,POST,200,0,1,4,0.0,1427.9,626.5,sync,29.849,
1789747205.6237721,adaptive_work,/api/search,POST,250,0,2,3,0.0,1863.7,563.8,sync,97.217,
1789747205.628585,adaptive_work,/api/auth/verify,POST,150,1,0,4,100.8,0.0,604.6,async,122.438,
1789747205.6388838,adaptive_work,/api/feed,POST,300,1,0,10,1339.3,0.0,88.8,process,1285.898,
1789747205.727961,adaptive_work,/api/search,POST,250,0,1,3,0.0,1141.9,376.5,sync,97.599,
1789747205.7623904,adaptive_work,/api/auth/verify,POST,150,1,1,5,1361.0,772.3,0.0,process,660.268,
1789747205.7804046,adaptive_work,/api/report/generate,POST,350,1,1,3,89.7,627.3,582.4,async,263.148,
1789747205.840085,adaptive_work,/api/search,POST,250,1,1,2,1380.9,1131.9,366.5,async,199.748,
1789747205.8702166,adaptive_work,/api/user/profile,POST,200,2,0,2,520.5,0.0,569.5,async,28.062,
1789747205.9152517,adaptive_work,/api/report/generate,POST,350,1,1,3,85.2,1433.4,120.4,process,425.62,
1789747205.9454834,adaptive_work,/api/user/profile,POST,200,3,0,1,778.8,0.0,329.7,async,28.165,
1789747205.9647744,adaptive_work,/api/image/thumbnail,POST,400,0,2,2,0.0,2409.1,725.9,sync,200.828,
1789747205.967536,adaptive_work,/api/user/profile,POST,200,1,1,2,528.1,1382.3,688.8,sync,185.052,
1789747206.0613449,adaptive_work,/api/report/generate,POST,350,0,2,2,0.0,2477.5,277.1,process,331.589,
1789747206.0634408,adaptive_work,/api/feed,POST,300,2,0,2,460.7,0.0,509.6,sync,191.357,
1789747206.0910416,adaptive_work,/api/auth/verify,POST,150,2,0,1,336.5,0.0,280.6,async,124.692,
1789747206.1224954,adaptive_work,/api/user/profile,POST,200,1,1,0,188.0,1131.3,0.0,sync,29.804,
1789747206.190343,adaptive_work,/api/auth/verify,POST,150,0,2,0,0.0,1698.5,0.0,sync,125.227,
1789747206.2352295,adaptive_work,/api/report/generate,POST,350,1,1,1,333.9,635.8,278.0,async,266.277,
1789747212.3860629,adaptive_work,/api/user/profile,POST,200,0,0,0,0.0,0.0,0.0,sync,44.493,
1789747212.3862402,adaptive_work,/api/user/profile,POST,200,1,0,0,108.5,0.0,0.0,sync,41.327,
1789747212.389466,adaptive_work,/api/user/profile,POST,200,11,2,4,1944.7,1890.4,1803.8,sync,41.78,
1789747212.3902278,adaptive_work,/api/user/profile,POST,200,7,2,3,1400.9,1891.9,1478.7,sync,43.292,
1789747212.3932507,adaptive_work,/api/user/profile,POST,200,3,0,1,434.4,0.0,481.9,sync,47.687,
1789747212.3947918,adaptive_work,/api/user/profile,POST,200,9,2,3,1621.6,1891.2,1477.7,sync,47.515,
1789747212.395235,adaptive_work,/api/user/profile,POST,200,8,2,3,1511.2,1891.5,1478.1,sync,48.112,
1789747212.425571,adaptive_work,/api/user/profile,POST,200,11,3,7,2472.4,3015.0,2825.6,sync,34.012,
1789747212.428174,adaptive_work,/api/user/profile,POST,200,12,3,7,2578.1,3013.5,2822.0,sync,36.121,
1789747212.4284472,adaptive_work,/api/user/profile,POST,200,12,3,7,2594.1,3005.9,2804.3,sync,33.855,
1789747212.475962,adaptive_work,/api/search,POST,250,12,2,5,2045.0,1888.5,2282.1,process,127.31,
1789747212.4826357,adaptive_work,/api/search,POST,250,14,3,6,2897.3,3141.5,2699.2,process,133.25,
1789747212.486002,adaptive_work,/api/feed,POST,300,2,0,0,219.8,0.0,0.0,process,140.877,
1789747212.4866514,adaptive_work,/api/feed,POST,300,12,2,4,2047.4,1888.9,1800.8,process,138.199,
1789747212.4898899,adaptive_work,/api/feed,POST,300,12,3,6,2040.5,3142.6,2701.4,sync,140.87,
1789747212.4900966,adaptive_work,/api/feed,POST,300,5,1,2,758.5,637.8,998.1,sync,143.791,
1789747212.4907174,adaptive_work,/api/feed,POST,300,13,3,6,2468.7,3142.0,2700.1,sync,141.491,
1789747212.5015056,adaptive_work,/api/auth/verify,POST,150,4,0,1,545.5,0.0,481.7,async,155.781,
1789747212.5060604,adaptive_work,/api/auth/verify,POST,150,2,0,1,219.3,0.0,482.0,sync,160.679,
1789747212.506769,adaptive_work,/api/auth/verify,POST,150,10,2,3,1732.0,1890.9,1477.2,sync,159.349,
1789747212.507999,adaptive_work,/api/auth/verify,POST,150,6,2,3,1186.3,1892.2,1479.1,sync,161.205,
1789747212.510864,adaptive_work,/api/user/profile,POST,200,8,3,7,1573.9,2753.4,2262.8,sync,32.083,
1789747212.5142336,adaptive_work,/api/user/profile,POST,200,11,2,3,1946.1,1890.7,1476.8,process,166.676,
1789747212.5159514,adaptive_work,/api/feed,POST,300,12,3,7,2220.1,3025.0,2849.0,sync,127.742,
1789747212.518064,adaptive_work,/api/user/profile,POST,200,9,3,6,1629.6,2734.7,1933.2,sync,33.05,
1789747212.5284748,adaptive_work,/api/auth/verify,POST,150,4,1,1,544.8,638.2,481.5,sync,182.575,
1789747212.5327516,adaptive_work,/api/user/profile,POST,200,8,2,6,1152.6,2199.2,2052.3,sync,29.572,
1789747212.5406108,adaptive_work,/api/user/profile,POST,200,8,2,6,1589.8,2186.3,2013.8,sync,31.022,
1789747212.5414395,adaptive_work,/api/user/profile,POST,200,6,2,6,1056.6,2188.9,2021.4,sync,33.105,
1789747212.591587,adaptive_work,/api/search,POST,250,11,3,7,2557.6,3000.6,2791.9,process,195.221,
1789747212.6060588,adaptive_work,/api/feed,POST,300,6,1,2,1188.2,637.6,997.7,process,259.573,
1789747212.618721,adaptive_work,/api/feed,POST,300,7,3,5,804.4,2711.1,1692.2,sync,125.86,
1789747212.6385434,adaptive_work,/api/feed,POST,300,10,3,4,1699.7,2722.2,1228.4,process,149.372,
1789747212.6389153,adaptive_work,/api/report/generate,POST,350,5,1,1,759.6,638.1,481.4,process,292.852,
1789747212.6397681,adaptive_work,/api/feed,POST,300,7,2,6,1164.7,2187.8,2018.1,sync,130.903,
1789747212.639983,adaptive_work,/api/user/profile,POST,200,3,2,3,785.0,1989.5,925.5,sync,31.951,
1789747212.654464,adaptive_work,/api/report/generate,POST,350,12,2,6,2042.6,1888.1,2702.4,async,305.612,
1789747212.6643474,adaptive_work,/api/auth/verify,POST,150,5,2,5,1069.5,2145.4,1745.9,sync,134.261,
1789747212.6904366,adaptive_work,/api/search,POST,250,8,3,5,1231.4,2709.6,1689.8,process,197.1,
1789747212.7541082,adaptive_work,/api/report/generate,POST,350,6,1,3,1187.2,637.5,1479.6,async,407.465,
1789747212.8258529,adaptive_work,/api/user/profile,POST,200,0,0,0,0.0,0.0,0.0,sync,48.897,
1789747212.8571937,adaptive_work,/api/user/profile,POST,200,7,2,5,2040.0,2025.0,2210.4,sync,74.112,
1789747212.857895,adaptive_work,/api/user/profile,POST,200,11,2,6,2687.4,2023.5,2688.7,sync,74.054,
1789747212.8593056,adaptive_work,/api/user/profile,POST,200,9,2,5,2364.8,2024.4,2208.8,sync,75.914,
1789747212.8719015,adaptive_work,/api/user/profile,POST,200,4,1,4,1397.8,1254.6,1736.7,sync,90.839,
1789747212.8732607,adaptive_work,/api/user/profile,POST,200,11,3,9,2210.0,2564.0,3619.7,sync,45.367,
1789747212.8985476,adaptive_work,/api/search,POST,250,1,0,1,110.2,0.0,481.2,process,119.964,
1789747212.9347146,adaptive_work,/api/feed,POST,300,1,0,0,111.3,0.0,0.0,process,157.262,
1789747212.9350274,adaptive_work,/api/search,POST,250,1,0,2,109.8,0.0,902.0,process,156.103,
1789747212.9352527,adaptive_work,/api/feed,POST,300,6,1,4,1932.2,1253.2,1731.0,process,152.77,
1789747212.9357018,adaptive_work,/api/user/profile,POST,200,6,1,5,1930.8,1253.0,2212.2,sync,153.0,
1789747213.0178032,adaptive_work,/api/search,POST,250,1,0,3,109.6,0.0,1322.8,process,238.63,
1789747213.0196784,adaptive_work,/api/search,POST,250,12,3,7,2790.8,2693.9,3166.3,process,235.134,
1789747213.0225155,adaptive_work,/api/search,POST,250,12,3,8,2787.8,2693.2,3585.9,process,237.728,
1789747213.0275621,adaptive_work,/api/feed,POST,300,11,2,5,2689.0,2023.8,2207.3,process,243.865,
1789747213.0442283,adaptive_work,/api/image/thumbnail,POST,400,12,2,7,2793.3,2022.5,3167.8,async,259.895,
1789747213.0510473,adaptive_work,/api/user/profile,POST,200,12,3,6,2643.0,2227.7,1999.4,process,111.083,
1789747213.14283,adaptive_work,/api/feed,POST,300,12,2,6,2796.7,2023.1,2687.4,process,358.776,
1789747213.1556432,adaptive_work,/api/search,POST,250,12,3,8,2635.7,2225.9,2839.6,process,215.072,
1789747213.1732285,adaptive_work,/api/feed,POST,300,5,1,4,1508.4,1254.4,1735.7,sync,391.908,
1789747213.1762908,adaptive_work,/api/auth/verify,POST,150,10,3,9,2668.7,2425.6,3204.5,sync,302.285,
1789747213.1799786,adaptive_work,/api/feed,POST,300,1,0,4,109.2,0.0,1742.8,sync,400.43,
1789747213.1900873,adaptive_work,/api/report/generate,POST,350,12,3,7,2639.0,2226.7,2324.6,process,249.794,
1789747213.1973314,adaptive_work,/api/feed,POST,300,2,0,4,538.2,0.0,1739.2,sync,416.891,
1789747213.2143044,adaptive_work,/api/user/profile,POST,200,7,1,5,2041.3,1252.8,2211.3,async,431.405,
1789747213.215347,adaptive_work,/api/report/generate,POST,350,3,0,4,968.3,0.0,1738.2,async,434.653,
1789747213.2394278,adaptive_work,/api/image/thumbnail,POST,400,12,3,5,2649.1,2229.2,1448.2,process,299.97,
1789747213.2482243,adaptive_work,/api/auth/verify,POST,150,10,2,5,2475.2,2024.1,2208.1,sync,464.689,
1789747213.2540753,adaptive_work,/api/feed,POST,300,3,1,4,967.7,1254.8,1737.4,sync,473.186,
1789747213.2650447,adaptive_work,/api/auth/verify,POST,150,8,2,5,2150.5,2024.7,2209.5,sync,481.799,
1789747213.2739353,adaptive_work,/api/search,POST,250,12,3,8,1789.7,1981.9,2682.4,process,252.048,
1789747213.2977738,adaptive_work,/api/image/thumbnail,POST,400,11,3,9,2361.7,2464.3,3320.8,sync,436.696,
1789747213.2982802,adaptive_work,/api/user/profile,POST,200,10,3,9,2257.3,2466.3,3326.9,sync,437.87,
1789747213.300211,adaptive_work,/api/search,POST,250,12,3,8,1772.8,1975.6,2902.6,process,276.22,
1789747213.315608,adaptive_work,/api/report/generate,POST,350,12,3,7,1799.5,1985.6,2175.0,process,294.937,
1789747213.3984463,adaptive_work,/api/report/generate,POST,350,14,2,7,2485.4,1484.9,2634.4,async,345.281,
1789747213.420625,adaptive_work,/api/report/generate,POST,350,15,3,5,1608.5,2426.7,1590.2,process,263.043,
1789747213.424203,adaptive_work,/api/feed,POST,300,16,2,5,2154.1,2297.1,1639.9,process,182.641,
1789747213.4849007,adaptive_work,/api/auth/verify,POST,150,14,3,6,1396.1,2374.1,2002.2,sync,309.783,
1789747213.5154514,adaptive_work,/api/image/thumbnail,POST,400,15,3,5,2061.5,2324.0,1636.4,process,323.659,
1789747213.5184135,adaptive_work,/api/report/generate,POST,350,15,1,6,1992.9,1091.2,2039.4,async,301.403,
1789747213.5293937,adaptive_work,/api/search,POST,250,15,2,6,2075.9,2228.3,2293.6,process,253.41,
1789747213.535221,adaptive_work,/api/search,POST,250,15,2,6,2205.2,2173.7,2381.8,process,231.95,
1789747213.5494187,adaptive_work,/api/user/profile,POST,200,18,2,3,1155.6,2092.8,690.8,process,31.83,
1789747213.5558062,adaptive_work,/api/image/thumbnail,POST,400,15,2,6,2184.1,2246.3,1969.8,process,288.828,
1789747213.6579702,adaptive_work,/api/image/thumbnail,POST,400,12,3,8,1732.2,1960.4,3041.5,sync,628.905,
1789747213.6713789,adaptive_work,/api/user/profile,POST,200,11,3,9,2864.4,2420.1,3188.2,sync,795.548,
1789747213.6759198,adaptive_work,/api/image/thumbnail,POST,400,14,3,6,1582.7,2365.4,1984.8,sync,497.866,
1789747213.696022,adaptive_work,/api/report/generate,POST,350,16,1,6,1272.9,1071.1,1982.8,async,295.084,
1789747213.707732,adaptive_work,/api/user/profile,POST,200,15,2,6,2206.4,2268.5,2036.4,sync,451.875,
1789747213.7209284,adaptive_work,/api/report/generate,POST,350,20,1,2,1327.9,1119.1,592.6,process,184.044,
1789747213.7274005,adaptive_work,/api/user/profile,POST,200,20,0,3,860.2,0.0,1260.6,async,28.966,
1789747213.7306793,adaptive_work,/api/user/profile,POST,200,14,3,6,2054.6,2352.7,1959.4,sync,548.415,
1789747213.7427044,adaptive_work,/api/report/generate,POST,350,20,1,2,1211.2,1104.5,772.5,process,191.235,
1789747213.760811,adaptive_work,/api/user/profile,POST,200,16,2,5,1091.5,2281.6,1597.7,sync,337.633,
1789747213.7670255,adaptive_work,/api/user/profile,POST,200,14,3,6,1622.8,2464.5,1870.4,sync,622.055,
1789747213.7752233,adaptive_work,/api/user/profile,POST,200,15,2,6,2046.4,2144.8,2482.1,sync,457.499,
1789747213.8039846,adaptive_work,/api/feed,POST,300,15,2,6,1988.2,2345.3,2036.6,sync,586.506,
1789747213.8115473,adaptive_work,/api/user/profile,POST,200,18,1,4,1135.3,1135.5,1006.7,sync,291.042,
1789747213.8151464,adaptive_work,/api/user/profile,POST,200,20,1,2,593.3,995.0,800.9,sync,154.199,
1789747213.820236,adaptive_work,/api/user/profile,POST,200,13,2,6,1686.1,2178.2,2395.5,sync,519.229,
1789747213.8320067,adaptive_work,/api/auth/verify,POST,150,14,3,6,1968.8,2302.1,2146.8,sync,632.885,
1789747213.8486836,adaptive_work,/api/feed,POST,300,20,1,2,1131.5,748.2,856.1,process,125.813,
1789747213.8547015,adaptive_work,/api/auth/verify,POST,150,15,2,6,2063.2,2280.6,2072.7,sync,604.877,
1789747213.8691306,adaptive_work,/api/auth/verify,POST,150,19,1,3,1160.8,1124.7,797.4,sync,337.847,
1789747213.8734598,adaptive_work,/api/auth/verify,POST,150,17,2,4,1180.1,2275.8,1285.4,sync,447.375,
1789747213.8739252,adaptive_work,/api/search,POST,250,19,1,3,1063.7,635.2,1309.4,process,141.373,
1789747213.8874092,adaptive_work,/api/auth/verify,POST,150,20,1,2,1163.8,1098.6,1008.0,sync,330.007,
1789747213.894502,adaptive_work,/api/feed,POST,300,19,1,3,1377.6,598.5,1284.8,process,125.312,
1789747213.9023032,adaptive_work,/api/user/profile,POST,200,19,1,3,988.3,622.7,1357.5,sync,157.321,
1789747213.9437003,adaptive_work,/api/feed,POST,300,13,2,8,2127.8,1499.5,2907.3,sync,897.855,
1789747213.9472554,adaptive_work,/api/auth/verify,POST,150,20,0,3,1086.4,0.0,1319.1,async,217.951,
1789747213.9500446,adaptive_work,/api/user/profile,POST,200,16,3,4,1574.5,2482.8,1539.1,sync,99.032,
1789747213.9617689,adaptive_work,/api/user/profile,POST,200,17,2,4,1732.3,1312.1,1574.7,sync,144.459,
1789747213.9729702,adaptive_work,/api/feed,POST,300,17,2,4,1806.2,1302.6,1555.7,process,150.92,
1789747213.9761147,adaptive_work,/api/user/profile,POST,200,18,1,4,1586.3,561.4,1618.7,async,169.802,
1789747213.9839337,adaptive_work,/api/image/thumbnail,POST,400,20,1,2,979.6,977.4,765.7,process,305.09,
1789747213.997038,adaptive_work,/api/feed,POST,300,9,3,9,1830.8,2467.6,3330.8,sync,1137.052,
1789747214.0109942,adaptive_work,/api/auth/verify,POST,150,17,2,4,1542.0,1319.3,1589.2,sync,197.303,
1789747214.0126343,adaptive_work,/api/search,POST,250,15,3,4,1905.0,2407.2,1694.9,process,136.405,
1789747214.0849907,adaptive_work,/api/search,POST,250,15,3,5,1985.4,2366.4,2048.5,process,195.181,
1789747214.1088297,adaptive_work,/api/feed,POST,300,15,3,5,2268.1,2324.3,2038.1,process,204.988,
1789747214.113152,adaptive_work,/api/user/profile,POST,200,16,2,5,2392.6,2322.0,1969.1,process,127.268,
1789747214.1216192,adaptive_work,/api/report/generate,POST,350,16,2,5,1709.7,1278.5,1977.8,async,287.509,
1789747214.1255176,adaptive_work,/api/image/thumbnail,POST,400,16,3,4,1637.6,2466.5,1517.4,process,269.093,
1789747214.1539044,adaptive_work,/api/user/profile,POST,200,17,2,4,2028.9,2064.4,1434.2,process,39.228,
1789747214.1837928,adaptive_work,/api/report/generate,POST,350,15,3,5,2302.0,2946.9,1762.8,process,208.515,
1789747214.216594,adaptive_work,/api/auth/verify,POST,150,15,3,5,1898.5,2405.0,2112.9,sync,339.667,
1789747214.2175362,adaptive_work,/api/feed,POST,300,14,2,6,1782.8,2175.2,2386.4,sync,914.991,
1789747214.2284293,adaptive_work,/api/search,POST,250,15,2,6,2577.5,2264.4,2379.5,process,213.75,
1789747214.2300723,adaptive_work,/api/feed,POST,300,12,3,8,2688.1,2346.7,2668.0,sync,1329.761,
1789747214.23036,adaptive_work,/api/auth/verify,POST,150,15,2,6,2277.7,2338.8,2266.7,sync,252.878,
1789747214.2356796,adaptive_work,/api/feed,POST,300,17,2,4,923.6,2149.6,1033.0,sync,746.476,
1789747214.2429247,adaptive_work,/api/report/generate,POST,350,15,2,6,1923.2,1768.9,2246.0,async,293.342,
1789747214.2436137,adaptive_work,/api/image/thumbnail,POST,400,14,3,6,1885.5,2982.3,2162.8,sync,280.164,
1789747214.2623036,adaptive_work,/api/search,POST,250,17,2,4,1900.1,1846.2,1414.1,process,134.759,
1789747214.270268,adaptive_work,/api/user/profile,POST,200,17,1,5,1935.4,1080.6,1714.9,async,146.248,
1789747214.2742286,adaptive_work,/api/user/profile,POST,200,15,1,6,1533.2,650.4,2090.0,async,27.993,
1789747214.2899587,adaptive_work,/api/user/profile,POST,200,16,2,4,1810.0,1636.7,1419.6,process,57.66,
1789747214.307391,adaptive_work,/api/feed,POST,300,17,2,4,1629.0,1788.8,1406.3,process,151.183,
1789747214.3298504,adaptive_work,/api/search,POST,250,17,2,4,1358.3,1728.7,1432.1,process,143.559,
1789747214.3319423,adaptive_work,/api/image/thumbnail,POST,400,15,2,6,2234.2,2295.6,2217.4,process,332.857,
1789747214.3799725,adaptive_work,/api/search,POST,250,17,0,6,2242.6,0.0,2050.0,async,104.282,
1789747214.3807719,adaptive_work,/api/user/profile,POST,200,17,1,5,2078.3,1508.0,1683.7,async,88.649,
1789747214.3963127,adaptive_work,/api/search,POST,250,16,2,5,1877.8,1626.7,1722.3,process,159.051,
1789747214.4190483,adaptive_work,/api/search,POST,250,16,2,5,1918.1,1387.0,1697.1,process,154.793,
1789747214.4360585,adaptive_work,/api/image/thumbnail,POST,400,14,2,6,2048.6,2267.3,2388.3,sync,422.849,
1789747214.4458883,adaptive_work,/api/search,POST,250,17,2,4,1913.9,2246.3,1268.7,process,136.619,
1789747214.4466279,adaptive_work,/api/search,POST,250,17,2,3,1712.2,2200.1,1078.2,process,114.26,
1789747214.517408,adaptive_work,/api/search,POST,250,17,2,4,1703.5,2197.6,1494.8,process,183.796,
1789747214.5425744,adaptive_work,/api/auth/verify,POST,150,17,0,5,1394.7,0.0,1668.3,async,159.343,
1789747214.553172,adaptive_work,/api/search,POST,250,17,2,4,1319.9,1797.1,1422.2,process,114.232,
1789747214.586334,adaptive_work,/api/user/profile,POST,200,20,1,2,931.4,1097.6,793.0,process,30.593,
1789747214.5899389,adaptive_work,/api/report/generate,POST,350,18,2,3,1562.5,1833.2,977.2,process,169.057,
1789747214.6068957,adaptive_work,/api/auth/verify,POST,150,15,2,5,1147.2,1663.8,1691.5,sync,388.173,
1789747214.6142986,adaptive_work,/api/report/generate,POST,350,18,2,3,1379.9,1776.6,1206.2,process,165.148,
1789747214.6510835,adaptive_work,/api/image/thumbnail,POST,400,15,2,6,1530.4,1422.3,2087.9,sync,404.501,
1789747214.679005,adaptive_work,/api/user/profile,POST,200,14,3,6,1888.9,3016.9,2232.0,sync,727.088,
1789747214.692965,adaptive_work,/api/user/profile,POST,200,14,3,6,1847.9,2198.0,2267.9,sync,747.016,
1789747214.69642,adaptive_work,/api/user/profile,POST,200,16,2,5,1804.0,1635.2,1743.4,sync,463.382,
1789747214.7221863,adaptive_work,/api/user/profile,POST,200,18,2,3,958.2,1636.1,1206.6,sync,202.731,
1789747214.731569,adaptive_work,/api/report/generate,POST,350,18,1,4,1720.6,623.4,1332.4,async,333.226,
1789747214.7406013,adaptive_work,/api/user/profile,POST,200,16,2,5,1357.7,1662.1,1687.2,sync,521.049,
1789747214.74876,adaptive_work,/api/user/profile,POST,200,15,2,6,1758.6,2119.0,2068.3,sync,661.389,
1789747214.7662675,adaptive_work,/api/user/profile,POST,200,19,1,3,893.9,1108.2,1129.6,sync,221.141,
1789747214.7691324,adaptive_work,/api/user/profile,POST,200,17,2,3,1271.7,1777.8,1208.0,sync,320.573,
1789747214.7744384,adaptive_work,/api/feed,POST,300,20,1,2,627.3,982.1,775.0,sync,1100.534,
1789747214.7807198,adaptive_work,/api/report/generate,POST,350,21,1,1,925.3,1061.9,374.9,process,189.28,
1789747214.7817347,adaptive_work,/api/user/profile,POST,200,20,0,3,968.8,0.0,1154.1,async,31.349,
1789747214.809005,adaptive_work,/api/report/generate,POST,350,21,1,1,962.7,1037.5,492.8,process,193.184,
1789747214.814215,adaptive_work,/api/auth/verify,POST,150,20,1,2,729.8,1064.7,727.3,sync,225.646,
1789747214.815343,adaptive_work,/api/user/profile,POST,200,19,1,2,1304.6,1247.9,730.1,process,32.08,
1789747214.8270574,adaptive_work,/api/auth/verify,POST,150,20,1,2,807.0,1045.0,858.4,sync,218.721,
1789747214.8299458,adaptive_work,/api/feed,POST,300,19,1,3,791.3,761.1,1226.2,sync,1120.019,
1789747214.8354335,adaptive_work,/api/auth/verify,POST,150,20,1,2,546.8,1000.3,935.7,sync,182.425,
1789747214.8359563,adaptive_work,/api/feed,POST,300,18,1,4,1330.5,590.6,1735.4,sync,1058.824,
1789747214.8409443,adaptive_work,/api/user/profile,POST,200,20,1,2,1219.4,1220.4,652.9,process,30.233,
1789747214.8460321,adaptive_work,/api/user/profile,POST,200,19,1,2,1178.9,1215.2,670.0,process,30.106,
1789747214.8568397,adaptive_work,/api/search,POST,250,21,0,2,1043.7,0.0,757.5,process,114.765,
1789747214.9427161,adaptive_work,/api/feed,POST,300,19,1,3,1170.6,1214.0,993.9,process,125.596,
1789747214.9435306,adaptive_work,/api/report/generate,POST,350,19,1,3,1382.9,746.9,1076.9,async,167.397,
1789747214.9464896,adaptive_work,/api/search,POST,250,18,1,4,1187.2,1199.7,1419.0,process,115.069,
1789747214.963237,adaptive_work,/api/search,POST,250,18,2,2,1200.2,2406.2,834.7,process,104.374,
1789747214.9758694,adaptive_work,/api/user/profile,POST,200,20,1,2,635.7,958.0,851.0,sync,280.54,
1789747214.9860885,adaptive_work,/api/user/profile,POST,200,20,1,2,608.4,972.1,879.2,sync,304.84,
1789747214.9868634,adaptive_work,/api/feed,POST,300,15,2,4,1389.0,1639.1,1424.5,sync,755.796,
1789747214.9875412,adaptive_work,/api/feed,POST,300,19,1,3,990.1,604.7,1303.4,sync,1224.529,
1789747214.989551,adaptive_work,/api/auth/verify,POST,150,19,1,3,1296.5,1247.2,1055.4,sync,205.558,
1789747214.9905841,adaptive_work,/api/feed,POST,300,15,3,5,1516.9,2421.4,1996.6,sync,1119.129,
1789747214.9951682,adaptive_work,/api/user/profile,POST,200,20,1,1,774.0,1128.0,463.5,process,30.371,
1789747215.0164356,adaptive_work,/api/image/thumbnail,POST,400,19,1,3,889.9,751.7,1091.5,sync,245.176,
1789747215.0310845,adaptive_work,/api/user/profile,POST,200,20,1,2,724.3,954.7,844.4,sync,332.429,
1789747215.031387,adaptive_work,/api/user/profile,POST,200,20,1,2,651.8,929.0,793.0,sync,307.055,
1789747215.070935,adaptive_work,/api/feed,POST,300,19,1,2,772.2,1146.8,641.3,process,124.931,
1789747215.0763102,adaptive_work,/api/user/profile,POST,200,17,1,3,859.3,1102.9,1149.8,sync,86.441,
1789747215.0902636,adaptive_work,/api/search,POST,250,19,1,2,711.4,1115.5,766.0,process,112.95,
1789747215.0931618,adaptive_work,/api/user/profile,POST,200,19,1,3,807.2,754.7,1100.2,sync,324.807,
1789747215.1029224,adaptive_work,/api/user/profile,POST,200,18,1,2,1125.9,1020.2,758.4,process,30.263,
1789747215.1057837,adaptive_work,/api/user/profile,POST,200,17,1,3,765.2,1104.1,1153.3,sync,117.05,
1789747215.1089158,adaptive_work,/api/user/profile,POST,200,16,1,3,658.9,1105.0,1156.0,sync,121.1,
1789747215.1149778,adaptive_work,/api/user/profile,POST,200,18,1,2,666.0,1147.8,643.2,sync,169.914,
1789747215.115943,adaptive_work,/api/feed,POST,300,16,2,5,1637.7,2072.3,1652.7,sync,1005.223,
1789747215.1205087,adaptive_work,/api/user/profile,POST,200,18,1,4,1093.4,1202.3,1429.3,sync,291.627,
1789747215.1229656,adaptive_work,/api/report/generate,POST,350,16,1,5,1113.4,1193.4,1808.6,async,285.173,
1789747215.1271594,adaptive_work,/api/user/profile,POST,200,17,2,3,1163.9,2427.8,1171.8,sync,279.084,
1789747215.1298938,adaptive_work,/api/user/profile,POST,200,19,1,2,761.4,1145.0,813.1,sync,182.106,
1789747215.1331987,adaptive_work,/api/user/profile,POST,200,16,2,5,1111.9,2447.8,1807.1,sync,295.102,
1789747215.1391065,adaptive_work,/api/user/profile,POST,200,17,1,2,1147.1,984.9,902.1,process,31.14,
1789747215.1463976,adaptive_work,/api/feed,POST,300,15,3,5,1921.2,2347.1,2076.2,sync,1250.177,
1789747215.1538377,adaptive_work,/api/user/profile,POST,200,17,1,3,1060.4,1015.0,1070.3,sync,75.982,
1789747215.154223,adaptive_work,/api/user/profile,POST,200,16,1,3,945.2,1059.3,1231.4,sync,120.7,
1789747215.1746368,adaptive_work,/api/auth/verify,POST,150,19,1,2,1558.9,1095.9,833.3,process,177.708,
1789747215.1783211,adaptive_work,/api/auth/verify,POST,150,18,1,3,1383.3,1100.3,1142.0,sync,185.846,
1789747215.1934628,adaptive_work,/api/user/profile,POST,200,16,1,3,1126.8,982.0,1220.9,sync,82.621,
1789747215.1962593,adaptive_work,/api/user/profile,POST,200,11,1,7,1624.1,1491.7,2807.7,sync,38.858,
1789747215.230059,adaptive_work,/api/user/profile,POST,200,9,2,7,1255.5,2688.6,2614.8,sync,31.638,
1789747215.2412462,adaptive_work,/api/search,POST,250,16,1,3,1389.5,974.0,1196.9,process,122.393,
1789747215.2444253,adaptive_work,/api/search,POST,250,16,0,4,1765.4,0.0,1595.2,async,119.755,
1789747215.2547455,adaptive_work,/api/search,POST,250,14,1,4,1695.4,1517.4,1567.2,process,123.056,
1789747215.2621098,adaptive_work,/api/auth/verify,POST,150,18,1,2,1058.0,1000.7,720.7,sync,169.964,
1789747215.2662394,adaptive_work,/api/user/profile,POST,200,9,2,7,1045.2,2618.5,2369.5,sync,32.77,
1789747215.2693608,adaptive_work,/api/feed,POST,300,16,1,6,1845.2,746.5,2070.0,sync,997.012,
1789747215.2722921,adaptive_work,/api/auth/verify,POST,150,18,1,1,1166.2,987.6,399.6,process,167.078,
1789747215.2773416,adaptive_work,/api/user/profile,POST,200,10,1,6,1078.2,1191.6,1995.0,sync,32.62,
1789747215.279422,adaptive_work,/api/feed,POST,300,17,1,5,1390.7,637.8,1665.0,sync,895.543,
1789747215.286343,adaptive_work,/api/feed,POST,300,21,0,2,692.8,0.0,775.3,sync,553.149,
1789747215.2929807,adaptive_work,/api/search,POST,250,13,1,5,1661.1,1514.0,1971.6,process,157.886,
1789747215.2946382,adaptive_work,/api/feed,POST,300,17,1,3,955.9,1100.8,1143.3,sync,302.587,
1789747215.2949684,adaptive_work,/api/feed,POST,300,17,1,3,1051.7,1058.7,1229.7,sync,260.862,
1789747215.2960265,adaptive_work,/api/feed,POST,300,15,1,4,1359.7,970.7,1605.2,sync,173.872,
1789747215.312347,adaptive_work,/api/auth/verify,POST,150,15,1,3,1179.7,974.6,1198.9,sync,194.146,
1789747215.3132682,adaptive_work,/api/user/profile,POST,200,8,2,6,1335.8,1917.4,2005.0,sync,31.773,
1789747215.3330786,adaptive_work,/api/user/profile,POST,200,6,2,7,1193.4,1882.1,2471.1,sync,33.973,
1789747215.3333573,adaptive_work,/api/auth/verify,POST,150,12,1,6,1535.2,1501.1,2443.4,sync,185.411,
1789747215.3526812,adaptive_work,/api/search,POST,250,13,1,5,1598.1,1507.7,2061.2,process,211.28,
1789747215.3647618,adaptive_work,/api/search,POST,250,11,1,6,1628.1,1492.1,2389.4,process,207.808,
1789747215.3701887,adaptive_work,/api/user/profile,POST,200,4,3,8,2274.2,3037.5,2583.4,sync,32.38,
1789747215.3799667,adaptive_work,/api/search,POST,250,12,1,6,1548.8,1471.6,2340.0,process,202.502,
1789747215.399813,adaptive_work,/api/search,POST,250,10,2,4,1472.1,1932.7,1201.6,process,125.979,
1789747215.4128067,adaptive_work,/api/report/generate,POST,350,11,1,7,1487.7,1467.8,2734.9,async,231.535,
1789747215.4146516,adaptive_work,/api/user/profile,POST,200,10,1,5,1491.1,1164.8,1552.8,async,143.188,
1789747215.446694,adaptive_work,/api/feed,POST,300,11,1,5,1199.6,1172.1,1589.2,sync,182.508,
1789747215.4470434,adaptive_work,/api/auth/verify,POST,150,11,1,5,1087.7,1178.8,1622.6,sync,189.529,
1789747215.4570744,adaptive_work,/api/search,POST,250,3,3,8,886.0,3039.5,2588.9,sync,119.951,
1789747215.4573445,adaptive_work,/api/feed,POST,300,5,2,7,766.6,1883.5,2475.8,sync,158.89,
1789747215.46676,adaptive_work,/api/search,POST,250,8,2,5,1345.5,1920.1,1591.7,process,186.632,
1789747215.4756851,adaptive_work,/api/search,POST,250,8,2,6,1387.7,1902.4,1960.0,process,186.685,
1789747215.4878821,adaptive_work,/api/search,POST,250,6,2,6,1038.8,1889.4,2074.8,process,192.375,
1789747215.4927027,adaptive_work,/api/user/profile,POST,200,2,3,9,454.9,2982.5,2801.7,sync,32.324,
1789747215.4936295,adaptive_work,/api/user/profile,POST,200,1,3,9,343.8,2983.6,2805.0,sync,33.617,
1789747215.4952865,adaptive_work,/api/user/profile,POST,200,5,3,6,2239.0,2949.2,1941.2,process,128.068,
1789747215.4984453,adaptive_work,/api/feed,POST,300,4,3,7,2133.3,2931.8,2227.9,sync,125.404,
1789747215.5030234,adaptive_work,/api/search,POST,250,7,2,7,1303.0,1881.5,2468.8,process,203.593,
1789747215.505343,adaptive_work,/api/user/profile,POST,200,5,3,6,2508.1,2898.1,1934.7,process,121.093,
1789747215.5085819,adaptive_work,/api/user/profile,POST,200,3,3,7,514.2,2930.0,2187.7,sync,30.677,
1789747215.52509,adaptive_work,/api/user/profile,POST,200,3,3,6,1791.7,2881.0,1850.7,sync,30.877,
1789747215.5322764,adaptive_work,/api/user/profile,POST,200,4,3,5,1892.5,2872.8,1636.5,process,35.245,
1789747215.5952177,adaptive_work,/api/user/profile,POST,200,3,3,6,1562.3,2849.4,2118.1,sync,90.477,
1789747215.5954947,adaptive_work,/api/search,POST,250,4,3,6,578.4,2894.2,1877.1,sync,105.687,
1789747215.6079686,adaptive_work,/api/search,POST,250,3,3,8,1910.2,3012.7,2470.6,process,157.633,
1789747215.6185224,adaptive_work,/api/feed,POST,300,5,1,7,2354.0,1155.5,2270.4,process,203.456,
1789747215.6276972,adaptive_work,/api/user/profile,POST,200,0,3,6,0.0,2570.0,1882.8,sync,29.812,
1789747215.6304135,adaptive_work,/api/image/thumbnail,POST,400,5,1,8,2348.1,1154.3,2743.3,async,214.175,
1789747215.6340256,adaptive_work,/api/search,POST,250,3,3,6,1575.8,2863.0,1944.4,process,133.792,
1789747215.6392357,adaptive_work,/api/user/profile,POST,200,1,3,5,99.7,2533.5,1548.0,sync,29.189,
1789747215.646924,adaptive_work,/api/report/generate,POST,350,5,3,6,2419.1,2844.7,1844.4,process,244.876,
1789747215.6497405,adaptive_work,/api/user/profile,POST,200,2,3,4,191.2,2503.1,1220.1,sync,29.565,
1789747215.6814694,adaptive_work,/api/user/profile,POST,200,4,2,3,1241.5,1972.4,959.0,process,29.975,
1789747215.7217283,adaptive_work,/api/search,POST,250,4,3,5,1666.3,2843.6,1901.3,process,215.039,
1789747215.727737,adaptive_work,/api/search,POST,250,3,3,6,1573.0,2833.4,2302.4,process,217.643,
1789747215.7407215,adaptive_work,/api/search,POST,250,3,2,4,617.8,2011.0,1172.1,process,108.535,
1789747215.7471073,adaptive_work,/api/report/generate,POST,350,5,2,8,1094.4,1849.4,2761.9,async,431.602,
1789747215.7551649,adaptive_work,/api/feed,POST,300,2,3,4,194.6,2474.8,1182.3,sync,125.526,
1789747215.7591891,adaptive_work,/api/feed,POST,300,3,2,4,607.7,2004.3,1290.7,sync,123.661,
1789747215.772562,adaptive_work,/api/user/profile,POST,200,4,2,1,876.9,1790.1,504.9,process,29.903,
1789747215.7776244,adaptive_work,/api/user/profile,POST,200,4,1,2,852.0,956.0,820.0,process,28.748,
1789747215.7836196,adaptive_work,/api/auth/verify,POST,150,3,2,4,936.2,1993.7,1269.3,sync,142.75,
1789747215.793014,adaptive_work,/api/auth/verify,POST,150,4,2,3,1120.8,1978.2,967.7,sync,144.406,
1789747215.8076794,adaptive_work,/api/user/profile,POST,200,4,1,2,1000.7,925.8,868.4,process,28.554,
1789747215.8565953,adaptive_work,/api/search,POST,250,3,1,3,514.3,947.3,1121.4,process,99.018,
1789747215.8843925,adaptive_work,/api/report/generate,POST,350,4,2,1,926.1,1814.7,323.3,process,154.034,
1789747215.8869612,adaptive_work,/api/feed,POST,300,2,1,4,198.9,944.0,1529.6,sync,126.048,
1789747215.8982348,adaptive_work,/api/feed,POST,300,3,1,3,590.5,930.9,1181.1,sync,124.272,
1789747215.8989134,adaptive_work,/api/report/generate,POST,350,3,2,8,1911.6,1759.0,2474.3,async,449.044,
1789747215.9157424,adaptive_work,/api/user/profile,POST,200,3,1,0,761.9,818.4,0.0,process,29.221,
1789747215.9298105,adaptive_work,/api/user/profile,POST,200,2,0,1,235.2,0.0,312.9,async,28.714,
1789747215.930507,adaptive_work,/api/user/profile,POST,200,1,0,1,124.4,0.0,313.4,sync,29.906,
1789747215.9395947,adaptive_work,/api/auth/verify,POST,150,2,1,2,777.8,895.5,807.9,sync,130.24,
1789747215.962877,adaptive_work,/api/user/profile,POST,200,1,0,0,92.6,0.0,0.0,process,30.558,
1789747215.9709554,adaptive_work,/api/user/profile,POST,200,0,0,1,0.0,0.0,318.8,sync,29.944,
1789747216.047307,adaptive_work,/api/user/profile,POST,200,1,0,0,111.3,0.0,0.0,process,34.447,
1789747216.1533842,adaptive_work,/api/auth/verify,POST,150,4,1,3,1197.2,772.0,1289.7,async,138.993,
1789747216.1550846,adaptive_work,/api/user/profile,POST,200,2,0,2,540.8,0.0,808.7,async,141.305,
1789747216.1714864,adaptive_work,/api/feed,POST,300,2,0,1,541.1,0.0,326.8,process,157.884,
1789747216.201601,adaptive_work,/api/auth/verify,POST,150,10,3,9,3123.9,2927.3,3706.6,sync,184.329,
1789747216.2343907,adaptive_work,/api/image/thumbnail,POST,400,3,1,2,651.8,772.3,808.1,sync,220.3,
1789747216.2573607,adaptive_work,/api/search,POST,250,6,2,6,2052.6,1408.1,2549.2,async,241.836,
1789747216.268216,adaptive_work,/api/user/profile,POST,200,0,0,0,0.0,0.0,0.0,sync,255.882,
1789747216.2710986,adaptive_work,/api/user/profile,POST,200,8,3,9,2904.3,2928.6,3710.4,sync,254.249,
1789747216.275074,adaptive_work,/api/search,POST,250,6,2,4,2055.5,1409.1,1708.8,process,260.032,
1789747216.276066,adaptive_work,/api/user/profile,POST,200,9,3,9,3014.2,2927.9,3708.5,sync,259.003,
1789747216.276296,adaptive_work,/api/user/profile,POST,200,2,1,2,540.5,772.4,808.4,sync,262.36,
1789747216.3206358,adaptive_work,/api/user/profile,POST,200,11,2,10,1613.1,2478.4,2416.9,sync,84.698,
1789747216.3469026,adaptive_work,/api/user/profile,POST,200,11,2,10,1454.1,1801.6,2078.3,sync,77.108,
1789747216.3640997,adaptive_work,/api/report/generate,POST,350,12,1,9,2228.0,1384.6,2594.5,async,208.785,
1789747216.3781047,adaptive_work,/api/search,POST,250,8,3,7,2908.4,2930.1,2871.7,process,361.764,
1789747216.4743721,adaptive_work,/api/search,POST,250,5,2,3,1626.7,1409.8,1288.8,process,459.686,
1789747216.485355,adaptive_work,/api/search,POST,250,9,2,12,1261.6,1703.4,2196.6,sync,105.84,
1789747216.4856162,adaptive_work,/api/feed,POST,300,12,2,9,2214.5,2636.3,2579.4,sync,328.625,
1789747216.4987965,adaptive_work,/api/feed,POST,300,1,0,1,110.8,0.0,327.0,sync,485.411,
1789747216.4996016,adaptive_work,/api/feed,POST,300,4,2,3,1196.6,1410.1,1289.2,sync,485.07,
1789747216.5017402,adaptive_work,/api/feed,POST,300,7,3,6,2480.5,2931.2,2546.6,sync,485.773,
1789747216.5030427,adaptive_work,/api/feed,POST,300,11,3,9,3337.3,2926.7,3704.8,sync,485.575,
1789747216.5074005,adaptive_work,/api/feed,POST,300,5,2,4,1625.9,1409.5,1709.7,sync,492.561,
1789747216.5078497,adaptive_work,/api/feed,POST,300,6,3,6,2051.2,2931.8,2547.8,sync,492.086,
1789747216.5106535,adaptive_work,/api/feed,POST,300,10,3,10,1912.4,3037.3,2160.5,sync,232.176,
1789747216.5109632,adaptive_work,/api/feed,POST,300,11,2,10,1542.3,1796.3,2052.1,sync,238.554,
1789747216.536957,adaptive_work,/api/user/profile,POST,200,9,2,12,651.4,1486.0,1581.4,sync,48.734,
1789747216.5441291,adaptive_work,/api/user/profile,POST,200,8,2,12,714.7,1461.7,1488.1,sync,43.76,
1789747216.5660686,adaptive_work,/api/image/thumbnail,POST,400,12,1,10,1541.9,1151.5,2188.1,async,307.25,
1789747216.5780697,adaptive_work,/api/search,POST,250,6,2,5,2053.9,1408.6,2129.0,process,562.751,
1789747216.6795886,adaptive_work,/api/search,POST,250,8,3,8,2906.2,2929.3,3291.1,process,662.979,
1789747216.6997395,adaptive_work,/api/auth/verify,POST,150,8,2,12,436.6,1486.5,1583.5,sync,211.771,
1789747216.7011218,adaptive_work,/api/feed,POST,300,9,2,12,821.9,1459.9,1481.6,sync,199.83,
1789747216.7036846,adaptive_work,/api/user/profile,POST,200,6,3,13,1759.7,2104.8,1809.0,sync,190.341,
1789747216.7303226,adaptive_work,/api/image/thumbnail,POST,400,8,2,13,1232.8,1453.2,1878.9,sync,225.709,
1789747216.7310965,adaptive_work,/api/user/profile,POST,200,6,3,14,1949.2,2008.4,2037.4,sync,185.628,
1789747216.7734685,adaptive_work,/api/image/thumbnail,POST,400,8,2,13,2169.7,1441.8,1833.2,async,263.148,
1789747216.8005588,adaptive_work,/api/user/profile,POST,200,7,2,14,1478.7,1308.4,1596.6,async,97.78,
1789747216.8035393,adaptive_work,/api/feed,POST,300,4,1,2,1197.8,772.1,807.8,process,789.295,
1789747216.8312852,adaptive_work,/api/user/profile,POST,200,8,3,6,2909.8,2930.6,2545.4,process,815.126,
1789747216.9013438,adaptive_work,/api/auth/verify,POST,150,5,3,14,1095.3,1991.3,1387.2,sync,168.649,
1789747216.902719,adaptive_work,/api/user/profile,POST,200,6,3,14,1464.9,2072.7,1577.3,sync,197.17,
1789747216.9039352,adaptive_work,/api/feed,POST,300,7,2,13,1743.0,1442.8,1837.3,sync,394.128,
1789747216.9049969,adaptive_work,/api/auth/verify,POST,150,7,2,14,1904.7,1578.4,1836.5,sync,337.204,
1789747216.931495,adaptive_work,/api/report/generate,POST,350,10,2,9,1931.1,1787.9,1850.1,async,654.879,
1789747216.9323351,adaptive_work,/api/image/thumbnail,POST,400,6,2,14,938.8,1311.1,1606.0,sync,230.895,
1789747216.935234,adaptive_work,/api/search,POST,250,12,3,8,3389.7,2832.1,3129.6,process,886.214,
1789747216.9963658,adaptive_work,/api/search,POST,250,7,1,15,1323.5,726.1,1670.8,async,190.827,
1789747217.0589025,adaptive_work,/api/feed,POST,300,13,2,8,2502.7,2604.6,2113.6,process,886.061,
1789747217.123505,adaptive_work,/api/auth/verify,POST,150,5,2,15,1305.9,2050.8,1532.7,sync,218.111,
1789747217.1250029,adaptive_work,/api/auth/verify,POST,150,6,2,14,1139.5,2055.5,993.4,sync,221.934,
1789747217.1264625,adaptive_work,/api/feed,POST,300,6,2,15,1516.1,2049.0,1526.3,sync,220.166,
1789747217.1271667,adaptive_work,/api/feed,POST,300,7,2,14,1174.9,2195.8,1479.3,sync,294.269,
1789747217.1272993,adaptive_work,/api/feed,POST,300,6,3,14,1634.2,2029.5,2100.7,sync,588.858,
1789747217.1279147,adaptive_work,/api/feed,POST,300,6,1,16,912.3,729.4,1693.8,sync,325.604,
1789747217.1520321,adaptive_work,/api/image/thumbnail,POST,400,6,1,16,1436.6,1395.6,1666.2,sync,217.643,
1789747217.1634665,adaptive_work,/api/search,POST,250,12,2,9,2199.7,2543.8,2322.6,process,960.247,
1789747217.1686962,adaptive_work,/api/user/profile,POST,200,3,2,17,1127.6,2048.8,1733.1,sync,31.88,
1789747217.1921685,adaptive_work,/api/user/profile,POST,200,10,3,9,1916.4,3038.5,1836.9,process,914.081,
1789747217.1986096,adaptive_work,/api/user/profile,POST,200,3,2,18,1142.9,1982.2,2405.8,sync,28.518,
1789747217.2052243,adaptive_work,/api/image/thumbnail,POST,400,7,0,16,1563.9,0.0,1639.1,async,206.708,
1789747217.220026,adaptive_work,/api/user/profile,POST,200,10,3,10,1838.1,2906.6,1724.6,process,897.954,
1789747217.2224736,adaptive_work,/api/user/profile,POST,200,4,2,17,1160.0,1934.9,2216.4,sync,28.706,
1789747217.2288518,adaptive_work,/api/user/profile,POST,200,4,2,17,1159.0,1922.6,2170.2,sync,28.928,
1789747217.2341738,adaptive_work,/api/user/profile,POST,200,5,1,17,1238.9,1445.6,2125.5,sync,27.873,
1789747217.2476223,adaptive_work,/api/feed,POST,300,7,1,15,1191.5,610.0,1231.2,sync,187.087,
1789747217.269013,adaptive_work,/api/user/profile,POST,200,4,2,17,2324.3,2666.5,2393.6,sync,33.799,
1789747217.302361,adaptive_work,/api/search,POST,250,3,1,16,823.1,543.1,1273.6,async,174.898,
1789747217.3175483,adaptive_work,/api/feed,POST,300,2,2,16,702.6,2052.7,1229.1,sync,182.666,
1789747217.3184261,adaptive_work,/api/search,POST,250,9,3,11,1540.8,2827.3,1766.3,process,969.932,
1789747217.3274117,adaptive_work,/api/search,POST,250,6,1,16,1261.7,1430.7,2021.7,sync,106.266,
1789747217.3281462,adaptive_work,/api/feed,POST,300,3,2,18,809.9,1991.9,2444.5,sync,162.888,
1789747217.4080784,adaptive_work,/api/report/generate,POST,350,5,1,17,2433.0,1421.8,2434.9,async,178.027,
1789747217.4201622,adaptive_work,/api/search,POST,250,9,2,12,1380.4,1729.8,1991.8,process,1053.836,
1789747217.4364786,adaptive_work,/api/user/profile,POST,200,4,1,18,2374.0,1180.8,2249.9,async,132.203,
1789747217.4900699,adaptive_work,/api/auth/verify,POST,150,3,3,17,2064.7,3176.0,2122.3,sync,169.85,
1789747217.516135,adaptive_work,/api/search,POST,250,10,2,11,1865.9,1510.0,1256.0,process,1039.915,
1789747217.5252388,adaptive_work,/api/image/thumbnail,POST,400,3,2,18,1961.9,2595.7,2519.0,sync,254.608,
1789747217.5274453,adaptive_work,/api/user/profile,POST,200,2,2,19,1553.9,1801.6,1711.3,sync,35.523,
1789747217.5582209,adaptive_work,/api/report/generate,POST,350,3,2,17,2066.2,1922.5,2126.3,async,238.496,
1789747217.5587819,adaptive_work,/api/user/profile,POST,200,3,1,19,1759.3,1136.7,2216.3,async,120.694,
1789747217.600566,adaptive_work,/api/search,POST,250,2,3,17,693.9,3147.9,2047.2,sync,270.963,
1789747217.6134942,adaptive_work,/api/search,POST,250,8,2,12,1238.7,1455.2,1465.3,process,1109.874,
1789747217.6564543,adaptive_work,/api/search,POST,250,2,2,19,1270.8,1732.0,1871.9,sync,129.729,
1789747217.6849024,adaptive_work,/api/user/profile,POST,200,1,2,20,1315.2,2080.0,1622.3,sync,82.48,
1789747217.6925468,adaptive_work,/api/auth/verify,POST,150,2,0,20,2516.5,0.0,1996.7,async,131.728,
1789747217.7157443,adaptive_work,/api/user/profile,POST,200,2,2,19,762.0,1911.6,959.5,sync,29.125,
1789747217.7233403,adaptive_work,/api/user/profile,POST,200,3,1,19,851.9,1391.6,923.0,sync,29.43,
1789747217.745689,adaptive_work,/api/user/profile,POST,200,3,1,19,789.2,1368.3,817.9,sync,28.442,
1789747217.7629673,adaptive_work,/api/report/generate,POST,350,7,3,13,1869.4,2103.9,1806.7,process,1249.329,
1789747217.776704,adaptive_work,/api/user/profile,POST,200,2,1,20,640.2,1338.0,1191.2,sync,29.179,
1789747217.7797961,adaptive_work,/api/feed,POST,300,2,2,19,1401.0,2053.9,1504.9,sync,164.33,
1789747217.7834322,adaptive_work,/api/feed,POST,300,2,2,19,444.3,1968.6,1127.1,sync,125.322,
1789747217.7850306,adaptive_work,/api/search,POST,250,2,1,20,2515.9,638.1,1993.8,async,223.898,
1789747217.7933278,adaptive_work,/api/user/profile,POST,200,3,1,19,701.2,1321.1,1106.6,sync,28.892,
1789747217.8580287,adaptive_work,/api/search,POST,250,8,2,13,2022.5,1553.9,1726.5,process,1277.999,
1789747217.8824725,adaptive_work,/api/search,POST,250,2,1,20,515.1,637.1,1409.1,sync,95.923,
1789747217.9053419,adaptive_work,/api/feed,POST,300,2,1,20,402.8,1304.4,1441.4,sync,124.173,
1789747217.913428,adaptive_work,/api/auth/verify,POST,150,2,0,20,517.8,0.0,1417.0,async,128.198,
1789747217.9149504,adaptive_work,/api/user/profile,POST,200,1,2,20,327.9,1088.5,1220.2,sync,30.907,
1789747217.953814,adaptive_work,/api/search,POST,250,8,2,13,1292.0,1351.2,1324.9,process,1272.383,
1789747218.0087626,adaptive_work,/api/search,POST,250,1,2,20,88.9,1042.6,1105.5,sync,101.782,
1789747218.0403566,adaptive_work,/api/auth/verify,POST,150,2,1,20,1800.5,629.1,1361.4,async,245.861,
1789747218.0411687,adaptive_work,/api/user/profile,POST,200,0,3,20,0.0,1549.1,832.2,sync,30.63,
1789747218.0523503,adaptive_work,/api/search,POST,250,6,3,14,1309.4,1990.6,1385.6,process,1319.424,
1789747218.145307,adaptive_work,/api/search,POST,250,0,2,20,0.0,1062.3,702.7,sync,102.54,
1789747218.150987,adaptive_work,/api/search,POST,250,6,2,15,1054.8,1456.3,1472.9,process,1375.618,
1789747218.1763673,adaptive_work,/api/user/profile,POST,200,0,3,20,0.0,1532.5,688.9,sync,29.148,
1789747218.255336,adaptive_work,/api/search,POST,250,1,3,19,106.2,1515.7,660.9,sync,102.516,
1789747218.303572,adaptive_work,/api/auth/verify,POST,150,1,1,20,1382.6,517.6,1063.8,async,388.25,
1789747218.3039086,adaptive_work,/api/auth/verify,POST,150,1,2,20,1342.3,1075.4,1151.6,async,348.269,
1789747218.3306484,adaptive_work,/api/user/profile,POST,200,1,2,20,1380.0,1040.4,1156.5,async,276.953,
1789747218.3369827,adaptive_work,/api/user/profile,POST,200,0,1,21,0.0,520.3,1067.6,sync,30.94,
1789747218.349886,adaptive_work,/api/image/thumbnail,POST,400,6,2,14,1311.3,2053.0,985.9,process,1445.576,
1789747218.377931,adaptive_work,/api/user/profile,POST,200,6,1,15,1438.5,1395.9,1340.9,process,1443.856,
1789747218.4298432,adaptive_work,/api/search,POST,250,1,1,21,85.3,1229.0,988.1,sync,97.307,
1789747218.4520528,adaptive_work,/api/report/generate,POST,350,1,1,21,111.3,519.8,1066.1,async,145.504,
1789747218.5012972,adaptive_work,/api/feed,POST,300,7,1,15,1960.7,1392.4,1643.7,process,1563.693,
1789747218.5293968,adaptive_work,/api/search,POST,250,0,2,21,0.0,2305.1,1450.2,sync,97.924,
1789747218.549518,adaptive_work,/api/report/generate,POST,350,1,1,21,1372.0,1210.1,1339.7,async,198.05,
1789747218.576131,adaptive_work,/api/user/profile,POST,200,1,1,21,1368.8,1152.9,1339.4,async,122.5,
1789747218.579421,adaptive_work,/api/user/profile,POST,200,1,1,21,1370.7,675.0,1224.6,async,28.19,
1789747218.5975518,adaptive_work,/api/search,POST,250,6,1,15,1179.3,545.1,864.4,process,1472.144,
1789747218.6087797,adaptive_work,/api/user/profile,POST,200,1,0,22,1341.0,0.0,1494.6,async,27.851,
1789747218.6265743,adaptive_work,/api/search,POST,250,0,2,21,0.0,1770.7,1345.8,sync,95.564,
1789747218.627558,adaptive_work,/api/user/profile,POST,200,1,1,21,1322.5,754.1,1383.4,async,28.092,
1789747218.706948,adaptive_work,/api/search,POST,250,1,1,21,1311.6,761.8,1318.4,async,96.656,
1789747218.7256963,adaptive_work,/api/search,POST,250,0,1,21,0.0,1506.6,1211.7,sync,97.614,
1789747218.737885,adaptive_work,/api/user/profile,POST,200,1,0,22,1310.3,0.0,1023.9,async,29.168,
1789747218.7410216,adaptive_work,/api/report/generate,POST,350,3,2,16,1132.4,2052.0,1227.0,process,1605.802,
1789747218.756475,adaptive_work,/api/user/profile,POST,200,0,1,22,0.0,754.1,912.5,sync,29.188,
1789747218.7679634,adaptive_work,/api/user/profile,POST,200,1,0,22,99.8,0.0,840.3,async,28.647,
1789747218.78644,adaptive_work,/api/user/profile,POST,200,1,1,21,415.1,753.9,728.2,sync,28.443,
1789747218.8338363,adaptive_work,/api/search,POST,250,4,2,17,1235.9,2047.0,1726.9,process,1696.14,
1789747218.8680084,adaptive_work,/api/feed,POST,300,1,1,21,96.8,769.7,822.5,sync,125.726,
1789747218.899494,adaptive_work,/api/feed,POST,300,2,0,21,504.1,0.0,669.3,sync,130.077,
1789747218.9021966,adaptive_work,/api/user/profile,POST,200,1,1,21,330.5,1173.0,719.3,sync,32.463,
1789747218.9367719,adaptive_work,/api/report/generate,POST,350,2,0,21,797.9,0.0,591.2,async,149.076,
1789747218.9856,adaptive_work,/api/report/generate,POST,350,3,2,18,844.5,2014.9,2020.2,process,1831.861,
1789747219.0031798,adaptive_work,/api/search,POST,250,1,1,21,79.7,1140.9,590.9,sync,101.348,
1789747219.0337543,adaptive_work,/api/search,POST,250,1,0,22,1354.5,0.0,906.8,async,95.466,
1789747219.0347466,adaptive_work,/api/user/profile,POST,200,0,1,22,0.0,1457.8,1159.6,sync,29.819,
1789747219.1100593,adaptive_work,/api/feed,POST,300,6,1,16,2554.9,1428.5,2006.2,process,1886.706,
1789747219.2067218,adaptive_work,/api/search,POST,250,4,2,17,2125.6,2639.3,2284.9,process,1957.918,
1789747219.234763,adaptive_work,/api/user/profile,POST,200,3,3,17,2082.9,3146.0,2042.1,process,1904.52,
1789747219.2371733,adaptive_work,/api/image/thumbnail,POST,400,0,0,22,0.0,0.0,1068.2,sync,201.783,
1789747219.2454672,adaptive_work,/api/auth/verify,POST,150,1,0,21,470.0,0.0,838.3,async,133.466,
1789747219.2677908,adaptive_work,/api/user/profile,POST,200,1,2,19,400.8,1148.1,458.8,sync,29.3,
1789747219.3278756,adaptive_work,/api/search,POST,250,3,2,18,1843.6,1831.7,1651.9,process,1917.877,
1789747219.3339984,adaptive_work,/api/feed,POST,300,1,1,20,373.5,541.9,548.9,sync,125.519,
1789747219.368106,adaptive_work,/api/auth/verify,POST,150,2,1,19,748.7,514.1,465.4,async,131.806,
1789747219.423178,adaptive_work,/api/search,POST,250,3,2,18,1806.8,1807.1,1952.9,process,2000.893,
1789747219.4257216,adaptive_work,/api/search,POST,250,1,1,19,309.6,545.0,441.4,sync,95.995,
1789747219.5466235,adaptive_work,/api/feed,POST,300,3,2,18,1586.8,1749.0,1474.4,process,2028.371,
1789747219.6203184,adaptive_work,/api/image/thumbnail,POST,400,1,0,20,1295.3,0.0,858.1,async,194.971,
1789747219.6741178,adaptive_work,/api/feed,POST,300,2,2,19,2580.7,1728.0,1852.0,process,2145.406,
1789747219.7269788,adaptive_work,/api/search,POST,250,0,1,20,0.0,1060.4,715.8,sync,104.973,
1789747219.7677746,adaptive_work,/api/report/generate,POST,350,0,1,20,0.0,670.0,850.1,async,340.421,
1789747219.8292882,adaptive_work,/api/report/generate,POST,350,3,1,19,790.2,1360.9,788.2,process,2104.598,
1789747219.8598442,adaptive_work,/api/user/profile,POST,200,2,0,19,598.6,0.0,436.4,async,28.841,
1789747219.8900077,adaptive_work,/api/user/profile,POST,200,2,0,19,537.7,0.0,354.4,async,28.541,
1789747219.9264505,adaptive_work,/api/search,POST,250,3,1,19,677.3,1307.5,1038.5,process,2148.379,
1789747219.9462907,adaptive_work,/api/auth/verify,POST,150,0,1,20,0.0,953.7,743.3,sync,217.589,
1789747219.9545429,adaptive_work,/api/user/profile,POST,200,2,2,19,1669.9,1137.0,1014.0,process,2094.757,
1789747219.9714043,adaptive_work,/api/image/thumbnail,POST,400,1,0,20,174.7,0.0,620.4,sync,201.747,
1789747219.977686,adaptive_work,/api/user/profile,POST,200,1,1,19,368.3,1468.3,678.9,sync,29.724,
1789747219.9829342,adaptive_work,/api/user/profile,POST,200,1,2,20,1380.4,1151.7,1053.0,process,2065.448,
1789747219.9880843,adaptive_work,/api/user/profile,POST,200,2,1,18,461.8,1459.1,651.5,sync,30.975,
1789747219.9891262,adaptive_work,/api/search,POST,250,2,0,19,476.9,0.0,293.7,async,97.286,
1789747220.0090022,adaptive_work,/api/user/profile,POST,200,2,1,18,299.7,1437.3,586.0,sync,30.08,
1789747220.0146768,adaptive_work,/api/user/profile,POST,200,3,1,17,394.1,1431.5,568.6,sync,29.948,
1789747220.0196378,adaptive_work,/api/user/profile,POST,200,4,0,17,830.6,0.0,548.4,async,28.191,
1789747220.1058543,adaptive_work,/api/auth/verify,POST,150,2,1,18,182.8,1443.3,603.9,sync,132.887,
1789747220.1133862,adaptive_work,/api/auth/verify,POST,150,1,2,20,1390.5,1061.3,700.9,process,2070.165,
1789747220.1141307,adaptive_work,/api/feed,POST,300,3,0,17,406.6,0.0,553.5,sync,124.374,
1789747220.1395814,adaptive_work,/api/auth/verify,POST,150,3,1,17,674.5,753.7,491.6,sync,129.18,
1789747220.1665556,adaptive_work,/api/user/profile,POST,200,2,1,17,540.8,1516.2,784.4,sync,50.927,
1789747220.2051516,adaptive_work,/api/search,POST,250,2,0,18,431.7,0.0,800.8,async,97.7,
1789747220.2375605,adaptive_work,/api/feed,POST,300,1,3,19,1365.8,1440.3,535.2,process,2059.608,
1789747220.3155615,adaptive_work,/api/feed,POST,300,1,1,17,110.8,1516.7,785.3,sync,200.37,
1789747220.3398743,adaptive_work,/api/image/thumbnail,POST,400,2,1,17,491.3,1490.8,733.5,sync,198.796,
1789747220.370479,adaptive_work,/api/auth/verify,POST,150,3,0,17,1153.7,0.0,948.4,async,131.273,
1789747220.3879924,adaptive_work,/api/report/generate,POST,350,0,3,20,0.0,1202.8,697.2,process,2130.89,
1789747220.4947927,adaptive_work,/api/search,POST,250,1,1,21,1385.1,1223.2,970.6,process,2156.429,
1789747220.5003712,adaptive_work,/api/auth/verify,POST,150,2,1,17,690.7,560.3,714.1,async,183.069,
1789747220.5283318,adaptive_work,/api/user/profile,POST,200,2,1,17,776.7,565.9,965.5,async,138.512,
1789747220.53076,adaptive_work,/api/user/profile,POST,200,3,1,16,1093.3,660.3,573.0,async,28.669,
1789747220.5521371,adaptive_work,/api/feed,POST,300,2,0,18,820.0,0.0,1045.5,sync,345.303,
1789747220.5867426,adaptive_work,/api/image/thumbnail,POST,400,1,1,18,265.6,583.7,1036.6,sync,214.696,
1789747220.6187446,adaptive_work,/api/feed,POST,300,1,2,20,1343.8,2408.8,1227.1,process,2239.125,
1789747220.628667,adaptive_work,/api/search,POST,250,3,0,17,1003.2,0.0,963.2,async,96.557,
1789747220.716421,adaptive_work,/api/search,POST,250,1,2,20,1319.6,1827.1,1093.5,process,2213.618,
1789747220.7280862,adaptive_work,/api/search,POST,250,2,0,17,1761.7,0.0,1102.8,async,97.7,
1789747220.749096,adaptive_work,/api/image/thumbnail,POST,400,2,2,16,563.1,1124.9,589.4,sync,252.466,
1789747220.7788815,adaptive_work,/api/user/profile,POST,200,1,1,17,1228.7,1153.5,1172.6,async,28.335,
1789747220.8107603,adaptive_work,/api/search,POST,250,1,1,21,1344.0,745.9,1091.1,process,2232.843,
1789747220.8172402,adaptive_work,/api/search,POST,250,1,1,17,454.9,1468.2,756.4,sync,228.921,
1789747220.8392732,adaptive_work,/api/user/profile,POST,200,1,1,21,1390.2,1505.9,1207.2,process,2210.458,
1789747220.8466744,adaptive_work,/api/user/profile,POST,200,1,1,16,1384.8,1085.2,899.7,async,27.902,
1789747220.8537755,adaptive_work,/api/feed,POST,300,2,0,17,1563.1,0.0,1256.0,async,124.085,
1789747220.8752317,adaptive_work,/api/user/profile,POST,200,1,1,16,1355.6,1056.0,1283.3,async,27.253,
1789747220.91241,adaptive_work,/api/search,POST,250,1,1,16,1166.6,1091.4,924.3,sync,99.785,
1789747220.9620593,adaptive_work,/api/feed,POST,300,2,1,20,701.7,1206.9,398.8,process,2126.252,
1789747221.0053222,adaptive_work,/api/auth/verify,POST,150,1,1,16,1326.5,751.3,1156.5,async,128.322,
1789747221.007381,adaptive_work,/api/user/profile,POST,200,1,1,16,1347.9,765.0,1245.0,async,151.741,
1789747221.0861485,adaptive_work,/api/feed,POST,300,1,1,21,1389.1,1139.0,583.4,process,2182.46,
1789747221.089073,adaptive_work,/api/auth/verify,POST,150,0,3,15,0.0,2421.8,809.7,sync,125.381,
1789747221.1343575,adaptive_work,/api/feed,POST,300,1,1,15,170.6,1160.5,629.6,sync,125.64,
1789747221.1534693,adaptive_work,/api/report/generate,POST,350,0,2,16,0.0,1315.4,1007.8,async,239.308,
1789747221.2107108,adaptive_work,/api/feed,POST,300,1,1,21,1304.9,1474.8,739.9,process,2222.824,
1789747221.2168562,adaptive_work,/api/feed,POST,300,2,1,14,561.9,1078.6,380.3,sync,126.269,
1789747221.2211244,adaptive_work,/api/auth/verify,POST,150,2,1,14,443.0,1081.3,388.4,sync,133.214,
1789747221.2383854,adaptive_work,/api/user/profile,POST,200,2,1,19,496.0,627.9,433.9,process,1991.579,
1789747221.2667303,adaptive_work,/api/user/profile,POST,200,1,1,19,1385.3,539.3,424.4,process,1931.343,
1789747221.2864854,adaptive_work,/api/feed,POST,300,2,0,14,514.7,0.0,239.0,sync,131.375,
1789747221.338331,adaptive_work,/api/search,POST,250,2,1,13,756.0,1228.3,419.1,sync,98.734,
1789747221.343506,adaptive_work,/api/feed,POST,300,2,1,13,452.6,1249.5,130.0,sync,125.074,
1789747221.3644307,adaptive_work,/api/report/generate,POST,350,3,0,13,772.1,0.0,135.5,async,151.5,
1789747221.3900385,adaptive_work,/api/user/profile,POST,200,2,1,13,1699.2,1177.7,778.6,async,99.773,
1789747221.390667,adaptive_work,/api/feed,POST,300,1,0,20,1350.9,0.0,614.5,process,2020.947,
1789747221.433628,adaptive_work,/api/search,POST,250,1,2,13,309.3,1850.9,629.5,sync,93.66,
1789747221.4914377,adaptive_work,/api/feed,POST,300,1,1,14,1364.6,696.6,1101.4,sync,125.162,
1789747221.5235686,adaptive_work,/api/user/profile,POST,200,1,2,13,372.8,2848.2,720.3,sync,30.266,
1789747221.5372055,adaptive_work,/api/report/generate,POST,350,0,2,19,0.0,1680.4,440.2,process,1987.516,
1789747221.5459776,adaptive_work,/api/search,POST,250,2,0,13,1742.3,0.0,1021.8,async,153.165,
1789747221.5462854,adaptive_work,/api/search,POST,250,2,1,13,1741.7,1524.1,1020.7,async,153.137,
1789747221.5557861,adaptive_work,/api/user/profile,POST,200,1,2,13,340.3,2783.3,623.0,sync,30.035,
1789747221.5604806,adaptive_work,/api/feed,POST,300,1,2,13,361.8,2964.3,894.4,sync,125.213,
1789747221.565753,adaptive_work,/api/user/profile,POST,200,1,1,19,1330.0,999.4,553.1,process,1882.808,
1789747221.577452,adaptive_work,/api/user/profile,POST,200,3,0,12,613.1,0.0,554.8,async,28.988,
1789747221.587602,adaptive_work,/api/user/profile,POST,200,3,1,12,713.5,763.8,535.8,sync,30.312,
1789747221.5954733,adaptive_work,/api/user/profile,POST,200,4,1,11,913.3,754.0,516.2,async,28.39,
1789747221.6180933,adaptive_work,/api/user/profile,POST,200,3,2,11,745.7,2265.2,472.5,sync,29.171,
1789747221.6794453,adaptive_work,/api/search,POST,250,4,1,11,866.1,760.8,492.6,async,100.554,
1789747221.701806,adaptive_work,/api/auth/verify,POST,150,2,2,12,425.2,2756.3,582.5,sync,162.569,
1789747221.7022429,adaptive_work,/api/auth/verify,POST,150,3,1,12,612.1,772.3,553.8,sync,153.431,
1789747221.7024896,adaptive_work,/api/feed,POST,300,3,1,12,501.2,758.7,525.6,sync,140.065,
1789747221.7029586,adaptive_work,/api/search,POST,250,4,1,11,825.4,1506.3,456.4,sync,105.995,
1789747221.719058,adaptive_work,/api/report/generate,POST,350,2,1,18,404.2,1488.1,221.0,process,1790.852,
1789747221.7391195,adaptive_work,/api/user/profile,POST,200,1,2,12,430.0,1867.3,569.6,sync,31.82,
1789747221.7401385,adaptive_work,/api/user/profile,POST,200,2,2,12,541.3,1866.8,568.9,sync,32.589,
1789747221.778426,adaptive_work,/api/user/profile,POST,200,3,2,11,613.2,1840.1,528.9,sync,57.54,
1789747221.801952,adaptive_work,/api/user/profile,POST,200,3,2,11,1031.4,1797.2,464.5,sync,59.589,
1789747221.8154716,adaptive_work,/api/auth/verify,POST,150,4,0,12,1774.6,0.0,647.2,async,134.012,
1789747221.9223568,adaptive_work,/api/image/thumbnail,POST,400,3,1,17,787.3,748.1,480.4,process,1906.406,
1789747221.9267344,adaptive_work,/api/feed,POST,300,0,1,12,0.0,613.4,572.0,sync,220.234,
1789747221.9526248,adaptive_work,/api/image/thumbnail,POST,400,2,2,11,486.5,1798.4,466.2,sync,210.846,
1789747221.9546402,adaptive_work,/api/user/profile,POST,200,3,2,11,939.6,1721.7,380.3,sync,174.56,
1789747221.9562988,adaptive_work,/api/user/profile,POST,200,3,2,11,906.6,1674.6,333.1,sync,152.637,
1789747221.9653487,adaptive_work,/api/report/generate,POST,350,1,1,12,430.3,612.9,570.5,async,258.332,
1789747222.0211337,adaptive_work,/api/search,POST,250,4,1,10,787.1,1033.8,112.9,sync,92.893,
1789747222.045353,adaptive_work,/api/feed,POST,300,2,1,17,897.8,1463.9,679.8,process,1877.386,
1789747222.0504458,adaptive_work,/api/feed,POST,300,4,1,10,576.9,1037.6,116.8,sync,126.051,
1789747222.0767112,adaptive_work,/api/user/profile,POST,200,1,2,12,308.1,2339.2,1060.2,sync,29.631,
1789747222.1095133,adaptive_work,/api/report/generate,POST,350,2,1,11,1761.5,1005.6,504.0,async,153.095,
1789747222.1762886,adaptive_work,/api/feed,POST,300,1,2,12,107.0,2329.7,1045.9,sync,124.436,
1789747222.1965067,adaptive_work,/api/report/generate,POST,350,1,2,17,296.1,1150.3,641.3,process,1854.961,
1789747222.2120683,adaptive_work,/api/report/generate,POST,350,2,1,12,1740.5,1244.5,801.6,async,245.155,
1789747222.2284641,adaptive_work,/api/report/generate,POST,350,1,2,12,404.1,2276.2,965.8,sync,149.91,
1789747222.2378929,adaptive_work,/api/user/profile,POST,200,2,1,12,1810.2,1110.6,867.5,async,126.579,
1789747222.2412024,adaptive_work,/api/user/profile,POST,200,1,1,12,1336.4,670.2,1062.0,async,27.476,
1789747222.3197563,adaptive_work,/api/feed,POST,300,3,1,16,1009.5,744.7,489.2,process,1789.719,
1789747222.357805,adaptive_work,/api/auth/verify,POST,150,0,2,12,0.0,1409.8,995.9,sync,127.56,
1789747222.3895662,adaptive_work,/api/report/generate,POST,350,1,0,12,203.4,0.0,946.9,async,147.067,
1789747222.4211051,adaptive_work,/api/user/profile,POST,200,2,0,11,760.9,0.0,473.5,async,30.028,
1789747222.444857,adaptive_work,/api/feed,POST,300,2,1,16,1781.2,1435.9,659.6,process,1824.234,
1789747222.4479465,adaptive_work,/api/feed,POST,300,1,1,11,123.9,1175.6,665.6,sync,126.028,
1789747222.4814036,adaptive_work,/api/user/profile,POST,200,2,0,10,747.3,0.0,358.1,async,32.607,
1789747222.4866197,adaptive_work,/api/feed,POST,300,1,1,11,393.2,1138.0,552.9,sync,127.123,
1789747222.554203,adaptive_work,/api/feed,POST,300,2,0,11,695.6,0.0,408.3,sync,130.473,
1789747222.5721662,adaptive_work,/api/feed,POST,300,2,1,16,1585.6,1436.4,818.7,process,1853.72,
1789747222.5795012,adaptive_work,/api/feed,POST,300,2,1,10,744.6,771.3,355.5,sync,129.379,
1789747222.6096473,adaptive_work,/api/user/profile,POST,200,2,1,9,645.5,1082.0,137.8,sync,31.995,
1789747222.6104112,adaptive_work,/api/feed,POST,300,3,0,10,1069.7,0.0,285.0,async,125.045,
1789747222.6135993,adaptive_work,/api/feed,POST,300,2,1,10,757.3,1170.6,277.6,sync,124.533,
1789747222.6961353,adaptive_work,/api/auth/verify,POST,150,1,2,15,1363.0,1814.4,812.8,process,1855.634,
1789747222.7071311,adaptive_work,/api/feed,POST,300,2,1,9,446.0,1078.0,133.7,sync,125.432,
1789747222.7086835,adaptive_work,/api/search,POST,250,2,0,9,710.0,0.0,104.3,async,97.498,
1789747222.7234774,adaptive_work,/api/user/profile,POST,200,2,1,13,790.5,1245.6,126.1,process,1501.149,
1789747222.7385447,adaptive_work,/api/feed,POST,300,2,1,9,708.0,1523.4,103.2,sync,126.336,
1789747222.7394433,adaptive_work,/api/user/profile,POST,200,2,1,9,536.0,1253.7,331.6,sync,29.148,
1789747222.8408978,adaptive_work,/api/auth/verify,POST,150,2,1,9,659.7,1437.7,356.4,sync,142.975,
1789747222.8415065,adaptive_work,/api/search,POST,250,2,1,8,374.0,1223.9,296.8,sync,101.48,
1789747222.8459105,adaptive_work,/api/feed,POST,300,3,1,12,2059.3,1199.2,360.7,process,1577.124,
1789747222.855756,adaptive_work,/api/auth/verify,POST,150,3,1,8,604.0,1239.1,311.9,sync,130.859,
1789747222.8609176,adaptive_work,/api/report/generate,POST,350,2,0,9,538.7,0.0,334.3,async,151.968,
1789747222.94755,adaptive_work,/api/search,POST,250,2,2,8,519.9,2368.0,504.1,sync,99.938,
1789747222.968984,adaptive_work,/api/feed,POST,300,1,1,9,96.7,1120.2,511.7,sync,125.196,
1789747222.9873884,adaptive_work,/api/feed,POST,300,2,1,9,1787.2,1236.3,795.1,sync,124.424,
1789747223.000798,adaptive_work,/api/user/profile,POST,200,1,2,9,323.1,2362.6,472.0,sync,30.141,
1789747223.0160615,adaptive_work,/api/report/generate,POST,350,2,1,9,526.6,1119.7,510.8,async,171.812,
1789747223.0455086,adaptive_work,/api/image/thumbnail,POST,400,1,2,13,1385.9,1840.9,614.5,process,1700.565,
1789747223.0767784,adaptive_work,/api/user/profile,POST,200,3,1,8,944.7,1157.1,252.1,sync,29.268,
1789747223.1147687,adaptive_work,/api/feed,POST,300,1,2,9,93.1,2325.2,415.8,sync,125.398,
1789747223.1297488,adaptive_work,/api/auth/verify,POST,150,1,2,9,417.5,2298.6,376.0,sync,127.092,
1789747223.1425438,adaptive_work,/api/feed,POST,300,2,1,9,602.6,1186.7,330.2,sync,124.63,
1789747223.143383,adaptive_work,/api/search,POST,250,4,1,11,2021.8,1483.7,411.1,process,1523.735,
1789747223.1645553,adaptive_work,/api/report/generate,POST,350,2,1,9,669.1,1149.6,535.1,async,214.93,
1789747223.1955853,adaptive_work,/api/user/profile,POST,200,3,1,8,1186.5,1503.3,438.7,sync,29.413,
1789747223.2366,adaptive_work,/api/search,POST,250,4,1,10,1766.0,1007.9,87.0,process,1282.437,
1789747223.2421875,adaptive_work,/api/feed,POST,300,2,1,9,433.7,1088.0,583.5,sync,125.535,
1789747223.2562642,adaptive_work,/api/search,POST,250,3,1,8,1249.7,1059.5,498.2,async,111.157,
1789747223.2571385,adaptive_work,/api/feed,POST,300,2,1,9,733.2,1073.2,539.1,sync,125.661,
1789747223.2640104,adaptive_work,/api/user/profile,POST,200,2,2,11,1758.4,2257.5,500.9,process,1306.025,
1789747223.2847068,adaptive_work,/api/feed,POST,300,2,1,8,820.9,1060.2,500.1,sync,140.255,
1789747223.2861264,adaptive_work,/api/user/profile,POST,200,2,0,8,512.1,0.0,774.2,async,27.536,
1789747223.3139977,adaptive_work,/api/user/profile,POST,200,2,0,7,693.2,0.0,718.4,async,27.519,
1789747223.3443537,adaptive_work,/api/user/profile,POST,200,3,0,7,1038.0,0.0,660.2,async,28.767,
1789747223.4186866,adaptive_work,/api/report/generate,POST,350,1,2,12,332.2,2387.3,633.2,process,1395.65,
1789747223.4360871,adaptive_work,/api/auth/verify,POST,150,3,1,8,969.8,1431.1,814.6,sync,197.669,
1789747223.474862,adaptive_work,/api/image/thumbnail,POST,400,2,1,7,498.2,765.7,760.3,sync,209.31,
1789747223.5542974,adaptive_work,/api/image/thumbnail,POST,400,3,0,7,943.4,0.0,597.1,async,207.157,
1789747223.5691414,adaptive_work,/api/feed,POST,300,2,1,7,690.7,771.3,715.9,sync,281.371,
1789747223.5709856,adaptive_work,/api/report/generate,POST,350,1,2,11,1351.9,1709.4,606.8,process,1372.76,
1789747223.5817814,adaptive_work,/api/user/profile,POST,200,3,1,6,722.6,598.4,449.9,async,161.045,
1789747223.6022942,adaptive_work,/api/user/profile,POST,200,2,1,5,1509.1,620.5,145.7,async,29.458,
1789747223.605643,adaptive_work,/api/auth/verify,POST,150,1,2,6,241.6,1258.6,337.5,sync,128.698,
1789747223.6660488,adaptive_work,/api/search,POST,250,2,1,9,825.0,1520.3,100.2,process,1050.766,
1789747223.6697416,adaptive_work,/api/search,POST,250,1,1,5,121.3,622.0,148.8,sync,98.44,
1789747223.678177,adaptive_work,/api/search,POST,250,2,1,5,1486.8,761.5,123.4,async,94.177,
1789747223.6980958,adaptive_work,/api/user/profile,POST,200,1,1,5,1294.1,1440.3,394.6,sync,30.003,
1789747223.760036,adaptive_work,/api/search,POST,250,3,1,8,1762.1,1223.0,295.8,process,1019.069,
1789747223.7747264,adaptive_work,/api/search,POST,250,1,0,5,100.0,0.0,371.1,async,94.855,
1789747223.7885652,adaptive_work,/api/user/profile,POST,200,2,2,8,1798.8,2348.9,485.0,process,931.409,
1789747223.798655,adaptive_work,/api/search,POST,250,0,1,5,0.0,1504.4,331.1,sync,98.806,
1789747223.921546,adaptive_work,/api/auth/verify,POST,150,3,1,8,851.9,1126.2,190.3,process,843.114,
1789747223.9226654,adaptive_work,/api/feed,POST,300,1,1,4,1328.6,1442.1,263.5,sync,160.456,
1789747223.9775884,adaptive_work,/api/image/thumbnail,POST,400,2,0,4,1730.7,0.0,249.2,async,201.021,
1789747224.0049295,adaptive_work,/api/user/profile,POST,200,2,1,3,1702.8,658.1,235.2,async,214.413,
1789747224.0253255,adaptive_work,/api/search,POST,250,1,2,2,215.0,1161.9,100.8,sync,100.429,
1789747224.0547593,adaptive_work,/api/auth/verify,POST,150,3,1,8,1093.6,1472.4,389.2,process,857.613,
1789747224.0581307,adaptive_work,/api/auth/verify,POST,150,0,2,2,0.0,1163.2,101.5,sync,133.856,
1789747224.0586839,adaptive_work,/api/user/profile,POST,200,1,1,3,112.6,1207.4,401.5,sync,31.412,
1789747224.1331985,adaptive_work,/api/report/generate,POST,350,2,1,2,1496.4,583.5,46.1,async,153.563,
1789747224.154862,adaptive_work,/api/search,POST,250,2,1,5,1446.3,1504.2,100.8,process,550.622,
1789747224.1569054,adaptive_work,/api/search,POST,250,2,1,2,165.3,1177.8,372.0,sync,100.09,
1789747224.160361,adaptive_work,/api/user/profile,POST,200,1,1,2,1387.0,1173.9,368.1,async,99.629,
1789747224.2063835,adaptive_work,/api/feed,POST,300,1,2,2,1386.6,1945.7,367.7,sync,145.265,
1789747224.2520168,adaptive_work,/api/search,POST,250,2,1,2,1441.1,1227.4,18.5,process,244.727,
1789747224.2860382,adaptive_work,/api/feed,POST,300,2,0,2,873.3,0.0,722.4,async,124.107,
1789747224.3166072,adaptive_work,/api/user/profile,POST,200,2,0,1,1728.5,0.0,329.6,async,28.728,
1789747224.3560433,adaptive_work,/api/image/thumbnail,POST,400,1,1,2,333.3,674.8,729.1,sync,197.459,
1789747224.3744893,adaptive_work,/api/feed,POST,300,2,1,2,1669.3,698.2,293.6,process,239.305,
1789747224.4242942,adaptive_work,/api/search,POST,250,1,1,2,497.0,1128.1,629.9,sync,216.105,
1789747224.4523911,adaptive_work,/api/search,POST,250,1,0,1,1241.3,0.0,259.7,async,94.594,
1789747224.4557197,adaptive_work,/api/user/profile,POST,200,0,1,1,0.0,1455.8,457.5,sync,29.326,
1789747224.5043435,adaptive_work,/api/auth/verify,POST,150,1,1,0,1223.1,1506.2,0.0,process,128.387,
1789747224.6510093,adaptive_work,/api/image/thumbnail,POST,400,1,0,1,83.9,0.0,429.6,sync,196.743,
1789747224.75623,adaptive_work,/api/feed,POST,300,1,0,1,543.3,0.0,426.3,sync,298.696,
1789747232.4524367,online_model,/api/user/profile,POST,200,1,0,1,215.4,0.0,417.6,process,46.311,
1789747232.4558213,online_model,/api/user/profile,POST,200,2,0,3,429.3,0.0,1225.3,sync,48.642,
1789747232.4572375,online_model,/api/user/profile,POST,200,5,3,6,2111.2,2445.1,2285.1,sync,46.095,
1789747232.4589984,online_model,/api/user/profile,POST,200,3,2,5,534.0,1810.7,1965.8,sync,49.39,
1789747232.4595547,online_model,/api/user/profile,POST,200,6,4,7,2217.5,3080.1,2606.7,sync,47.469,
1789747232.4815834,online_model,/api/user/profile,POST,200,6,4,6,2220.1,3081.8,2282.0,process,69.945,
1789747232.4889293,online_model,/api/user/profile,POST,200,7,6,9,2654.9,5236.0,3245.6,sync,30.721,
1789747232.4922178,online_model,/api/user/profile,POST,200,6,6,9,2614.1,5212.7,3210.7,sync,30.282,
1789747232.509977,online_model,/api/user/profile,POST,200,4,3,5,642.8,2447.3,1961.8,process,99.578,
1789747232.5296662,online_model,/api/search,POST,250,0,0,0,0.0,0.0,0.0,process,127.593,
1789747232.547579,online_model,/api/feed,POST,300,2,0,2,430.2,0.0,744.0,process,140.742,
1789747232.5490339,online_model,/api/feed,POST,300,8,5,7,2752.8,4249.6,2599.4,process,135.88,
1789747232.5591471,online_model,/api/user/profile,POST,200,3,2,4,535.0,1811.4,1639.9,process,149.87,
1789747232.578278,online_model,/api/user/profile,POST,200,9,6,8,2806.9,5253.1,2943.4,process,122.938,
1789747232.59067,online_model,/api/report/generate,POST,350,4,3,6,641.4,2446.2,2287.4,sync,179.92,
1789747232.5915663,online_model,/api/auth/verify,POST,150,1,0,2,215.0,0.0,744.6,sync,185.136,
1789747232.5928993,online_model,/api/user/profile,POST,200,6,6,7,2562.9,4787.4,2242.9,sync,59.956,
1789747232.5934691,online_model,/api/auth/verify,POST,150,0,0,1,0.0,0.0,418.2,sync,187.745,
1789747232.594151,online_model,/api/feed,POST,300,8,6,9,2744.6,5498.9,3590.7,sync,180.007,
1789747232.5946994,online_model,/api/feed,POST,300,7,5,7,2325.8,4252.1,2603.0,sync,182.05,
1789747232.6153162,online_model,/api/search,POST,250,3,1,3,537.7,1174.1,1221.7,process,206.857,
1789747232.6210887,online_model,/api/user/profile,POST,200,7,6,5,2542.2,4673.6,1428.6,sync,69.213,
1789747232.6291497,online_model,/api/user/profile,POST,200,3,6,3,526.9,4406.2,878.4,sync,32.848,
1789747232.6300278,online_model,/api/user/profile,POST,200,2,6,3,417.1,4410.6,880.6,sync,34.47,
1789747232.6391602,online_model,/api/feed,POST,300,5,6,8,2249.5,4905.2,2691.0,sync,125.869,
1789747232.6473575,online_model,/api/user/profile,POST,200,5,6,2,963.5,4275.8,601.0,process,29.518,
1789747232.6596065,online_model,/api/search,POST,250,7,6,8,2570.5,5079.3,2755.4,process,175.392,
1789747232.701461,online_model,/api/report/generate,POST,350,8,6,8,2747.7,5501.2,3076.9,process,287.713,
1789747232.723597,online_model,/api/feed,POST,300,4,6,3,630.0,4392.9,871.7,sync,125.042,
1789747232.8192275,online_model,/api/auth/verify,POST,150,4,2,5,644.4,1809.9,1963.8,async,409.21,
1789747232.8207362,online_model,/api/auth/verify,POST,150,3,1,4,536.3,1173.6,1641.5,async,411.873,
1789747232.8213484,online_model,/api/auth/verify,POST,150,6,3,6,2221.1,2444.0,2283.0,async,410.014,
1789747232.855898,online_model,/api/user/profile,POST,200,0,3,1,0.0,2363.9,507.5,sync,31.209,
1789747232.948231,online_model,/api/auth/verify,POST,150,0,3,0,0.0,2365.8,0.0,process,124.172,
1789747232.9513328,online_model,/api/feed,POST,300,1,3,1,111.5,2362.4,507.0,sync,126.205,
1789747232.9642015,online_model,/api/feed,POST,300,3,0,3,538.3,0.0,1222.3,async,556.174,
1789747232.9648356,online_model,/api/feed,POST,300,7,4,7,2326.9,3078.6,2604.1,async,552.544,
1789747232.965512,online_model,/api/report/generate,POST,350,8,5,8,2749.5,4247.5,3078.6,async,552.14,
1789747233.0672536,online_model,/api/search,POST,250,0,0,0,0.0,0.0,0.0,process,98.548,
1789747233.0951865,online_model,/api/feed,POST,300,0,0,1,0.0,0.0,421.2,sync,126.006,
1789747233.1700726,online_model,/api/user/profile,POST,200,0,0,0,0.0,0.0,0.0,sync,47.394,
1789747233.174689,online_model,/api/user/profile,POST,200,1,0,0,111.3,0.0,0.0,sync,51.295,
1789747233.175562,online_model,/api/user/profile,POST,200,6,4,6,3312.4,2949.5,2780.6,sync,46.199,
1789747233.1761916,online_model,/api/user/profile,POST,200,3,1,3,1607.6,772.4,1467.4,sync,49.764,
1789747233.2572136,online_model,/api/feed,POST,300,2,0,0,222.1,0.0,0.0,process,133.276,
1789747233.2607906,online_model,/api/feed,POST,300,4,2,4,1715.6,1543.8,1791.5,process,133.379,
1789747233.262695,online_model,/api/feed,POST,300,7,5,7,3416.9,3717.3,3291.2,process,132.278,
1789747233.2761784,online_model,/api/auth/verify,POST,150,2,0,1,221.1,0.0,482.0,process,151.741,
1789747233.3024783,online_model,/api/user/profile,POST,200,4,1,3,1718.0,772.0,1466.3,process,175.668,
1789747233.30317,online_model,/api/auth/verify,POST,150,6,3,6,3313.6,2311.9,2781.8,async,174.159,
1789747233.3038118,online_model,/api/user/profile,POST,200,7,4,6,3421.8,2948.0,2778.3,async,174.09,
1789747233.3043482,online_model,/api/user/profile,POST,200,5,2,5,1928.0,1542.3,2270.3,async,176.349,
1789747233.3049302,online_model,/api/user/profile,POST,200,3,0,3,1608.2,0.0,1468.0,async,178.854,
1789747233.3054242,online_model,/api/user/profile,POST,200,4,1,4,1716.6,771.7,1792.5,async,178.413,
1789747233.3206947,online_model,/api/auth/verify,POST,150,4,2,5,1714.1,1543.0,2272.1,sync,192.917,
1789747233.3245826,online_model,/api/search,POST,250,2,0,3,218.4,0.0,1469.3,sync,198.776,
1789747233.3870997,online_model,/api/feed,POST,300,8,6,8,4881.5,4967.4,3766.1,process,255.74,
1789747233.3916855,online_model,/api/search,POST,250,5,3,6,1925.4,2313.3,2784.6,sync,262.927,
1789747233.3926306,online_model,/api/search,POST,250,8,6,9,4664.4,4719.9,3877.3,sync,219.785,
1789747233.3933651,online_model,/api/auth/verify,POST,150,8,6,9,4878.5,4965.1,4245.1,sync,261.622,
1789747233.408913,online_model,/api/feed,POST,300,2,0,2,219.3,0.0,988.2,process,283.532,
1789747233.4223762,online_model,/api/report/generate,POST,350,5,3,5,1927.1,2314.4,2269.4,process,294.051,
1789747233.427294,online_model,/api/report/generate,POST,350,7,5,8,3414.3,3715.4,3770.6,sync,296.486,
1789747233.4481544,online_model,/api/report/generate,POST,350,7,5,6,3419.3,3719.0,2776.2,process,318.09,
1789747233.4572444,online_model,/api/user/profile,POST,200,6,7,9,5818.1,5933.9,3816.8,sync,277.721,
1789747233.4616604,online_model,/api/report/generate,POST,350,8,5,8,4883.1,3713.5,3767.6,async,330.634,
1789747233.462732,online_model,/api/user/profile,POST,200,8,7,8,5569.4,5240.3,2987.9,sync,183.978,
1789747233.4708076,online_model,/api/user/profile,POST,200,7,7,9,4076.0,7681.5,3351.1,sync,143.942,
1789747233.474732,online_model,/api/user/profile,POST,200,9,7,7,3478.2,6960.9,2228.2,sync,45.008,
1789747233.4754815,online_model,/api/user/profile,POST,200,9,7,7,4576.1,6993.2,2260.6,sync,50.361,
1789747233.5032175,online_model,/api/search,POST,250,8,7,8,5721.6,5373.4,2749.2,process,243.613,
1789747233.5171683,online_model,/api/user/profile,POST,200,8,6,9,3473.8,5739.1,3060.8,sync,43.193,
1789747233.5879626,online_model,/api/search,POST,250,6,7,9,2931.3,7185.5,2911.4,sync,190.408,
1789747233.5894036,online_model,/api/feed,POST,300,7,7,9,5924.5,5928.1,3809.3,sync,409.162,
1789747233.5951314,online_model,/api/search,POST,250,9,5,7,5399.0,5743.4,2575.9,process,282.737,
1789747233.5994635,online_model,/api/report/generate,POST,350,8,7,7,5686.2,5342.5,2436.2,process,335.576,
1789747233.6045444,online_model,/api/auth/verify,POST,150,8,7,8,4456.2,7089.2,2591.1,sync,193.173,
1789747233.6056838,online_model,/api/auth/verify,POST,150,7,7,9,4320.3,7182.4,2907.4,sync,207.726,
1789747233.606928,online_model,/api/report/generate,POST,350,6,6,9,5824.6,4686.0,3826.5,async,428.391,
1789747233.608185,online_model,/api/feed,POST,300,7,6,9,3421.5,5710.6,3018.1,sync,129.56,
1789747233.6173291,online_model,/api/user/profile,POST,200,8,6,9,3625.4,5458.4,2792.2,sync,96.406,
1789747233.6276755,online_model,/api/feed,POST,300,9,6,8,5391.3,6511.0,2990.1,process,314.331,
1789747233.6501114,online_model,/api/report/generate,POST,350,8,7,8,5668.1,5326.6,2935.5,process,383.863,
1789747233.6679804,online_model,/api/report/generate,POST,350,5,7,9,1462.2,7190.4,2917.7,sync,271.062,
1789747233.6697135,online_model,/api/user/profile,POST,200,8,6,9,1973.7,5015.9,2128.4,sync,75.15,
1789747233.670689,online_model,/api/user/profile,POST,200,7,6,9,1872.6,5024.3,2141.1,sync,77.476,
1789747233.700722,online_model,/api/auth/verify,POST,150,9,7,7,3369.6,6749.3,2241.7,sync,240.669,
1789747233.7032075,online_model,/api/auth/verify,POST,150,8,6,9,3846.7,5706.2,3011.5,sync,223.886,
1789747233.7142556,online_model,/api/search,POST,250,8,7,8,3787.5,7238.4,2557.6,process,324.081,
1789747233.7158504,online_model,/api/user/profile,POST,200,7,5,9,2038.3,4085.1,2305.6,sync,102.882,
1789747233.7256005,online_model,/api/user/profile,POST,200,6,6,9,1204.5,4986.2,2133.7,sync,53.738,
1789747233.7342422,online_model,/api/search,POST,250,10,7,6,3434.3,6814.0,1884.5,process,283.506,
1789747233.7433875,online_model,/api/user/profile,POST,200,9,6,8,3823.4,5546.7,2596.8,process,237.354,
1789747233.746692,online_model,/api/user/profile,POST,200,7,6,9,1711.5,4788.4,1837.1,sync,41.669,
1789747233.7491558,online_model,/api/user/profile,POST,200,8,6,8,2133.0,4711.0,1626.8,sync,31.269,
1789747233.754714,online_model,/api/search,POST,250,9,6,7,3532.2,5782.9,2195.0,process,287.888,
1789747233.75936,online_model,/api/user/profile,POST,200,8,6,9,2095.0,4648.0,2041.8,sync,31.043,
1789747233.7617483,online_model,/api/user/profile,POST,200,9,6,8,2045.1,4988.7,1952.4,process,162.658,
1789747233.7723007,online_model,/api/user/profile,POST,200,9,6,8,2014.0,4967.9,2070.3,process,169.763,
1789747233.7827768,online_model,/api/user/profile,POST,200,7,6,9,1861.0,4514.7,2583.8,sync,32.284,
1789747233.7834136,online_model,/api/user/profile,POST,200,9,6,8,2842.8,5235.0,1980.6,process,152.795,
1789747233.7922935,online_model,/api/user/profile,POST,200,9,6,8,2631.7,5094.3,1967.7,process,138.092,
1789747233.8047876,online_model,/api/auth/verify,POST,150,9,6,8,3523.4,5776.3,2608.1,process,336.864,
1789747233.8710341,online_model,/api/auth/verify,POST,150,8,6,9,1722.8,4965.6,2102.9,sync,195.733,
1789747233.873341,online_model,/api/search,POST,250,8,6,8,2219.0,4441.9,2661.2,sync,110.815,
1789747233.8740792,online_model,/api/feed,POST,300,7,6,9,1299.1,4971.2,2111.3,sync,199.562,
1789747233.8746395,online_model,/api/feed,POST,300,6,5,9,1618.3,4093.1,2319.9,sync,263.499,
1789747233.8751187,online_model,/api/feed,POST,300,8,6,9,2503.8,5296.5,2238.5,sync,254.76,
1789747233.875821,online_model,/api/feed,POST,300,8,6,9,2134.1,5328.9,2287.1,sync,261.037,
1789747233.8763878,online_model,/api/feed,POST,300,8,6,9,1812.9,4780.3,1824.8,sync,170.019,
1789747233.878217,online_model,/api/feed,POST,300,8,6,9,1957.7,4503.1,2566.4,sync,125.835,
1789747233.9066658,online_model,/api/feed,POST,300,9,6,8,2125.9,4593.9,1825.3,process,169.254,
1789747233.9132564,online_model,/api/report/generate,POST,350,8,6,9,5292.6,6452.5,3385.0,async,590.209,
1789747233.9139552,online_model,/api/search,POST,250,9,4,7,5405.5,4223.1,2581.6,async,602.776,
1789747233.9146569,online_model,/api/user/profile,POST,200,9,3,7,5410.7,3453.1,2586.2,async,604.114,
1789747233.9156811,online_model,/api/user/profile,POST,200,9,5,8,5393.0,5739.7,2991.8,async,602.94,
1789747233.91624,online_model,/api/report/generate,POST,350,9,2,7,5414.4,2199.5,2589.4,async,606.174,
1789747233.9169908,online_model,/api/feed,POST,300,9,6,8,2049.8,4543.2,2143.9,process,171.261,
1789747233.9212797,online_model,/api/auth/verify,POST,150,9,6,8,2233.5,4703.2,1616.4,process,202.189,
1789747233.923704,online_model,/api/user/profile,POST,200,2,6,9,647.3,3753.7,2957.8,sync,46.679,
1789747233.926813,online_model,/api/feed,POST,300,9,6,8,2348.4,4476.2,2394.3,process,169.86,
1789747233.9281018,online_model,/api/feed,POST,300,8,6,8,3313.4,4294.3,3044.7,sync,140.738,
1789747233.949482,online_model,/api/user/profile,POST,200,9,6,8,3736.1,4288.6,3037.1,process,161.259,
1789747233.9777431,online_model,/api/user/profile,POST,200,9,6,8,3554.6,4167.6,3250.8,process,169.363,
1789747234.0115125,online_model,/api/search,POST,250,9,6,8,3594.4,4431.4,2647.2,process,247.053,
1789747234.0306778,online_model,/api/search,POST,250,9,6,8,3673.1,4246.5,3115.1,process,235.387,
1789747234.0565262,online_model,/api/auth/verify,POST,150,9,6,8,3501.7,4369.6,2820.7,process,281.886,
1789747234.068388,online_model,/api/auth/verify,POST,150,9,2,8,4515.2,2203.2,2373.8,async,148.34,
1789747234.0852692,online_model,/api/search,POST,250,9,6,8,4613.6,3561.1,2358.3,process,175.779,
1789747234.1166968,online_model,/api/image/thumbnail,POST,400,3,6,9,1836.4,3732.6,2926.2,sync,236.168,
1789747234.1392248,online_model,/api/user/profile,POST,200,4,6,9,2380.9,3729.5,2921.5,sync,257.903,
1789747234.142939,online_model,/api/search,POST,250,9,6,8,4831.3,6284.0,2541.4,process,217.028,
1789747234.1487248,online_model,/api/user/profile,POST,200,7,6,9,3339.7,3714.2,2898.6,sync,264.911,
1789747234.1637564,online_model,/api/user/profile,POST,200,8,6,9,3174.5,5811.3,3208.0,sync,44.39,
1789747234.1808221,online_model,/api/feed,POST,300,9,6,8,4935.1,6258.7,2615.7,process,250.677,
1789747234.1826746,online_model,/api/report/generate,POST,350,9,5,7,4496.1,5130.3,2052.0,process,260.267,
1789747234.1932726,online_model,/api/search,POST,250,9,6,8,4737.2,6126.7,2736.5,process,240.987,
1789747234.2473583,online_model,/api/search,POST,250,9,6,8,4482.9,5957.2,2748.4,process,266.805,
1789747234.2911887,online_model,/api/feed,POST,300,5,6,9,2489.9,3725.7,2915.9,sync,409.265,
1789747234.2925527,online_model,/api/feed,POST,300,8,6,8,4409.9,6290.4,2549.9,sync,367.681,
1789747234.2933607,online_model,/api/feed,POST,300,8,6,8,4512.9,6264.6,2623.6,sync,364.202,
1789747234.3178513,online_model,/api/feed,POST,300,9,6,8,3904.1,5485.5,2955.5,process,258.555,
1789747234.3660715,online_model,/api/report/generate,POST,350,9,6,8,4083.8,5639.6,2892.7,process,332.606,
1789747234.371053,online_model,/api/feed,POST,300,6,6,9,2913.9,3718.7,2905.3,sync,488.005,
1789747234.3892694,online_model,/api/search,POST,250,9,3,8,4511.6,2840.4,2370.6,async,468.791,
1789747234.3901708,online_model,/api/report/generate,POST,350,9,1,8,4518.3,948.9,2376.6,async,470.459,
1789747234.3906908,online_model,/api/report/generate,POST,350,8,5,9,2141.6,4079.5,2295.5,async,777.136,
1789747234.391707,online_model,/api/search,POST,250,2,6,9,446.9,3735.4,2930.4,sync,511.644,
1789747234.3922195,online_model,/api/search,POST,250,8,6,9,3447.9,3711.4,2894.4,sync,507.986,
1789747234.4170268,online_model,/api/user/profile,POST,200,9,4,7,4498.7,4359.1,2054.0,async,495.142,
1789747234.4255517,online_model,/api/image/thumbnail,POST,400,9,6,8,4217.9,5754.4,2694.1,process,411.263,
1789747234.4289515,online_model,/api/user/profile,POST,200,7,4,9,6881.8,3374.7,2564.3,async,33.584,
1789747234.4539373,online_model,/api/user/profile,POST,200,9,6,8,6043.5,5405.9,2917.7,process,266.869,
1789747234.47101,online_model,/api/report/generate,POST,350,8,6,9,3127.7,5675.0,3003.6,sync,328.916,
1789747234.4778337,online_model,/api/report/generate,POST,350,8,6,9,4754.8,5528.1,3098.3,sync,311.335,
1789747234.4830234,online_model,/api/feed,POST,300,8,6,9,4524.3,5618.5,3234.0,sync,331.578,
1789747234.4855993,online_model,/api/report/generate,POST,350,9,6,8,4572.6,5654.8,2770.8,process,340.258,
1789747234.4908087,online_model,/api/feed,POST,300,9,6,7,6055.1,5413.7,2445.1,process,304.95,
1789747234.5079527,online_model,/api/image/thumbnail,POST,400,9,6,8,3701.1,5998.5,2934.0,process,419.616,
1789747234.5205169,online_model,/api/user/profile,POST,200,8,6,9,5581.5,6136.9,2564.2,sync,46.031,
1789747234.5258286,online_model,/api/user/profile,POST,200,8,6,9,7298.8,5662.0,2547.7,sync,128.346,
1789747234.5808747,online_model,/api/search,POST,250,8,5,9,7302.7,4140.5,2552.1,async,184.15,
1789747234.5823398,online_model,/api/search,POST,250,7,3,9,6886.6,1853.0,2570.5,async,187.651,
1789747234.5844307,online_model,/api/feed,POST,300,9,5,9,3817.0,4923.6,3326.3,async,513.206,
1789747234.585225,online_model,/api/feed,POST,300,9,5,8,4491.4,5127.7,2565.3,async,662.538,
1789747234.5859506,online_model,/api/user/profile,POST,200,9,5,9,7211.7,5254.1,2348.5,async,166.607,
1789747234.5867558,online_model,/api/feed,POST,300,9,5,9,7108.7,5220.8,2587.5,async,155.972,
1789747234.6154664,online_model,/api/feed,POST,300,9,6,8,7864.1,4601.3,2513.8,process,294.425,
1789747234.6169112,online_model,/api/auth/verify,POST,150,9,6,8,5962.0,5351.6,2986.0,process,420.957,
1789747234.625687,online_model,/api/search,POST,250,9,6,8,7479.6,4312.9,2382.0,process,256.308,
1789747234.6649945,online_model,/api/report/generate,POST,350,9,6,8,5470.6,5024.0,2851.0,process,414.282,
1789747234.6927764,online_model,/api/user/profile,POST,200,9,6,8,5873.8,6019.4,2554.6,process,199.097,
1789747234.7215915,online_model,/api/user/profile,POST,200,9,6,8,5719.0,5915.3,2594.3,process,210.314,
1789747234.7320733,online_model,/api/search,POST,250,9,6,8,6877.3,6240.9,2298.0,process,274.942,
1789747234.7394204,online_model,/api/feed,POST,300,9,6,8,7135.1,5975.6,2131.2,process,311.204,
1789747234.7503564,online_model,/api/feed,POST,300,7,5,9,6878.7,4145.2,2560.4,sync,354.013,
1789747234.7687328,online_model,/api/auth/verify,POST,150,9,2,9,6833.3,2286.1,2180.8,async,175.545,
1789747234.7933145,online_model,/api/report/generate,POST,350,8,6,8,4542.5,6060.9,2274.2,process,306.601,
1789747234.822762,online_model,/api/user/profile,POST,200,9,6,8,6238.7,5100.4,2499.7,process,154.955,
1789747234.845237,online_model,/api/feed,POST,300,9,6,7,6628.0,5392.3,1680.2,process,226.089,
1789747234.8502085,online_model,/api/user/profile,POST,200,9,6,8,6019.3,4935.8,2454.5,process,155.024,
1789747234.8551934,online_model,/api/feed,POST,300,9,6,8,6621.2,5387.3,2156.1,process,235.302,
1789747234.8739889,online_model,/api/user/profile,POST,200,9,6,8,5811.9,4759.3,2403.0,process,149.123,
1789747234.8788981,online_model,/api/user/profile,POST,200,9,6,8,5741.1,4698.7,2495.9,process,144.127,
1789747234.901461,online_model,/api/auth/verify,POST,150,8,6,9,4477.3,6097.6,2505.3,sync,420.67,
1789747234.902628,online_model,/api/search,POST,250,8,6,9,7432.7,4277.8,2751.4,sync,527.405,
1789747234.9033542,online_model,/api/auth/verify,POST,150,8,6,9,7849.5,4740.4,2943.4,sync,605.047,
1789747234.9041438,online_model,/api/feed,POST,300,8,6,9,5565.7,5840.6,2810.3,sync,380.458,
1789747234.9048553,online_model,/api/search,POST,250,8,6,9,4523.9,6047.0,2770.6,sync,415.794,
1789747234.9058878,online_model,/api/search,POST,250,8,6,9,5963.8,5812.2,2767.7,sync,377.669,
1789747234.9065342,online_model,/api/report/generate,POST,350,6,6,9,4925.3,4756.4,2967.4,sync,611.452,
1789747234.9070168,online_model,/api/report/generate,POST,350,7,6,9,6386.3,4747.2,2953.5,sync,610.143,
1789747234.9737215,online_model,/api/search,POST,250,9,6,8,5690.1,4654.9,2589.3,process,231.768,
1789747234.9776406,online_model,/api/image/thumbnail,POST,400,9,6,8,6554.4,5337.2,2400.6,process,349.172,
1789747235.0034323,online_model,/api/image/thumbnail,POST,400,9,3,9,6829.3,2923.0,2176.3,async,409.784,
1789747235.0048668,online_model,/api/feed,POST,300,9,6,8,6422.0,4948.7,2389.2,process,179.172,
1789747235.0055993,online_model,/api/user/profile,POST,200,9,6,8,6265.6,4814.6,2417.0,process,157.645,
1789747235.0198984,online_model,/api/search,POST,250,8,6,9,5538.9,4589.2,2912.4,sync,266.933,
1789747235.0216925,online_model,/api/user/profile,POST,200,6,6,9,3580.8,4400.7,3138.6,sync,104.749,
1789747235.0229213,online_model,/api/user/profile,POST,200,3,6,9,2834.8,4415.7,3161.1,sync,108.841,
1789747235.0244768,online_model,/api/user/profile,POST,200,7,6,9,3688.3,4396.7,3132.5,sync,107.013,
1789747235.0336397,online_model,/api/user/profile,POST,200,9,6,8,6063.2,4641.2,2930.7,process,156.776,
1789747235.0355287,online_model,/api/auth/verify,POST,150,9,6,8,6628.6,5125.8,2316.6,process,239.358,
1789747235.0898552,online_model,/api/search,POST,250,9,1,9,6875.4,772.2,2228.2,async,501.97,
1789747235.090999,online_model,/api/user/profile,POST,200,9,0,9,6878.7,0.0,2231.9,async,503.525,
1789747235.1193388,online_model,/api/user/profile,POST,200,9,5,9,6822.4,4765.5,2168.5,async,524.825,
1789747235.1285527,online_model,/api/feed,POST,300,9,6,8,6198.4,4757.1,2797.7,process,271.004,
1789747235.133261,online_model,/api/auth/verify,POST,150,4,6,9,2945.7,4414.4,3159.0,sync,218.486,
1789747235.141853,online_model,/api/search,POST,250,9,6,8,6031.4,4613.9,3036.5,process,260.415,
1789747235.1571717,online_model,/api/user/profile,POST,200,9,6,8,3654.2,4011.6,2649.2,process,175.278,
1789747235.1602905,online_model,/api/feed,POST,300,9,6,8,3700.2,4042.3,2413.8,process,183.501,
1789747235.1709297,online_model,/api/user/profile,POST,200,9,5,7,3428.9,3602.2,2281.3,process,164.189,
1789747235.1897843,online_model,/api/user/profile,POST,200,9,6,7,5458.1,4676.7,2457.4,process,152.522,
1789747235.198216,online_model,/api/user/profile,POST,200,9,6,8,5447.0,4669.3,2775.4,process,159.676,
1789747235.2056046,online_model,/api/image/thumbnail,POST,400,9,6,8,6233.2,4786.9,2532.9,process,353.069,
1789747235.2259068,online_model,/api/user/profile,POST,200,9,6,7,4504.9,6018.3,2042.0,process,66.309,
1789747235.2344134,online_model,/api/user/profile,POST,200,9,6,7,4479.7,5999.4,2048.0,process,71.598,
1789747235.262201,online_model,/api/user/profile,POST,200,9,6,7,4239.7,5819.4,2357.7,process,69.332,
1789747235.2660882,online_model,/api/search,POST,250,1,6,9,1230.7,4421.3,3169.4,sync,352.923,
1789747235.273431,online_model,/api/auth/verify,POST,150,2,6,9,2620.9,4419.2,3166.2,sync,359.918,
1789747235.2769,online_model,/api/auth/verify,POST,150,8,6,9,5332.7,4737.0,2982.4,sync,249.756,
1789747235.277695,online_model,/api/feed,POST,300,5,6,9,3154.5,4405.6,3145.9,sync,361.521,
1789747235.2787094,online_model,/api/search,POST,250,6,6,9,2145.3,4755.3,3009.8,sync,254.594,
1789747235.2796416,online_model,/api/feed,POST,300,6,6,9,3521.8,4746.0,2995.9,sync,253.956,
1789747235.2803938,online_model,/api/search,POST,250,7,6,9,3947.7,4741.6,2989.3,sync,254.014,
1789747235.2814631,online_model,/api/feed,POST,300,8,6,9,3796.3,4393.7,3128.0,sync,363.51,
1789747235.3063767,online_model,/api/user/profile,POST,200,8,6,8,4582.6,6160.7,2022.9,sync,170.449,
1789747235.3171544,online_model,/api/user/profile,POST,200,3,6,7,630.6,5276.5,2648.2,sync,34.233,
1789747235.3214478,online_model,/api/user/profile,POST,200,5,6,7,1164.9,5260.9,2630.1,sync,35.665,
1789747235.325049,online_model,/api/user/profile,POST,200,6,6,8,1265.8,5247.5,3095.4,sync,36.942,
1789747235.3590484,online_model,/api/user/profile,POST,200,5,6,8,1781.1,5009.3,2777.7,sync,31.26,
1789747235.360379,online_model,/api/report/generate,POST,350,9,6,7,4623.5,6107.2,1793.1,process,215.53,
1789747235.3796835,online_model,/api/report/generate,POST,350,9,5,8,3406.2,3589.6,2588.9,async,370.686,
1789747235.3808908,online_model,/api/report/generate,POST,350,9,5,9,6797.8,4015.7,2742.3,async,609.306,
1789747235.3864493,online_model,/api/image/thumbnail,POST,400,9,6,8,3403.6,4842.9,2586.6,process,376.867,
1789747235.3872294,online_model,/api/feed,POST,300,9,6,7,4178.3,5773.4,2458.3,process,186.86,
1789747235.3897572,online_model,/api/user/profile,POST,200,9,6,7,4117.1,5727.5,2680.6,process,181.667,
1789747235.456433,online_model,/api/image/thumbnail,POST,400,9,6,7,4389.8,5932.0,2125.4,process,282.329,
1789747235.4689796,online_model,/api/search,POST,250,5,6,7,1600.7,4792.8,2190.5,sync,105.143,
1789747235.4702303,online_model,/api/auth/verify,POST,150,8,6,7,2642.1,5363.0,2749.1,sync,201.274,
1789747235.4713094,online_model,/api/feed,POST,300,3,6,7,271.2,5287.5,2661.1,sync,190.236,
1789747235.4728982,online_model,/api/user/profile,POST,200,6,4,7,2873.9,3150.6,2052.9,sync,89.379,
1789747235.4749532,online_model,/api/feed,POST,300,5,6,8,1110.0,5054.2,2837.7,sync,154.632,
1789747235.475632,online_model,/api/feed,POST,300,5,6,8,1444.1,5031.0,2806.7,sync,151.439,
1789747235.4764068,online_model,/api/feed,POST,300,4,6,7,737.6,5266.7,2636.8,sync,191.429,
1789747235.4846947,online_model,/api/user/profile,POST,200,7,5,5,2947.0,3761.9,1544.8,process,95.632,
1789747235.4929478,online_model,/api/report/generate,POST,350,9,4,9,4941.1,3048.5,2597.4,async,398.522,
1789747235.4935982,online_model,/api/feed,POST,300,9,5,9,4937.1,4301.3,2593.3,async,398.724,
1789747235.494122,online_model,/api/feed,POST,300,9,5,9,4693.3,5067.9,2349.5,async,372.159,
1789747235.4948668,online_model,/api/feed,POST,300,9,4,9,6825.3,3593.0,2171.8,async,900.722,
1789747235.5084727,online_model,/api/user/profile,POST,200,2,5,6,2776.4,3311.3,1844.5,sync,29.565,
1789747235.509498,online_model,/api/feed,POST,300,9,6,7,3886.1,5554.2,2773.3,process,272.544,
1789747235.5121872,online_model,/api/feed,POST,300,6,6,7,1273.7,5257.0,2625.5,process,225.768,
1789747235.06256,online_model,/api/auth/verify,POST,150,9,6,7,3952.2,5603.7,2584.8,process,302.819,
1789747235.138322,online_model,/api/search,POST,250,7,5,4,2457.0,3411.9,1106.2,process,148.232,
1789747235.143705,online_model,/api/search,POST,250,3,5,5,801.4,3338.2,1454.3,sync,139.01,
1789747235.1560287,online_model,/api/search,POST,250,4,5,5,2189.1,3334.0,1450.1,process,150.464,
1789747235.1785889,online_model,/api/search,POST,250,5,3,3,3117.9,2715.8,1177.0,process,112.668,
1789747235.1823277,online_model,/api/auth/verify,POST,150,7,4,7,2980.2,3147.2,2047.0,async,267.325,
1789747235.2014167,online_model,/api/auth/verify,POST,150,3,1,6,2829.2,523.9,2013.9,sync,171.62,
1789747235.202964,online_model,/api/search,POST,250,1,5,6,1386.0,3312.5,1846.0,sync,193.337,
1789747235.2036772,online_model,/api/auth/verify,POST,150,4,2,6,3039.7,1294.9,2005.8,sync,172.576,
1789747235.209064,online_model,/api/user/profile,POST,200,4,1,6,3040.8,522.8,2007.5,async,178.446,
1789747235.2331605,online_model,/api/user/profile,POST,200,4,3,4,3107.1,2776.5,1460.1,sync,187.572,
1789747235.2343009,online_model,/api/user/profile,POST,200,4,2,3,1337.8,1989.1,1220.5,sync,48.855,
1789747235.2355182,online_model,/api/report/generate,POST,350,3,5,5,2865.4,3273.2,1568.9,process,217.79,
1789747235.2374237,online_model,/api/user/profile,POST,200,3,2,4,201.1,1946.1,1577.1,sync,30.766,
1789747235.2394288,online_model,/api/user/profile,POST,200,2,2,3,92.7,1949.9,1161.7,sync,34.455,
1789747235.2518547,online_model,/api/search,POST,250,5,3,3,2733.7,2485.2,1022.3,process,109.062,
1789747235.2719696,online_model,/api/user/profile,POST,200,1,2,3,78.3,2062.5,1152.5,sync,33.165,
1789747235.2843826,online_model,/api/user/profile,POST,200,2,2,3,1554.2,2030.7,1205.5,sync,29.644,
1789747235.2857876,online_model,/api/search,POST,250,5,2,6,3253.1,1293.9,2003.0,async,254.425,
1789747235.2865434,online_model,/api/user/profile,POST,200,4,1,4,299.1,1344.6,1558.4,async,75.4,
1789747235.30662,online_model,/api/user/profile,POST,200,2,2,3,1530.3,1990.9,1145.8,sync,32.032,
1789747235.311029,online_model,/api/search,POST,250,3,2,3,202.3,1947.3,1157.9,process,104.953,
1789747235.3203952,online_model,/api/report/generate,POST,350,4,3,3,1417.0,2436.8,1111.0,process,161.446,
1789747235.3524268,online_model,/api/search,POST,250,2,2,3,1576.7,2053.3,1138.6,process,108.92,
1789747235.417216,online_model,/api/report/generate,POST,350,1,2,3,110.1,2058.5,1146.6,sync,176.447,
1789747235.4396,online_model,/api/auth/verify,POST,150,3,0,3,2993.2,0.0,1104.2,async,151.414,
1789747235.4636967,online_model,/api/report/generate,POST,350,2,0,3,1524.5,0.0,1107.4,sync,176.372,
1789747235.4729292,online_model,/api/auth/verify,POST,150,2,1,2,2825.3,603.6,862.2,sync,149.585,
1789747235.4923186,online_model,/api/user/profile,POST,200,2,0,3,1413.4,0.0,1231.7,sync,49.748,
1789747235.512234,online_model,/api/image/thumbnail,POST,400,3,1,3,2991.9,638.0,1102.9,process,223.38,
1789747235.5202208,online_model,/api/report/generate,POST,350,3,1,1,2943.1,570.9,487.4,process,164.156,
1789747235.523077,online_model,/api/search,POST,250,2,1,2,1457.7,506.5,876.2,process,102.634,
1789747235.524226,online_model,/api/user/profile,POST,200,0,0,3,0.0,0.0,1073.7,sync,28.955,
1789747235.656494,online_model,/api/auth/verify,POST,150,1,0,0,1460.5,0.0,0.0,process,130.293,
1789747235.668348,online_model,/api/report/generate,POST,350,1,0,2,92.5,0.0,686.1,sync,153.46,
1789747235.696939,online_model,/api/user/profile,POST,200,1,0,0,1327.7,0.0,0.0,sync,37.867,
1789747235.831005,online_model,/api/feed,POST,300,0,0,0,0.0,0.0,0.0,process,130.453,
1789747235.9147198,online_model,/api/user/profile,POST,200,4,1,4,3077.0,1522.9,1894.0,async,38.176,
1789747235.9216409,online_model,/api/user/profile,POST,200,1,0,1,1469.1,0.0,420.4,sync,47.893,
1789747235.9253156,online_model,/api/user/profile,POST,200,4,2,4,3076.2,2295.1,1893.2,sync,48.421,
1789747235.9257357,online_model,/api/user/profile,POST,200,3,1,4,2966.5,1523.3,1895.5,sync,49.425,
1789747235.9873133,online_model,/api/search,POST,250,1,0,0,1470.5,0.0,0.0,process,114.835,
1789747235.9982543,online_model,/api/search,POST,250,2,1,4,1576.7,1523.7,1897.2,sync,122.327,
1789747236.070375,online_model,/api/user/profile,POST,200,8,6,9,5564.5,6930.4,3328.4,sync,141.948,
1789747236.0714593,online_model,/api/user/profile,POST,200,8,6,9,4219.3,6955.2,3365.7,sync,147.031,
1789747236.0730777,online_model,/api/auth/verify,POST,150,7,5,7,4032.9,5757.1,2953.5,sync,193.248,
1789747236.073808,online_model,/api/feed,POST,300,5,3,6,3181.4,3064.5,2635.8,sync,195.563,
1789747236.0754976,online_model,/api/feed,POST,300,8,6,8,4238.8,7275.1,3426.6,sync,194.446,
1789747236.0773153,online_model,/api/search,POST,250,7,6,9,4177.2,6933.2,3332.7,sync,149.284,
1789747236.0779548,online_model,/api/feed,POST,300,6,4,6,3609.0,4236.9,2632.4,sync,199.152,
1789747236.110324,online_model,/api/feed,POST,300,2,0,1,1580.2,0.0,420.0,process,236.054,
1789747236.1113129,online_model,/api/user/profile,POST,200,5,6,9,5527.1,6039.6,2109.9,sync,34.386,
1789747236.120384,online_model,/api/image/thumbnail,POST,400,9,5,9,4348.1,6328.1,3433.0,async,203.738,
1789747236.1389453,online_model,/api/user/profile,POST,200,5,2,4,3186.0,2294.3,1891.5,process,261.625,
1789747236.2096205,online_model,/api/user/profile,POST,200,8,6,9,6259.6,6006.6,2060.4,sync,127.232,
1789747236.218229,online_model,/api/report/generate,POST,350,0,0,0,0.0,0.0,0.0,sync,347.176,
1789747236.2218506,online_model,/api/user/profile,POST,200,4,6,9,4155.7,6027.3,2091.4,sync,142.879,
1789747236.223452,online_model,/api/search,POST,250,8,6,9,3762.1,6498.5,2798.2,sync,222.911,
1789747236.24149,online_model,/api/user/profile,POST,200,6,6,9,4692.3,6020.4,2081.1,sync,161.346,
1789747236.2488394,online_model,/api/user/profile,POST,200,8,6,9,5299.3,6285.8,1583.6,sync,36.416,
1789747236.2557635,online_model,/api/user/profile,POST,200,8,6,9,6015.6,5819.5,2043.8,sync,142.128,
1789747236.2589,online_model,/api/user/profile,POST,200,7,6,9,3250.6,6210.3,1495.6,sync,33.962,
1789747236.2627528,online_model,/api/feed,POST,300,8,5,7,4244.8,5754.6,2950.0,process,382.394,
1789747236.27656,online_model,/api/user/profile,POST,200,8,6,9,3440.0,6091.2,1356.7,sync,31.745,
1789747236.3127923,online_model,/api/search,POST,250,8,5,8,4240.8,5752.1,3428.6,async,432.144,
1789747236.3137307,online_model,/api/feed,POST,300,6,3,6,3610.1,3063.3,2633.6,async,435.26,
1789747236.3142803,online_model,/api/search,POST,250,7,4,7,4034.4,4233.7,2955.0,async,434.836,
1789747236.3147469,online_model,/api/user/profile,POST,200,5,2,5,3184.2,2293.5,2217.4,async,437.215,
1789747236.3151624,online_model,/api/search,POST,250,2,0,3,1578.4,0.0,1382.8,async,440.112,
1789747236.3480096,online_model,/api/feed,POST,300,5,6,9,4265.4,6024.5,2087.2,sync,268.607,
1789747236.4382133,online_model,/api/report/generate,POST,350,2,1,3,1577.6,1524.2,1381.7,process,562.755,
1789747236.4611614,online_model,/api/auth/verify,POST,150,8,6,9,3355.4,6203.8,1488.0,sync,235.208,
1789747236.5301027,online_model,/api/auth/verify,POST,150,8,6,9,4229.1,6234.0,1523.2,sync,309.055,
1789747236.5308373,online_model,/api/report/generate,POST,350,4,6,9,4058.6,6043.9,2116.3,sync,454.419,
1789747236.5343132,online_model,/api/feed,POST,300,8,6,9,6209.8,5990.4,1239.0,sync,272.338,
1789747236.5498967,online_model,/api/image/thumbnail,POST,400,9,2,9,6463.1,2098.4,1075.8,async,229.546,
1789747236.5618727,online_model,/api/feed,POST,300,2,0,2,1579.2,0.0,901.5,process,687.211,
1789747236.5888066,online_model,/api/feed,POST,300,8,6,9,6403.2,5883.3,1343.7,sync,309.346,
1789747236.5901325,online_model,/api/report/generate,POST,350,8,6,9,3426.3,6051.7,1310.6,sync,338.793,
1789747236.5907307,online_model,/api/user/profile,POST,200,9,6,8,4665.9,7272.5,3423.1,process,709.244,
1789747236.59719,online_model,/api/report/generate,POST,350,7,6,9,4791.6,6009.5,2064.7,sync,515.187,
1789747236.5985403,online_model,/api/report/generate,POST,350,8,6,9,4841.2,6008.9,1260.6,sync,340.016,
1789747236.599326,online_model,/api/search,POST,250,8,6,9,6027.5,5307.7,891.5,sync,247.632,
1789747236.613177,online_model,/api/search,POST,250,9,5,9,6049.1,5300.6,1965.3,async,491.032,
1789747236.6319404,online_model,/api/user/profile,POST,200,8,6,9,5674.0,4196.5,641.2,sync,95.402,
1789747236.6374433,online_model,/api/user/profile,POST,200,7,6,9,5008.8,4889.4,1248.5,sync,35.556,
1789747236.6415958,online_model,/api/user/profile,POST,200,9,1,9,6466.8,1326.6,1078.3,async,321.654,
1789747236.6437626,online_model,/api/user/profile,POST,200,9,5,9,6454.2,4713.4,1069.9,async,322.423,
1789747236.6443753,online_model,/api/user/profile,POST,200,9,5,9,5228.4,3775.3,1179.6,async,29.23,
1789747236.6455555,online_model,/api/user/profile,POST,200,9,3,9,6460.2,2769.5,1073.9,async,324.886,
1789747236.6493146,online_model,/api/user/profile,POST,200,8,6,9,6456.9,4633.9,932.8,sync,185.549,
1789747236.6804352,online_model,/api/user/profile,POST,200,8,6,9,5065.4,4436.7,1109.8,sync,46.411,
1789747236.695452,online_model,/api/search,POST,250,5,3,5,3183.3,3065.6,2216.4,process,817.597,
1789747236.7146244,online_model,/api/user/profile,POST,200,8,6,9,6355.5,6229.8,1057.8,sync,63.39,
1789747236.7185972,online_model,/api/search,POST,250,9,5,9,5649.4,3664.4,580.4,async,167.144,
1789747236.719477,online_model,/api/user/profile,POST,200,9,2,9,6392.3,2278.4,1071.6,async,73.067,
1789747236.7203465,online_model,/api/user/profile,POST,200,9,3,9,6384.6,3048.1,1068.7,async,72.976,
1789747236.7239053,online_model,/api/user/profile,POST,200,7,4,6,4037.3,4235.4,2630.2,process,844.687,
1789747236.783794,online_model,/api/auth/verify,POST,150,8,6,9,5113.3,4882.6,1242.8,sync,180.572,
1789747236.7890286,online_model,/api/search,POST,250,7,6,8,4054.8,4948.7,875.3,sync,197.224,
1789747236.789747,online_model,/api/user/profile,POST,200,8,6,9,6120.6,6040.6,963.3,sync,106.89,
1789747236.8282704,online_model,/api/search,POST,250,9,6,8,5123.3,6561.6,2471.0,process,838.158,
1789747236.8508,online_model,/api/search,POST,250,8,6,9,5430.6,4935.4,1286.8,sync,256.919,
1789747236.9159887,online_model,/api/feed,POST,300,8,6,9,5421.9,4211.4,651.1,sync,382.024,
1789747236.942988,online_model,/api/image/thumbnail,POST,400,9,5,9,5937.2,4596.3,1239.6,async,220.278,
1789747236.9642553,online_model,/api/feed,POST,300,7,6,9,4996.2,4215.4,653.8,sync,430.907,
1789747236.9650714,online_model,/api/search,POST,250,8,6,9,5059.5,4404.1,1093.5,sync,325.711,
1789747236.9687028,online_model,/api/report/generate,POST,350,6,6,9,3542.9,4895.3,1253.4,sync,368.127,
1789747236.975637,online_model,/api/auth/verify,POST,150,8,6,8,6022.7,5824.8,1543.6,process,862.874,
1789747236.994708,online_model,/api/user/profile,POST,200,8,6,9,5876.8,5834.1,1262.7,sync,277.378,
1789747236.9959178,online_model,/api/user/profile,POST,200,8,6,9,5332.4,4886.9,1346.7,sync,209.247,
1789747237.0014653,online_model,/api/user/profile,POST,200,8,7,8,3728.1,4779.3,685.9,sync,82.659,
1789747237.0059679,online_model,/api/auth/verify,POST,150,8,6,9,4303.1,4845.7,1312.4,sync,212.563,
1789747237.0091777,online_model,/api/user/profile,POST,200,7,6,9,4196.9,4850.1,1316.0,sync,216.491,
1789747237.0098064,online_model,/api/user/profile,POST,200,8,6,9,2948.7,3989.8,748.7,sync,38.878,
1789747237.0108187,online_model,/api/user/profile,POST,200,7,6,9,2490.4,4014.5,769.3,sync,44.083,
1789747237.0547357,online_model,/api/user/profile,POST,200,9,4,9,5940.4,3825.5,1241.1,async,332.383,
1789747237.0555267,online_model,/api/feed,POST,300,9,4,9,6379.9,3818.4,1067.0,async,407.567,
1789747237.0562363,online_model,/api/user/profile,POST,200,9,3,9,5949.5,3056.9,1245.1,async,334.901,
1789747237.056782,online_model,/api/feed,POST,300,9,4,9,6457.1,3540.7,1071.8,async,735.766,
1789747237.0576086,online_model,/api/report/generate,POST,350,9,5,9,6377.1,4990.9,1065.9,async,409.3,
1789747237.080094,online_model,/api/search,POST,250,8,7,8,2870.0,5235.0,1011.4,sync,226.303,
1789747237.0869946,online_model,/api/user/profile,POST,200,8,6,9,5122.3,3766.6,1015.3,sync,78.849,
1789747237.100939,online_model,/api/feed,POST,300,9,6,8,5878.4,6711.3,1730.9,process,959.508,
1789747237.1302624,online_model,/api/feed,POST,300,8,6,9,4369.3,3827.2,1075.9,sync,132.28,
1789747237.1312988,online_model,/api/feed,POST,300,8,6,9,4728.3,3793.7,1042.4,sync,127.537,
1789747237.1364367,online_model,/api/user/profile,POST,200,9,6,8,6612.1,5970.9,1118.1,process,871.719,
1789747237.2845497,online_model,/api/auth/verify,POST,150,9,6,8,6611.4,4766.1,512.7,process,842.881,
1789747237.29634,online_model,/api/image/thumbnail,POST,400,9,1,9,6528.4,542.5,755.7,async,234.978,
1789747237.3007107,online_model,/api/user/profile,POST,200,9,6,8,4181.2,4619.3,1123.8,async,469.468,
1789747237.3064315,online_model,/api/auth/verify,POST,150,8,6,9,6736.1,3727.9,976.6,sync,291.96,
1789747237.3280742,online_model,/api/user/profile,POST,200,9,2,9,6525.8,1213.9,754.6,async,266.433,
1789747237.328625,online_model,/api/user/profile,POST,200,9,6,8,6536.1,5831.0,918.4,async,189.886,
1789747237.3586137,online_model,/api/report/generate,POST,350,8,6,9,2598.8,4010.2,765.7,sync,391.16,
1789747237.4085693,online_model,/api/feed,POST,300,9,6,8,5537.9,5114.5,530.9,process,844.454,
1789747237.4631143,online_model,/api/auth/verify,POST,150,9,4,9,5500.9,4643.8,1156.6,async,132.39,
1789747237.488789,online_model,/api/search,POST,250,7,6,9,5100.0,6133.5,649.2,sync,400.53,
1789747237.4903321,online_model,/api/auth/verify,POST,150,6,6,9,5057.2,3735.1,983.8,sync,476.951,
1789747237.4920104,online_model,/api/report/generate,POST,350,7,6,9,2903.4,3832.4,1081.1,sync,494.85,
1789747237.496969,online_model,/api/report/generate,POST,350,7,6,9,5268.0,3730.7,979.4,sync,482.932,
1789747237.5158706,online_model,/api/search,POST,250,8,6,8,5434.9,4939.2,868.2,process,922.543,
1789747237.5213804,online_model,/api/image/thumbnail,POST,400,8,6,9,6455.8,6107.0,631.5,sync,427.949,
1789747237.5246792,online_model,/api/user/profile,POST,200,8,6,9,6464.4,5857.8,936.3,sync,390.501,
1789747237.5308459,online_model,/api/user/profile,POST,200,8,6,9,3128.6,5335.5,931.0,sync,34.865,
1789747237.5335,online_model,/api/user/profile,POST,200,8,6,9,2220.1,5309.2,913.5,sync,33.192,
1789747237.602517,online_model,/api/user/profile,POST,200,8,7,8,3393.0,5913.5,806.4,sync,75.482,
1789747237.6133869,online_model,/api/user/profile,POST,200,8,7,8,3386.8,5852.1,771.3,sync,77.616,
1789747237.618865,online_model,/api/search,POST,250,9,6,8,6095.7,5949.3,917.6,process,920.741,
1789747237.6770947,online_model,/api/user/profile,POST,200,8,7,8,3374.6,5870.2,781.6,sync,143.92,
1789747237.6780462,online_model,/api/feed,POST,300,8,6,9,5228.3,5863.9,1247.2,sync,369.711,
1789747237.6791394,online_model,/api/search,POST,250,7,6,9,2526.6,5360.8,947.9,sync,187.503,
1789747237.6797884,online_model,/api/feed,POST,300,7,6,9,6040.6,5863.3,939.9,sync,546.523,
1789747237.684102,online_model,/api/auth/verify,POST,150,7,6,9,2929.4,5349.8,940.6,sync,190.612,
1789747237.6846762,online_model,/api/search,POST,250,8,7,8,2025.2,5934.0,818.0,sync,160.607,
1789747237.6852946,online_model,/api/auth/verify,POST,150,8,6,9,4212.3,5874.9,1036.5,sync,324.237,
1789747237.711728,online_model,/api/user/profile,POST,200,9,7,7,4268.1,5252.3,459.1,sync,90.162,
1789747237.7130365,online_model,/api/user/profile,POST,200,8,7,8,4191.1,5287.4,474.1,sync,96.556,
1789747237.7160778,online_model,/api/search,POST,250,9,3,9,6524.0,1985.9,753.7,async,654.237,
1789747237.7168796,online_model,/api/feed,POST,300,9,5,9,5262.3,4723.5,1269.8,async,414.46,
1789747237.7177403,online_model,/api/report/generate,POST,350,9,4,9,6522.5,3509.7,753.1,async,655.731,
1789747237.7183576,online_model,/api/search,POST,250,9,5,9,6520.0,4763.3,752.0,async,656.076,
1789747237.7205832,online_model,/api/user/profile,POST,200,6,7,7,2681.1,4837.8,281.5,sync,40.052,
1789747237.7287552,online_model,/api/search,POST,250,9,6,8,5908.6,5249.3,1227.0,process,1002.606,
1789747237.75799,online_model,/api/user/profile,POST,200,9,6,8,3677.9,4140.7,550.6,process,812.067,
1789747237.7965255,online_model,/api/search,POST,250,8,7,8,2904.9,5361.3,505.8,sync,190.341,
1789747237.8808112,online_model,/api/feed,POST,300,9,6,8,3017.9,3946.9,713.0,process,902.728,
1789747237.9234505,online_model,/api/search,POST,250,7,7,8,4120.0,4602.8,673.3,sync,209.195,
1789747237.9254827,online_model,/api/feed,POST,300,6,7,8,2138.4,4789.6,774.6,sync,237.952,
1789747237.92633,online_model,/api/feed,POST,300,7,7,8,2563.2,4783.3,771.0,sync,237.945,
1789747237.9268167,online_model,/api/auth/verify,POST,150,8,7,7,3211.4,4823.9,275.5,sync,244.277,
1789747237.9291093,online_model,/api/feed,POST,300,7,7,7,2785.8,4829.3,277.8,sync,247.322,
1789747237.9296753,online_model,/api/search,POST,250,8,7,8,2990.1,4779.6,768.9,sync,240.861,
1789747237.9474866,online_model,/api/image/thumbnail,POST,400,7,5,8,5361.8,3483.1,646.8,async,222.977,
1789747237.963968,online_model,/api/user/profile,POST,200,5,9,6,2991.6,5596.1,627.9,sync,36.504,
1789747237.9669082,online_model,/api/user/profile,POST,200,7,9,6,3458.0,5551.5,618.0,sync,34.524,
1789747237.9674838,online_model,/api/user/profile,POST,200,6,9,6,3355.5,5563.7,620.7,sync,36.491,
1789747238.004156,online_model,/api/feed,POST,300,9,6,8,6864.1,6014.1,569.6,process,895.94,
1789747238.0470996,online_model,/api/search,POST,250,8,6,8,5779.7,4144.8,643.2,sync,321.059,
1789747238.0583992,online_model,/api/user/profile,POST,200,9,5,9,3693.7,4741.8,1050.3,async,592.703,
1789747238.059209,online_model,/api/user/profile,POST,200,9,6,8,2180.9,5195.6,837.8,async,540.12,
1789747238.0598528,online_model,/api/report/generate,POST,350,8,3,8,5471.1,1476.8,658.2,async,340.912,
1789747238.0606706,online_model,/api/user/profile,POST,200,9,5,9,5499.3,5281.1,1155.7,async,729.73,
1789747238.061539,online_model,/api/user/profile,POST,200,7,4,8,5367.0,2714.2,648.3,async,338.197,
1789747238.0877192,online_model,/api/user/profile,POST,200,9,8,6,4919.4,5219.0,726.5,async,204.039,
1789747238.0890825,online_model,/api/user/profile,POST,200,9,6,8,7166.8,4142.1,642.3,async,362.608,
1789747238.1045232,online_model,/api/search,POST,250,9,7,7,5356.8,5566.2,477.6,process,817.532,
1789747238.1066709,online_model,/api/feed,POST,300,9,7,7,7123.2,4881.0,632.6,sync,375.227,
1789747238.2037804,online_model,/api/search,POST,250,9,6,8,5286.9,5049.6,864.5,process,905.185,
1789747238.2171714,online_model,/api/search,POST,250,9,8,6,3847.2,4950.0,583.7,async,267.53,
1789747238.2179475,online_model,/api/search,POST,250,10,7,6,7254.6,4671.2,572.7,async,456.453,
1789747238.219913,online_model,/api/auth/verify,POST,150,6,9,6,3096.4,5585.2,625.5,sync,291.253,
1789747238.226108,online_model,/api/feed,POST,300,8,9,6,3624.7,6325.6,550.5,sync,259.944,
1789747238.2270074,online_model,/api/search,POST,250,5,9,6,1967.3,5568.0,621.7,sync,296.458,
1789747238.2282112,online_model,/api/search,POST,250,8,9,6,5265.3,6292.9,543.3,sync,258.378,
1789747238.2324398,online_model,/api/search,POST,250,7,9,6,3882.2,6301.9,545.3,sync,263.69,
1789747238.2340653,online_model,/api/feed,POST,300,8,9,6,3566.2,5547.2,617.0,sync,301.103,
1789747238.2349927,online_model,/api/feed,POST,300,7,6,8,5354.4,4149.2,644.7,sync,509.478,
1789747238.2651722,online_model,/api/user/profile,POST,200,8,9,6,4869.4,5573.2,848.0,sync,215.347,
1789747238.3096263,online_model,/api/user/profile,POST,200,7,8,7,5819.4,7880.9,1508.6,sync,72.208,
1789747238.3154664,online_model,/api/user/profile,POST,200,7,7,7,5190.9,7271.7,1549.5,sync,86.187,
1789747238.3264067,online_model,/api/feed,POST,300,9,6,8,4074.9,5572.0,834.6,process,914.792,
1789747238.3458912,online_model,/api/search,POST,250,9,5,6,4834.5,4424.1,799.0,async,279.826,
1789747238.3467338,online_model,/api/user/profile,POST,200,9,6,6,4829.3,5945.3,797.2,async,280.107,
1789747238.3478262,online_model,/api/search,POST,250,9,6,8,4600.1,6742.2,1697.1,async,255.659,
1789747238.3485253,online_model,/api/user/profile,POST,200,9,4,6,4840.7,3654.7,801.0,async,283.124,
1789747238.382917,online_model,/api/user/profile,POST,200,7,8,8,6690.7,7284.6,1676.7,sync,70.924,
1789747238.4850144,online_model,/api/report/generate,POST,350,9,7,7,3417.8,4815.6,272.0,process,801.227,
1789747238.4904675,online_model,/api/search,POST,250,9,7,7,5785.3,8149.2,1613.1,sync,381.471,
1789747238.491297,online_model,/api/user/profile,POST,200,9,7,7,6995.9,6828.7,1474.2,sync,138.478,
1789747238.4922626,online_model,/api/user/profile,POST,200,8,6,7,6902.2,5317.3,1484.3,sync,141.933,
1789747238.493227,online_model,/api/feed,POST,300,8,7,7,5294.6,7261.9,1542.4,sync,262.464,
1789747238.5955226,online_model,/api/search,POST,250,9,7,7,6244.4,7317.4,1582.1,sync,372.885,
1789747238.6080308,online_model,/api/feed,POST,300,9,8,6,5680.3,5895.3,497.5,process,808.97,
1789747238.6554685,online_model,/api/user/profile,POST,200,7,9,6,4865.1,8759.6,759.6,sync,160.214,
1789747238.6623864,online_model,/api/feed,POST,300,7,8,8,6734.6,7240.2,1649.0,sync,344.866,
1789747238.6662698,online_model,/api/search,POST,250,8,7,7,4404.5,8157.3,1618.8,sync,558.433,
1789747238.692084,online_model,/api/user/profile,POST,200,5,9,6,4648.4,8770.0,765.4,sync,197.856,
1789747238.694166,online_model,/api/user/profile,POST,200,6,9,6,4756.3,8763.8,761.9,sync,199.366,
1789747238.7067597,online_model,/api/user/profile,POST,200,8,9,6,4428.7,7834.7,365.1,sync,108.608,
1789747238.7547748,online_model,/api/auth/verify,POST,150,9,9,5,6326.6,5963.0,470.0,process,748.56,
1789747238.7795866,online_model,/api/image/thumbnail,POST,400,9,7,7,5720.1,7256.2,1538.4,async,548.127,
1789747238.7811022,online_model,/api/image/thumbnail,POST,400,8,8,7,7077.3,7151.8,1593.8,async,452.576,
1789747238.7817292,online_model,/api/feed,POST,300,9,5,8,4603.6,5570.2,1699.0,async,690.221,
1789747238.809915,online_model,/api/user/profile,POST,200,9,6,6,6256.4,6556.7,1072.8,async,589.019,
1789747238.8132317,online_model,/api/search,POST,250,8,9,6,4968.3,8749.7,754.1,sync,316.859,
1789747238.8138585,online_model,/api/user/profile,POST,200,9,6,7,7555.1,5337.5,1267.1,async,28.887,
1789747238.8753774,online_model,/api/auth/verify,POST,150,8,9,6,5069.4,7199.1,647.7,sync,206.592,
1789747238.8815277,online_model,/api/feed,POST,300,8,9,6,5494.1,7232.1,658.7,sync,216.329,
1789747238.88534,online_model,/api/search,POST,250,10,7,6,6359.7,7468.5,1131.8,async,679.008,
1789747238.9011884,online_model,/api/auth/verify,POST,150,9,7,6,4824.8,6714.6,795.7,process,834.016,
1789747238.928513,online_model,/api/feed,POST,300,8,9,6,6479.9,6948.0,564.0,sync,231.8,
1789747238.9367168,online_model,/api/search,POST,250,8,8,7,5919.4,7867.1,1500.0,sync,697.478,
1789747238.941951,online_model,/api/search,POST,250,7,9,6,5099.5,6960.1,568.1,sync,246.598,
1789747239.0272593,online_model,/api/report/generate,POST,350,8,9,6,4155.7,7296.3,680.1,sync,369.251,
1789747239.0290058,online_model,/api/search,POST,250,6,8,7,4434.4,7889.1,1513.8,sync,792.67,
1789747239.0568745,online_model,/api/report/generate,POST,350,9,7,7,4819.7,6710.6,1301.6,process,989.109,
1789747239.0686703,online_model,/api/user/profile,POST,200,8,7,8,5916.1,6522.1,1350.8,sync,184.382,
1789747239.0721223,online_model,/api/search,POST,250,9,6,7,7006.1,5311.8,1479.8,async,720.737,
1789747239.0727432,online_model,/api/search,POST,250,9,7,7,6744.9,6601.7,1312.0,async,687.892,
1789747239.0737598,online_model,/api/search,POST,250,9,8,6,5867.9,7304.2,798.2,async,585.944,
1789747239.0747876,online_model,/api/user/profile,POST,200,8,6,8,6197.7,5737.9,1626.0,sync,258.062,
1789747239.0753295,online_model,/api/feed,POST,300,8,5,7,6907.1,4146.4,1487.4,async,725.595,
1789747239.0891354,online_model,/api/user/profile,POST,200,7,7,8,3137.6,5847.7,1107.4,sync,59.019,
1789747239.0905774,online_model,/api/user/profile,POST,200,8,7,8,5087.5,6485.0,1562.7,sync,151.462,
1789747239.1031158,online_model,/api/user/profile,POST,200,9,7,7,3484.4,5641.9,960.5,sync,43.493,
1789747239.213139,online_model,/api/report/generate,POST,350,9,7,6,6252.5,7325.5,1070.5,process,991.709,
1789747239.2171185,online_model,/api/auth/verify,POST,150,9,3,7,3902.2,2505.9,874.4,async,140.662,
1789747239.2626185,online_model,/api/feed,POST,300,8,7,8,3242.5,5839.3,1101.5,sync,231.372,
1789747239.3199737,online_model,/api/feed,POST,300,8,7,8,5750.1,6563.4,1374.4,sync,441.631,
1789747239.3262105,online_model,/api/feed,POST,300,8,7,8,5412.1,6541.4,1603.0,sync,395.065,
1789747239.327983,online_model,/api/feed,POST,300,8,7,7,5110.5,6102.5,792.3,sync,234.609,
1789747239.3311868,online_model,/api/feed,POST,300,9,7,7,3512.2,5557.6,900.2,sync,259.456,
1789747239.334184,online_model,/api/search,POST,250,7,7,7,3730.5,6112.2,798.6,sync,242.3,
1789747239.3353608,online_model,/api/feed,POST,300,9,6,8,5853.2,5558.6,1739.9,async,431.728,
1789747239.3361213,online_model,/api/report/generate,POST,350,9,6,8,6304.8,5734.7,1623.2,async,518.859,
1789747239.3367505,online_model,/api/user/profile,POST,200,9,6,8,7308.2,5737.0,1648.0,async,524.326,
1789747239.3374968,online_model,/api/search,POST,250,8,9,6,6408.9,6398.3,868.1,sync,579.695,
1789747239.3559294,online_model,/api/user/profile,POST,200,8,7,7,4479.8,5241.9,744.4,sync,139.649,
1789747239.3600788,online_model,/api/user/profile,POST,200,8,7,7,3953.1,5657.5,538.1,sync,94.592,
1789747239.371164,online_model,/api/user/profile,POST,200,6,4,7,3124.7,3424.5,353.6,sync,32.682,
1789747239.3798833,online_model,/api/user/profile,POST,200,8,6,7,3421.0,4813.1,343.4,sync,36.247,
1789747239.4440114,online_model,/api/image/thumbnail,POST,400,8,8,7,7082.4,7638.7,1357.2,process,1176.133,
1789747239.4856575,online_model,/api/search,POST,250,8,7,7,3561.4,5255.1,385.1,sync,162.751,
1789747239.4896019,online_model,/api/report/generate,POST,350,8,7,8,4015.4,6448.3,1536.4,sync,545.179,
1789747239.4939547,online_model,/api/feed,POST,300,7,7,7,4662.8,5204.7,370.6,sync,163.864,
1789747239.4951046,online_model,/api/feed,POST,300,8,6,8,3414.2,4723.9,721.8,sync,136.606,
1789747239.4961116,online_model,/api/feed,POST,300,8,6,8,3788.8,4695.8,707.8,sync,132.941,
1789747239.497177,online_model,/api/auth/verify,POST,150,7,7,7,4909.1,5190.6,366.6,sync,164.779,
1789747239.5020008,online_model,/api/auth/verify,POST,150,8,5,7,3424.7,4177.7,344.5,async,158.978,
1789747239.504444,online_model,/api/auth/verify,POST,150,7,5,7,3214.4,4181.7,346.1,sync,162.053,
1789747239.5269935,online_model,/api/user/profile,POST,200,8,6,8,3285.0,3944.4,898.6,sync,38.476,
1789747239.5282755,online_model,/api/user/profile,POST,200,8,6,8,4772.7,4193.9,1023.3,sync,81.327,
1789747239.530263,online_model,/api/user/profile,POST,200,8,6,8,2435.6,3919.1,886.0,sync,37.546,
1789747239.533656,online_model,/api/user/profile,POST,200,6,6,8,1779.2,4040.0,851.9,sync,29.69,
1789747239.5365996,online_model,/api/user/profile,POST,200,6,6,8,1821.4,4024.4,844.1,sync,30.066,
1789747239.5679421,online_model,/api/feed,POST,300,9,9,5,4441.7,7725.4,340.8,process,957.939,
1789747239.6157646,online_model,/api/user/profile,POST,200,5,6,8,1672.2,3886.7,775.2,sync,86.242,
1789747239.6675625,online_model,/api/search,POST,250,8,6,8,4045.6,4630.7,678.7,sync,293.464,
1789747239.6692448,online_model,/api/auth/verify,POST,150,5,7,8,1592.0,4551.1,866.2,sync,170.094,
1789747239.6763532,online_model,/api/feed,POST,300,5,6,8,1700.0,3875.9,769.9,sync,145.122,
1789747239.6821542,online_model,/api/search,POST,250,6,6,8,2124.5,3869.4,766.6,sync,149.814,
1789747239.7089846,online_model,/api/user/profile,POST,200,6,6,7,2978.1,3040.8,362.7,sync,38.433,
1789747239.7101772,online_model,/api/user/profile,POST,200,6,6,8,4703.9,3832.8,748.3,sync,171.687,
1789747239.713682,online_model,/api/user/profile,POST,200,7,6,7,4590.7,3639.7,651.7,sync,142.913,
1789747239.7147236,online_model,/api/user/profile,POST,200,7,6,7,4333.7,2954.1,333.8,sync,29.715,
1789747239.7160487,online_model,/api/image/thumbnail,POST,400,5,6,8,1595.8,3884.2,868.5,async,217.618,
1789747239.7286816,online_model,/api/report/generate,POST,350,8,9,6,6801.1,6839.6,527.9,process,1019.983,
1789747239.8453307,online_model,/api/search,POST,250,7,6,7,3084.0,3034.6,360.6,sync,173.817,
1789747239.8461745,online_model,/api/auth/verify,POST,150,7,6,7,4295.3,3351.1,507.5,sync,227.323,
1789747239.8525674,online_model,/api/feed,POST,300,9,6,6,7571.7,5348.5,791.9,process,1069.472,
1789747239.8536842,online_model,/api/search,POST,250,6,6,8,3411.3,3848.7,756.2,sync,317.756,
1789747239.8563488,online_model,/api/feed,POST,300,6,6,7,4208.9,2786.9,278.1,sync,143.46,
1789747239.8914309,online_model,/api/user/profile,POST,200,9,4,7,3898.6,3142.5,872.2,async,814.534,
1789747239.8922608,online_model,/api/user/profile,POST,200,9,6,7,3886.0,5431.4,864.3,async,813.568,
1789747239.892795,online_model,/api/search,POST,250,9,5,7,3890.8,3910.3,867.3,async,814.594,
1789747239.89362,online_model,/api/report/generate,POST,350,9,6,7,4566.3,4725.9,730.2,async,674.531,
1789747239.981526,online_model,/api/user/profile,POST,200,6,5,6,5199.5,1652.1,88.9,sync,133.394,
1789747239.9825597,online_model,/api/user/profile,POST,200,6,5,7,5921.7,2304.6,268.3,sync,264.95,
1789747239.9872024,online_model,/api/user/profile,POST,200,6,5,5,4324.5,1620.7,80.1,sync,130.228,
1789747240.0083048,online_model,/api/report/generate,POST,350,9,7,7,7549.2,6105.8,1264.5,process,1222.781,
1789747240.0267785,online_model,/api/auth/verify,POST,150,8,5,5,4847.3,1611.3,77.0,async,166.521,
1789747240.036305,online_model,/api/search,POST,250,7,5,7,6026.7,2299.5,266.3,sync,317.562,
1789747240.0404665,online_model,/api/report/generate,POST,350,7,6,7,4138.0,2988.2,345.2,sync,361.098,
1789747240.0417037,online_model,/api/feed,POST,300,7,5,5,4429.1,1617.0,78.9,sync,182.977,
1789747240.0431442,online_model,/api/search,POST,250,5,5,7,4534.7,2307.9,269.7,sync,326.197,
1789747240.0446353,online_model,/api/feed,POST,300,7,5,6,5307.3,1648.6,88.2,sync,195.835,
1789747240.090489,online_model,/api/user/profile,POST,200,6,6,5,5173.4,4200.2,178.7,sync,43.587,
1789747240.1321316,online_model,/api/feed,POST,300,9,6,8,5995.5,5653.4,1336.2,process,1244.145,
1789747240.1469738,online_model,/api/user/profile,POST,200,5,6,5,5068.1,4206.9,179.9,sync,101.241,
1789747240.148,online_model,/api/search,POST,250,6,5,6,4013.5,3087.5,240.6,sync,162.96,
1789747240.1718018,online_model,/api/feed,POST,300,6,6,5,4394.3,4250.3,187.1,sync,133.216,
1789747240.1736014,online_model,/api/feed,POST,300,6,5,6,5379.0,3066.1,236.3,sync,184.231,
1789747240.2533092,online_model,/api/image/thumbnail,POST,400,6,4,6,4017.2,2418.9,241.3,async,268.948,
1789747240.3190587,online_model,/api/auth/verify,POST,150,6,6,5,4896.2,3923.0,132.5,sync,225.886,
1789747240.3575819,online_model,/api/image/thumbnail,POST,400,8,7,7,5366.0,6017.3,743.6,process,1252.085,
1789747240.361767,online_model,/api/report/generate,POST,350,5,6,5,3440.1,4224.7,182.8,sync,318.991,
1789747240.3624446,online_model,/api/report/generate,POST,350,5,6,5,3839.5,4216.1,181.4,sync,318.163,
1789747240.364016,online_model,/api/report/generate,POST,350,5,6,5,3470.3,3607.6,384.4,sync,212.068,
1789747240.364774,online_model,/api/feed,POST,300,4,6,5,4263.3,3491.9,338.1,sync,189.538,
1789747240.394434,online_model,/api/user/profile,POST,200,5,5,5,4287.0,2684.3,206.0,sync,137.715,
1789747240.3956883,online_model,/api/user/profile,POST,200,6,5,4,5178.4,2267.9,101.9,sync,34.876,
1789747240.4002068,online_model,/api/user/profile,POST,200,3,5,4,1456.7,2246.9,96.6,sync,34.236,
1789747240.4576986,online_model,/api/search,POST,250,9,6,7,3523.1,4805.6,340.9,process,1112.875,
1789747240.4646642,online_model,/api/user/profile,POST,200,5,5,4,1990.2,2238.4,94.5,sync,96.627,
1789747240.4691844,online_model,/api/search,POST,250,5,5,5,4021.7,2424.3,141.0,sync,147.486,
1789747240.4705322,online_model,/api/user/profile,POST,200,7,4,7,3217.2,3411.4,347.0,async,1128.994,
1789747240.4712586,online_model,/api/image/thumbnail,POST,400,7,5,5,5529.8,3633.0,196.3,async,441.812,
1789747240.5002067,online_model,/api/feed,POST,300,6,5,4,2097.6,2235.3,93.7,sync,131.4,
1789747240.5008972,online_model,/api/feed,POST,300,4,5,4,1565.0,2243.1,95.7,sync,134.04,
1789747240.5042953,online_model,/api/user/profile,POST,200,5,4,3,1577.8,3098.3,0.0,sync,30.249,
1789747240.5379014,online_model,/api/auth/verify,POST,150,5,5,4,2280.3,2119.8,64.9,sync,140.196,
1789747240.6095088,online_model,/api/search,POST,250,4,5,3,2299.6,3575.5,0.0,sync,103.027,
1789747240.6104414,online_model,/api/feed,POST,300,5,5,4,2393.2,2101.8,60.4,sync,208.246,
1789747240.611077,online_model,/api/feed,POST,300,4,4,3,1155.3,3105.1,0.0,sync,138.764,
1789747240.6147885,online_model,/api/auth/verify,POST,150,6,4,3,1685.2,3095.1,0.0,async,140.026,
1789747240.649902,online_model,/api/user/profile,POST,200,2,4,3,1715.8,2531.8,0.0,sync,34.21,
1789747240.6508873,online_model,/api/user/profile,POST,200,4,4,3,2253.4,2525.6,0.0,sync,33.748,
1789747240.665827,online_model,/api/feed,POST,300,4,5,3,3446.7,3404.3,0.0,sync,125.018,
1789747240.6665003,online_model,/api/image/thumbnail,POST,400,8,6,8,5287.3,4579.8,661.7,process,1283.991,
1789747240.6945953,online_model,/api/user/profile,POST,200,8,3,5,4582.8,1589.7,39.2,process,796.707,
1789747240.7096524,online_model,/api/report/generate,POST,350,4,5,3,922.8,3590.9,0.0,sync,206.256,
1789747240.7232578,online_model,/api/user/profile,POST,200,7,6,4,4820.6,3693.5,90.9,process,588.449,
1789747240.7387962,online_model,/api/user/profile,POST,200,2,4,2,1682.5,2314.3,0.0,sync,68.625,
1789747240.7404156,online_model,/api/user/profile,POST,200,3,4,2,795.3,2188.2,406.8,sync,28.3,
1789747240.7450902,online_model,/api/feed,POST,300,3,4,3,1826.0,2529.2,0.0,sync,128.822,
1789747240.7781973,online_model,/api/report/generate,POST,350,7,5,5,5661.0,2959.6,215.0,async,767.494,
1789747240.7789972,online_model,/api/search,POST,250,6,5,3,2473.3,1867.8,1.9,async,318.159,
1789747240.780009,online_model,/api/feed,POST,300,8,3,6,4578.2,1587.7,365.6,async,881.702,
1789747240.780658,online_model,/api/user/profile,POST,200,8,2,5,4585.9,818.4,39.6,async,883.447,
1789747240.8189304,online_model,/api/search,POST,250,4,4,1,2117.5,2232.4,0.0,process,121.873,
1789747240.8383143,online_model,/api/feed,POST,300,3,4,2,1792.3,2311.8,0.0,sync,167.513,
1789747240.8431733,online_model,/api/search,POST,250,2,4,2,666.7,2100.6,844.6,sync,102.024,
1789747240.8760886,online_model,/api/user/profile,POST,200,2,4,1,2717.2,2966.8,362.8,sync,30.636,
1789747240.9164457,online_model,/api/auth/verify,POST,150,2,0,2,1666.0,0.0,758.9,async,132.398,
1789747240.9432645,online_model,/api/feed,POST,300,4,4,1,852.1,2146.7,392.9,process,217.625,
1789747240.9572034,online_model,/api/search,POST,250,2,4,1,2626.4,2984.8,367.3,sync,116.252,
1789747240.974311,online_model,/api/user/profile,POST,200,4,3,0,3925.4,2088.0,0.0,process,28.676,
1789747241.0583725,online_model,/api/search,POST,250,2,1,2,1664.6,637.9,757.4,sync,273.644,
1789747241.0666552,online_model,/api/search,POST,250,2,4,1,2650.5,2833.4,329.4,sync,187.8,
1789747241.093685,online_model,/api/user/profile,POST,200,3,3,1,3921.4,2169.1,289.3,sync,174.787,
1789747241.0945036,online_model,/api/user/profile,POST,200,3,3,1,2598.4,2047.2,313.9,sync,135.019,
1789747241.1293173,online_model,/api/report/generate,POST,350,4,3,0,2641.3,1995.4,0.0,process,152.793,
1789747241.1759155,online_model,/api/auth/verify,POST,150,3,2,2,3052.0,1274.6,755.0,async,389.985,
1789747241.176869,online_model,/api/auth/verify,POST,150,3,1,2,3054.1,637.4,756.4,async,391.635,
1789747241.3033257,online_model,/api/feed,POST,300,3,3,1,1218.7,1741.4,432.6,sync,241.827,
1789747241.3045886,online_model,/api/feed,POST,300,1,3,1,395.7,1635.0,397.1,sync,207.745,
1789747241.323524,online_model,/api/report/generate,POST,350,3,3,1,2944.5,1805.7,386.4,async,501.596,
1789747241.329604,online_model,/api/image/thumbnail,POST,400,2,3,0,756.6,1529.8,0.0,sync,197.6,
1789747241.338268,online_model,/api/user/profile,POST,200,2,2,0,1761.7,1896.8,0.0,sync,30.788,
1789747241.408777,online_model,/api/user/profile,POST,200,2,2,0,1454.0,1870.8,0.0,sync,77.019,
1789747241.409864,online_model,/api/search,POST,250,1,2,0,372.6,1899.3,0.0,sync,103.166,
1789747241.4284225,online_model,/api/report/generate,POST,350,3,1,0,1161.0,897.8,0.0,async,249.019,
1789747241.4551096,online_model,/api/user/profile,POST,200,3,1,0,1816.4,1108.0,0.0,async,128.403,
1789747241.5175834,online_model,/api/search,POST,250,1,3,0,1398.1,2879.5,0.0,sync,103.346,
1789747241.5479755,online_model,/api/report/generate,POST,350,2,2,0,1460.6,1853.2,0.0,sync,207.464,
1789747241.5521646,online_model,/api/search,POST,250,2,2,0,2702.6,2278.2,0.0,async,94.573,
1789747241.5531452,online_model,/api/feed,POST,300,1,2,0,1399.0,1707.4,0.0,async,139.712,
1789747241.5540097,online_model,/api/feed,POST,300,2,2,0,2756.2,1826.0,0.0,async,123.192,
1789747241.582857,online_model,/api/user/profile,POST,200,0,3,0,0.0,3523.6,0.0,sync,32.109,
1789747241.5871885,online_model,/api/user/profile,POST,200,2,0,0,322.2,0.0,0.0,sync,31.325,
1789747241.689056,online_model,/api/auth/verify,POST,150,1,0,0,107.6,0.0,0.0,sync,133.87,
1789747241.7733686,online_model,/api/report/generate,POST,350,2,0,0,267.3,0.0,0.0,sync,187.46,
1789747241.776239,online_model,/api/report/generate,POST,350,2,0,0,1649.4,0.0,0.0,sync,186.535,
1789747241.78904,online_model,/api/search,POST,250,2,0,0,2735.2,0.0,0.0,async,96.906,
1789747241.809514,online_model,/api/user/profile,POST,200,0,1,0,0.0,1438.2,0.0,sync,30.897,
1789747241.948377,online_model,/api/report/generate,POST,350,1,0,0,99.1,0.0,0.0,sync,156.718,
1789747241.979814,online_model,/api/report/generate,POST,350,1,0,0,1451.9,0.0,0.0,sync,168.122,
1789747249.6703396,online_model,/api/user/profile,POST,200,0,0,0,0.0,0.0,0.0,process,45.028,
1789747249.6744123,online_model,/api/user/profile,POST,200,7,5,6,2962.2,3983.3,2469.9,process,38.079,
1789747249.675195,online_model,/api/user/profile,POST,200,3,2,3,536.5,1410.2,1317.8,process,42.739,
1789747249.68121,online_model,/api/user/profile,POST,200,4,2,5,963.3,1407.9,2158.0,sync,47.63,
1789747249.681996,online_model,/api/user/profile,POST,200,0,0,1,0.0,0.0,323.5,sync,52.386,
1789747249.7491276,online_model,/api/search,POST,250,7,5,7,2959.6,3981.4,2795.0,process,112.368,
1789747249.7755654,online_model,/api/feed,POST,300,6,5,6,2535.1,3986.1,2473.3,sync,139.647,
1789747249.7769938,online_model,/api/feed,POST,300,3,2,4,535.4,1409.5,1644.1,sync,144.122,
1789747249.7783635,online_model,/api/feed,POST,300,7,6,9,2951.5,4613.4,3628.7,sync,140.539,
1789747249.7802422,online_model,/api/feed,POST,300,8,6,9,3379.8,4611.4,3625.7,sync,142.089,
1789747249.785989,online_model,/api/auth/verify,POST,150,3,1,3,537.6,772.3,1318.9,async,153.872,
1789747249.790452,online_model,/api/search,POST,250,7,6,8,2954.2,4615.7,3210.4,process,152.977,
1789747249.800907,online_model,/api/feed,POST,300,3,0,2,539.8,0.0,838.6,process,169.471,
1789747249.8204336,online_model,/api/user/profile,POST,200,5,3,5,1072.3,2179.2,2155.0,process,186.238,
1789747249.821415,online_model,/api/user/profile,POST,200,7,6,8,2799.2,3925.0,2671.6,sync,68.588,
1789747249.8245127,online_model,/api/auth/verify,POST,150,1,0,1,111.4,0.0,322.8,sync,194.316,
1789747249.8252072,online_model,/api/auth/verify,POST,150,2,0,1,326.4,0.0,322.4,sync,194.655,
1789747249.8257422,online_model,/api/report/generate,POST,350,5,3,6,1070.5,2178.1,2480.5,sync,191.214,
1789747249.8377762,online_model,/api/report/generate,POST,350,3,0,1,541.0,0.0,322.0,process,206.819,
1789747249.8481853,online_model,/api/user/profile,POST,200,9,6,7,3466.8,4382.1,2852.1,process,171.699,
1789747249.8616757,online_model,/api/user/profile,POST,200,4,6,8,1538.7,3753.4,2442.8,sync,80.442,
1789747249.8628614,online_model,/api/user/profile,POST,200,7,6,6,2361.6,3794.1,1820.7,sync,39.28,
1789747249.8690987,online_model,/api/user/profile,POST,200,6,6,6,1542.7,3754.6,1781.2,sync,38.681,
1789747249.906411,online_model,/api/search,POST,250,9,6,8,3498.7,4403.3,3033.5,process,233.412,
1789747249.918062,online_model,/api/report/generate,POST,350,4,2,4,964.8,1408.7,1642.4,process,284.817,
1789747249.9476316,online_model,/api/search,POST,250,6,6,8,2073.8,3744.7,2431.2,process,164.978,
1789747249.9612012,online_model,/api/feed,POST,300,9,6,8,3461.2,4378.3,3174.9,process,284.16,
1789747249.9653492,online_model,/api/feed,POST,300,5,6,8,1647.2,3749.2,2437.1,sync,183.418,
1789747249.9679067,online_model,/api/auth/verify,POST,150,7,5,9,2458.6,3222.1,2790.8,sync,178.201,
1789747249.9687426,online_model,/api/feed,POST,300,5,6,6,1118.1,3761.3,1787.9,sync,139.525,
1789747249.9693503,online_model,/api/feed,POST,300,6,6,9,2061.6,3732.6,2834.7,sync,184.552,
1789747250.0524025,online_model,/api/auth/verify,POST,150,7,5,8,2957.2,3979.8,3214.0,async,415.398,
1789747250.0534368,online_model,/api/auth/verify,POST,150,6,4,6,2539.0,3350.6,2477.2,async,418.096,
1789747250.0806363,online_model,/api/user/profile,POST,200,8,5,8,2649.6,3206.6,2496.3,async,288.145,
1789747250.0812697,online_model,/api/user/profile,POST,200,3,0,3,538.4,0.0,1319.7,async,449.607,
1789747250.0819764,online_model,/api/user/profile,POST,200,5,2,5,1073.2,1407.1,2155.9,async,448.125,
1789747250.0872617,online_model,/api/user/profile,POST,200,1,4,0,111.4,1959.9,0.0,sync,30.825,
1789747250.0878582,online_model,/api/user/profile,POST,200,0,4,0,0.0,1962.3,0.0,sync,31.988,
1789747250.1163807,online_model,/api/user/profile,POST,200,2,1,0,167.4,724.8,0.0,sync,31.87,
1789747250.1792836,online_model,/api/feed,POST,300,6,3,6,2540.1,2177.0,2478.3,async,544.525,
1789747250.253766,online_model,/api/user/profile,POST,200,3,0,1,969.3,0.0,327.2,process,39.377,
1789747250.2547956,online_model,/api/user/profile,POST,200,3,0,0,970.5,0.0,0.0,process,40.808,
1789747250.3011463,online_model,/api/user/profile,POST,200,3,1,4,963.1,670.9,1579.4,sync,84.684,
1789747250.305786,online_model,/api/user/profile,POST,200,0,0,0,0.0,0.0,0.0,sync,93.758,
1789747250.3087435,online_model,/api/user/profile,POST,200,8,6,8,2448.4,6637.5,3417.9,sync,87.136,
1789747250.309493,online_model,/api/user/profile,POST,200,6,4,6,1922.9,5237.4,2469.5,sync,90.224,
1789747250.3529363,online_model,/api/feed,POST,300,5,2,4,1501.3,2193.6,1575.1,process,135.329,
1789747250.3541577,online_model,/api/feed,POST,300,8,5,7,2454.3,6003.1,2941.4,process,133.294,
1789747250.3638532,online_model,/api/search,POST,250,3,1,3,964.2,671.3,1159.2,process,147.758,
1789747250.365837,online_model,/api/search,POST,250,5,3,5,1497.8,3716.4,2054.1,process,147.6,
1789747250.446016,online_model,/api/image/thumbnail,POST,400,3,0,2,966.9,0.0,653.3,async,230.774,
1789747250.4739697,online_model,/api/search,POST,250,9,6,7,2245.6,6427.6,3050.4,process,217.245,
1789747250.4775558,online_model,/api/feed,POST,300,7,4,6,2032.0,5235.8,2467.1,process,257.772,
1789747250.4993224,online_model,/api/auth/verify,POST,150,7,6,9,2326.8,6097.5,3305.4,sync,187.558,
1789747250.5040436,online_model,/api/user/profile,POST,200,9,6,8,2239.4,6423.5,3466.7,process,246.741,
1789747250.5095675,online_model,/api/auth/verify,POST,150,3,1,2,965.5,671.7,652.4,process,293.856,
1789747250.518064,online_model,/api/report/generate,POST,350,9,6,8,2556.6,6634.9,3414.5,process,295.996,
1789747250.5311038,online_model,/api/feed,POST,300,7,5,7,2026.8,6005.2,2944.3,sync,310.667,
1789747250.532133,online_model,/api/user/profile,POST,200,9,6,8,3597.0,5818.7,2707.1,process,173.736,
1789747250.5327423,online_model,/api/feed,POST,300,1,0,0,111.1,0.0,0.0,sync,319.726,
1789747250.5382948,online_model,/api/feed,POST,300,5,3,6,1495.7,3715.2,2473.3,sync,319.642,
1789747250.5901937,online_model,/api/image/thumbnail,POST,400,8,6,9,1853.8,6119.0,3337.7,sync,282.045,
1789747250.601005,online_model,/api/auth/verify,POST,150,8,5,8,2450.9,6001.0,3420.4,async,379.869,
1789747250.6071548,online_model,/api/user/profile,POST,200,8,6,9,1799.6,6147.0,3379.6,sync,303.545,
1789747250.6247747,online_model,/api/search,POST,250,9,6,7,3518.0,5766.0,2412.1,process,257.797,
1789747250.6313813,online_model,/api/auth/verify,POST,150,9,6,7,3609.9,5827.3,2210.0,process,274.265,
1789747250.6329703,online_model,/api/search,POST,250,9,6,8,3507.2,5758.8,2824.2,process,264.851,
1789747250.6534076,online_model,/api/user/profile,POST,200,9,6,8,2566.0,5825.0,2333.9,process,173.508,
1789747250.6602201,online_model,/api/user/profile,POST,200,9,6,8,2867.3,5659.6,2335.9,process,152.428,
1789747250.7103899,online_model,/api/report/generate,POST,350,9,6,8,2591.7,5844.3,2067.7,process,233.575,
1789747250.7725844,online_model,/api/auth/verify,POST,150,9,5,9,2705.8,4826.9,2807.8,async,169.318,
1789747250.7772968,online_model,/api/feed,POST,300,9,6,8,2763.8,5581.9,2671.1,process,256.853,
1789747250.8088439,online_model,/api/feed,POST,300,4,2,4,1072.4,2194.4,1576.7,sync,591.714,
1789747250.8178706,online_model,/api/image/thumbnail,POST,400,8,6,9,2361.0,5690.2,2459.5,sync,315.25,
1789747250.8256354,online_model,/api/search,POST,250,9,6,8,2925.8,5320.5,2429.5,process,197.74,
1789747250.8755484,online_model,/api/image/thumbnail,POST,400,9,6,8,2831.5,5632.7,2411.8,process,363.569,
1789747250.9015658,online_model,/api/image/thumbnail,POST,400,7,6,8,2429.4,5502.4,2881.8,process,367.679,
1789747250.9029815,online_model,/api/feed,POST,300,9,6,7,2849.6,5269.7,2392.4,process,266.722,
1789747250.9313905,online_model,/api/user/profile,POST,200,9,6,8,2356.3,4805.6,2901.4,process,217.71,
1789747250.9383318,online_model,/api/search,POST,250,9,6,8,2841.2,5264.1,2867.6,process,301.232,
1789747250.9603865,online_model,/api/user/profile,POST,200,9,6,8,2023.4,4612.1,2407.2,process,180.209,
1789747250.989916,online_model,/api/search,POST,250,9,6,8,2692.9,5149.8,2966.5,process,333.721,
1789747250.9908414,online_model,/api/feed,POST,300,9,5,9,2807.7,4831.9,2512.4,async,541.418,
1789747250.9916365,online_model,/api/user/profile,POST,200,7,4,7,2028.4,5233.7,2946.0,async,771.581,
1789747250.992218,online_model,/api/search,POST,250,5,2,5,1498.9,2192.7,2055.2,async,774.361,
1789747250.992745,online_model,/api/search,POST,250,6,3,6,1924.3,3713.9,2470.8,async,773.838,
1789747250.993235,online_model,/api/search,POST,250,4,1,4,1073.4,670.5,1577.7,async,776.509,
1789747251.0105042,online_model,/api/auth/verify,POST,150,8,6,9,1861.1,4417.3,2442.9,sync,197.511,
1789747251.0140908,online_model,/api/user/profile,POST,200,9,6,7,1837.2,3857.7,1817.3,process,108.148,
1789747251.0196538,online_model,/api/image/thumbnail,POST,400,8,6,9,2846.1,5488.5,3415.9,sync,483.758,
1789747251.0253816,online_model,/api/feed,POST,300,9,6,8,2651.2,5108.2,3153.3,process,362.183,
1789747251.092159,online_model,/api/auth/verify,POST,150,9,6,8,2289.8,4310.4,2063.2,process,261.47,
1789747251.1265876,online_model,/api/auth/verify,POST,150,9,6,8,2000.0,4020.6,1949.1,process,247.901,
1789747251.130371,online_model,/api/search,POST,250,9,6,8,1831.1,3851.6,2137.1,process,223.5,
1789747251.1488597,online_model,/api/feed,POST,300,9,6,8,1666.3,3686.9,2204.7,process,214.41,
1789747251.157895,online_model,/api/user/profile,POST,200,9,6,8,1296.3,4878.4,2778.3,process,156.037,
1789747251.176752,online_model,/api/user/profile,POST,200,9,6,8,2677.9,4789.2,2755.3,process,160.118,
1789747251.2174873,online_model,/api/image/thumbnail,POST,400,9,5,9,2044.2,3965.0,2667.5,async,441.844,
1789747251.235072,online_model,/api/image/thumbnail,POST,400,8,6,9,1795.1,4362.8,2361.2,sync,413.216,
1789747251.236906,online_model,/api/user/profile,POST,200,8,6,9,2673.5,5143.1,2897.7,sync,643.237,
1789747251.2397463,online_model,/api/user/profile,POST,200,8,6,9,3249.2,5462.9,3377.4,sync,699.424,
1789747251.2529376,online_model,/api/report/generate,POST,350,9,6,8,1625.7,3646.3,2508.7,process,311.833,
1789747251.2542486,online_model,/api/feed,POST,300,9,5,7,1304.0,3712.2,2307.6,process,253.706,
1789747251.2796874,online_model,/api/user/profile,POST,200,7,6,9,2007.8,4757.7,2826.9,sync,41.672,
1789747251.2993748,online_model,/api/feed,POST,300,9,6,8,2710.4,4318.9,2533.5,process,204.111,
1789747251.312486,online_model,/api/user/profile,POST,200,8,6,9,2658.2,4497.2,2817.0,sync,31.096,
1789747251.3234696,online_model,/api/report/generate,POST,350,9,6,8,2991.4,4721.3,2863.4,process,295.505,
1789747251.327672,online_model,/api/user/profile,POST,200,9,6,8,2484.6,3980.2,2729.4,process,176.029,
1789747251.3314438,online_model,/api/feed,POST,300,2,0,0,540.8,0.0,0.0,sync,1117.864,
1789747251.3490236,online_model,/api/feed,POST,300,7,6,9,2418.6,5491.6,3420.5,sync,813.568,
1789747251.3510044,online_model,/api/feed,POST,300,8,6,9,2657.3,5428.9,2753.2,sync,741.349,
1789747251.3559096,online_model,/api/feed,POST,300,8,6,9,2591.0,4758.1,3036.4,sync,334.1,
1789747251.3564496,online_model,/api/user/profile,POST,200,9,6,8,2448.5,3926.0,2806.9,process,195.863,
1789747251.3665984,online_model,/api/auth/verify,POST,150,9,2,7,1311.5,1052.1,2318.2,async,368.088,
1789747251.3680408,online_model,/api/search,POST,250,9,6,8,2572.8,4112.5,2449.3,process,238.421,
1789747251.3777487,online_model,/api/feed,POST,300,8,6,9,2531.9,4733.3,2790.2,sync,135.627,
1789747251.383573,online_model,/api/feed,POST,300,8,6,9,2114.8,4750.0,2815.3,sync,144.316,
1789747251.395794,online_model,/api/user/profile,POST,200,9,6,8,2875.9,4646.1,2712.7,process,139.192,
1789747251.431503,online_model,/api/report/generate,POST,350,9,6,8,2557.6,4089.6,2641.5,process,298.199,
1789747251.4523623,online_model,/api/report/generate,POST,350,8,6,9,1225.8,4813.2,3008.4,sync,439.501,
1789747251.4660196,online_model,/api/report/generate,POST,350,8,6,9,2537.5,6093.6,3299.5,sync,1153.716,
1789747251.4812076,online_model,/api/feed,POST,300,9,6,7,2882.0,4652.2,2238.2,process,225.54,
1789747251.5108554,online_model,/api/user/profile,POST,200,8,6,8,2814.9,4187.6,2703.3,process,176.871,
1789747251.5195076,online_model,/api/auth/verify,POST,150,9,6,8,1494.4,3514.9,2684.2,async,556.53,
1789747251.5240748,online_model,/api/feed,POST,300,8,6,9,2483.6,4287.6,2736.2,sync,207.526,
1789747251.5290308,online_model,/api/search,POST,250,6,7,9,4009.4,5196.9,2988.0,sync,168.872,
1789747251.5393093,online_model,/api/user/profile,POST,200,9,6,8,5730.4,4842.3,2693.5,process,166.692,
1789747251.54584,online_model,/api/auth/verify,POST,150,9,6,8,2640.4,4367.3,2347.4,process,242.609,
1789747251.5480542,online_model,/api/user/profile,POST,200,9,3,7,1308.3,1688.6,2313.7,async,548.921,
1789747251.5557997,online_model,/api/feed,POST,300,9,6,8,2855.6,4228.4,2428.2,process,229.475,
1789747251.5693269,online_model,/api/user/profile,POST,200,7,7,9,4132.3,5226.5,2831.2,process,213.92,
1789747251.573548,online_model,/api/user/profile,POST,200,8,7,8,6322.5,5928.6,2600.7,process,174.967,
1789747251.5750248,online_model,/api/auth/verify,POST,150,7,7,9,5390.7,5186.4,2974.5,sync,213.94,
1789747251.5765731,online_model,/api/report/generate,POST,350,8,6,9,2804.3,4177.1,3016.2,sync,241.8,
1789747251.5978768,online_model,/api/user/profile,POST,200,7,7,9,4841.0,5533.4,2686.5,process,142.885,
1789747251.603329,online_model,/api/user/profile,POST,200,7,7,9,4425.8,5321.2,2458.2,process,117.863,
1789747251.606293,online_model,/api/image/thumbnail,POST,400,9,6,8,2373.5,3813.6,2800.9,process,426.89,
1789747251.6256595,online_model,/api/search,POST,250,9,5,9,2210.2,3340.8,2988.2,async,405.828,
1789747251.634634,online_model,/api/user/profile,POST,200,9,6,8,4254.5,5798.1,2194.0,process,76.215,
1789747251.6799462,online_model,/api/feed,POST,300,8,7,8,6037.5,5679.3,2391.4,process,245.731,
1789747251.7271187,online_model,/api/search,POST,250,7,7,9,4219.5,5114.9,2344.4,process,212.282,
1789747251.7461774,online_model,/api/search,POST,250,9,6,8,4134.0,5717.7,2289.9,process,174.244,
1789747251.7714646,online_model,/api/report/generate,POST,350,9,6,8,4325.9,5845.7,1998.5,process,221.037,
1789747251.7752433,online_model,/api/user/profile,POST,200,9,6,7,4573.5,5505.5,2693.4,process,168.117,
1789747251.788869,online_model,/api/auth/verify,POST,150,7,6,10,4155.8,4926.3,2596.9,sync,257.156,
1789747251.7895508,online_model,/api/auth/verify,POST,150,8,6,8,5528.3,4851.6,2705.9,sync,418.454,
1789747251.8004005,online_model,/api/user/profile,POST,200,9,6,8,4555.2,5489.7,3000.2,process,190.622,
1789747251.8036668,online_model,/api/feed,POST,300,8,6,8,4092.5,5690.5,2521.0,process,227.436,
1789747251.8179488,online_model,/api/image/thumbnail,POST,400,8,6,9,4228.1,5670.6,2973.6,sync,238.272,
1789747251.8213565,online_model,/api/user/profile,POST,200,8,6,9,4286.8,4862.7,2332.7,sync,278.84,
1789747251.8251927,online_model,/api/user/profile,POST,200,6,7,10,4427.6,5435.2,2874.0,sync,356.124,
1789747251.8296838,online_model,/api/user/profile,POST,200,7,6,10,4164.2,4980.6,2687.4,sync,306.456,
1789747251.8320012,online_model,/api/user/profile,POST,200,9,6,8,3879.5,5171.5,2481.0,process,101.055,
1789747251.8508232,online_model,/api/feed,POST,300,9,6,8,4620.5,5545.7,2604.0,process,250.22,
1789747251.9087048,online_model,/api/search,POST,250,9,6,8,4116.6,5456.1,2691.7,process,225.097,
1789747251.9389048,online_model,/api/user/profile,POST,200,9,6,8,3676.1,4891.7,2632.9,process,161.458,
1789747251.9457006,online_model,/api/auth/verify,POST,150,9,6,8,4361.2,5729.4,2827.0,process,307.893,
1789747251.9474998,online_model,/api/user/profile,POST,200,8,6,9,3791.3,4636.3,2939.7,sync,127.493,
1789747251.9609346,online_model,/api/search,POST,250,9,6,8,3790.1,5062.6,2400.9,process,211.862,
1789747251.9753022,online_model,/api/user/profile,POST,200,9,6,8,4181.5,4719.9,2737.4,process,169.212,
1789747251.9887288,online_model,/api/user/profile,POST,200,8,6,8,4239.8,4556.5,2594.7,process,155.358,
1789747252.005228,online_model,/api/user/profile,POST,200,9,6,8,4171.3,4434.9,2510.5,process,151.574,
1789747252.0183022,online_model,/api/user/profile,POST,200,9,6,8,3651.2,4088.2,2124.3,process,106.781,
1789747252.0194745,online_model,/api/search,POST,250,8,6,9,5363.2,4792.4,2946.7,sync,638.729,
1789747252.020211,online_model,/api/user/profile,POST,200,8,6,9,4226.1,4546.2,2907.1,sync,185.054,
1789747252.0214245,online_model,/api/report/generate,POST,350,9,5,8,4340.7,4600.5,2011.6,async,472.909,
1789747252.0220544,online_model,/api/report/generate,POST,350,8,6,9,6422.4,4760.6,2899.0,async,635.918,
1789747252.023807,online_model,/api/report/generate,POST,350,9,4,7,1306.7,2459.9,2311.5,async,1024.362,
1789747252.0250196,online_model,/api/feed,POST,300,7,6,9,4146.9,4066.2,2850.0,async,671.477,
1789747252.0258052,online_model,/api/feed,POST,300,9,5,8,1298.8,3707.0,2782.2,async,1024.768,
1789747252.0301085,online_model,/api/report/generate,POST,350,9,6,8,3688.5,4910.3,2300.7,process,255.636,
1789747252.034029,online_model,/api/user/profile,POST,200,9,6,8,3386.2,3905.0,2014.1,process,91.984,
1789747252.0462055,online_model,/api/search,POST,250,9,6,8,4201.0,4739.4,2597.6,process,243.328,
1789747252.0573885,online_model,/api/user/profile,POST,200,9,6,8,4689.5,3774.7,2166.2,process,93.551,
1789747252.0835767,online_model,/api/auth/verify,POST,150,8,6,9,3882.5,4615.3,2908.4,sync,260.066,
1789747252.0845327,online_model,/api/auth/verify,POST,150,8,6,9,4044.5,4798.7,2821.2,sync,291.669,
1789747252.0901296,online_model,/api/auth/verify,POST,150,8,6,9,4071.1,4591.9,2873.3,sync,262.672,
1789747252.091538,online_model,/api/search,POST,250,7,6,10,4019.2,4952.6,2640.7,sync,564.163,
1789747252.1145277,online_model,/api/feed,POST,300,7,6,9,3617.2,4803.2,2828.1,sync,322.308,
1789747252.1286254,online_model,/api/search,POST,250,8,6,8,3319.0,3851.9,2067.2,process,177.548,
1789747252.1574705,online_model,/api/user/profile,POST,200,9,6,7,4066.3,6723.2,2461.9,process,124.367,
1789747252.169637,online_model,/api/feed,POST,300,9,6,8,4458.6,3601.5,2427.1,process,176.844,
1789747252.1762042,online_model,/api/search,POST,250,7,6,9,2852.5,5682.3,2991.2,sync,598.54,
1789747252.1834643,online_model,/api/auth/verify,POST,150,8,5,8,3550.2,6108.3,2752.4,async,154.741,
1789747252.1857061,online_model,/api/user/profile,POST,200,9,6,7,4038.5,6702.4,2528.7,process,149.292,
1789747252.2084308,online_model,/api/report/generate,POST,350,9,6,8,4577.3,3690.5,2211.8,process,230.721,
1789747252.2888532,online_model,/api/image/thumbnail,POST,400,9,6,8,4332.6,3507.0,2595.1,process,280.533,
1789747252.3210845,online_model,/api/auth/verify,POST,150,9,6,7,3954.6,6628.4,2582.0,process,272.314,
1789747252.3317602,online_model,/api/feed,POST,300,7,6,8,3717.9,6391.7,3050.8,process,243.48,
1789747252.3328023,online_model,/api/auth/verify,POST,150,9,6,7,3889.4,6563.2,2771.3,process,273.125,
1789747252.349778,online_model,/api/user/profile,POST,200,9,6,7,4603.9,5886.8,2561.0,process,177.226,
1789747252.3614762,online_model,/api/user/profile,POST,200,8,6,7,3545.7,5939.8,2523.4,process,148.983,
1789747252.3927433,online_model,/api/user/profile,POST,200,8,6,7,2984.2,5266.0,1871.5,process,68.107,
1789747252.401609,online_model,/api/search,POST,250,9,5,9,4425.9,4262.7,3161.8,async,773.654,
1789747252.4043365,online_model,/api/feed,POST,300,8,3,8,3562.4,4169.7,2766.4,async,377.356,
1789747252.4051082,online_model,/api/user/profile,POST,200,8,4,8,3559.2,5342.2,2762.7,async,377.672,
1789747252.406006,online_model,/api/search,POST,250,8,2,8,3565.0,2646.4,2769.3,async,379.394,
1789747252.4070656,online_model,/api/search,POST,250,7,4,8,3479.2,2018.8,2799.7,async,384.248,
1789747252.4294846,online_model,/api/user/profile,POST,200,8,5,8,3704.2,5318.0,3007.5,async,242.684,
1789747252.44727,online_model,/api/user/profile,POST,200,8,5,8,2577.8,5748.4,2425.2,async,34.355,
1789747252.4497516,online_model,/api/search,POST,250,8,6,8,3762.5,5848.3,2837.7,process,271.013,
1789747252.463858,online_model,/api/report/generate,POST,350,8,6,8,4687.9,6130.4,2900.4,process,332.02,
1789747252.4689043,online_model,/api/search,POST,250,8,6,7,3147.1,5461.5,1942.7,process,176.876,
1789747252.4963024,online_model,/api/user/profile,POST,200,8,6,7,2783.9,5025.7,2414.3,process,131.648,
1789747252.5160468,online_model,/api/feed,POST,300,8,6,6,2930.3,5201.3,1644.9,process,180.683,
1789747252.5213854,online_model,/api/image/thumbnail,POST,400,8,6,8,3547.8,6744.7,2749.7,sync,491.736,
1789747252.52502,online_model,/api/search,POST,250,8,4,8,2579.3,4226.0,2428.4,async,112.496,
1789747252.5274854,online_model,/api/user/profile,POST,200,8,6,7,2645.6,4835.6,2232.5,process,130.707,
1789747252.5287552,online_model,/api/auth/verify,POST,150,8,6,8,4484.9,5959.5,2961.0,sync,368.458,
1789747252.5452437,online_model,/api/user/profile,POST,200,8,5,7,2424.9,6205.0,1970.4,process,93.62,
1789747252.5506802,online_model,/api/image/thumbnail,POST,400,6,6,9,2971.7,6363.0,3490.4,sync,457.68,
1789747252.5555494,online_model,/api/user/profile,POST,200,9,6,6,2556.7,7261.2,1718.4,process,84.17,
1789747252.5569715,online_model,/api/user/profile,POST,200,7,6,9,3512.5,6357.8,3482.6,sync,463.143,
1789747252.5592713,online_model,/api/search,POST,250,8,6,7,2925.9,5196.0,2121.4,process,223.104,
1789747252.5615704,online_model,/api/user/profile,POST,200,7,6,9,3713.1,6386.9,3526.4,sync,472.612,
1789747252.56328,online_model,/api/user/profile,POST,200,7,5,8,3477.3,3541.6,2797.1,sync,539.908,
1789747252.576048,online_model,/api/search,POST,250,8,6,7,2845.3,5099.3,2266.3,process,223.637,
1789747252.5838788,online_model,/api/user/profile,POST,200,9,6,6,2319.4,6976.6,1729.4,process,64.915,
1789747252.5946434,online_model,/api/user/profile,POST,200,5,5,8,3450.3,5337.9,3250.0,sync,31.727,
1789747252.6803336,online_model,/api/search,POST,250,8,6,7,2241.1,6945.7,2021.4,process,156.19,
1789747252.7013428,online_model,/api/search,POST,250,7,5,7,3488.1,5385.2,2304.9,process,147.71,
1789747252.73652,online_model,/api/search,POST,250,6,5,8,3973.3,5319.4,3220.5,sync,169.936,
1789747252.7584343,online_model,/api/auth/verify,POST,150,9,6,6,2419.5,7096.6,1660.5,process,259.633,
1789747252.766735,online_model,/api/report/generate,POST,350,7,5,7,2216.1,5501.2,2199.0,process,236.518,
1789747252.788404,online_model,/api/user/profile,POST,200,7,5,7,5278.8,5258.2,2927.2,process,209.508,
1789747252.799605,online_model,/api/report/generate,POST,350,8,1,8,2596.6,551.2,2462.9,async,391.387,
1789747252.8007748,online_model,/api/report/generate,POST,350,8,3,8,2580.3,2972.0,2430.4,async,388.502,
1789747252.802081,online_model,/api/feed,POST,300,8,5,8,2498.6,5875.6,2267.0,async,369.376,
1789747252.8028064,online_model,/api/feed,POST,300,8,2,8,2582.1,1799.0,2433.9,async,390.963,
1789747252.8034892,online_model,/api/feed,POST,300,8,5,8,2418.2,6196.6,2284.9,async,350.677,
1789747252.8051443,online_model,/api/feed,POST,300,6,5,7,3468.4,5360.5,2446.6,process,246.751,
1789747252.8175015,online_model,/api/user/profile,POST,200,6,5,7,4556.0,4735.8,2328.5,process,134.094,
1789747252.8223689,online_model,/api/feed,POST,300,5,5,8,3553.6,5329.1,3235.9,sync,257.633,
1789747252.8292508,online_model,/api/auth/verify,POST,150,8,6,7,2362.7,7287.7,1991.7,sync,362.199,
1789747252.830822,online_model,/api/report/generate,POST,350,7,6,9,3328.3,6214.8,3268.1,sync,712.87,
1789747252.831876,online_model,/api/report/generate,POST,350,8,6,9,3308.6,3843.1,2476.0,sync,879.495,
1789747252.8330178,online_model,/api/user/profile,POST,200,6,5,7,4451.5,4631.3,2218.0,process,128.45,
1789747252.8335736,online_model,/api/report/generate,POST,350,7,5,8,2206.5,5489.2,2697.3,sync,300.766,
1789747252.8389328,online_model,/api/user/profile,POST,200,6,1,8,2946.1,1254.7,2275.0,async,34.356,
1789747252.843989,online_model,/api/user/profile,POST,200,7,4,7,3030.0,4309.7,2001.3,async,34.035,
1789747252.8446863,online_model,/api/user/profile,POST,200,6,3,7,2928.0,3544.1,2013.5,async,36.481,
1789747252.8465836,online_model,/api/user/profile,POST,200,6,5,7,3161.2,4343.0,1839.8,process,84.633,
1789747252.8616536,online_model,/api/user/profile,POST,200,6,4,7,2926.1,4315.2,2010.8,sync,52.779,
1789747252.8641088,online_model,/api/user/profile,POST,200,2,5,7,207.2,4959.7,2181.6,sync,29.621,
1789747252.8704684,online_model,/api/user/profile,POST,200,3,5,7,313.1,4949.7,2167.6,sync,33.666,
1789747252.8761764,online_model,/api/search,POST,250,6,5,7,5073.1,5167.0,2859.4,process,279.136,
1789747252.877322,online_model,/api/user/profile,POST,200,6,5,7,3016.2,4198.0,2059.0,process,86.228,
1789747252.899541,online_model,/api/user/profile,POST,200,3,3,7,361.6,4167.5,2269.3,sync,34.015,
1789747252.9016945,online_model,/api/user/profile,POST,200,4,3,7,464.4,4160.5,2253.0,sync,33.546,
1789747252.9058266,online_model,/api/user/profile,POST,200,7,5,6,2967.1,5029.9,1737.4,process,85.012,
1789747252.9266515,online_model,/api/search,POST,250,6,2,7,2929.7,2020.7,2015.9,async,118.791,
1789747252.9425046,online_model,/api/user/profile,POST,200,3,3,5,584.4,4033.3,1815.1,sync,32.047,
1789747252.9598765,online_model,/api/image/thumbnail,POST,400,6,5,7,3460.3,5350.3,2715.3,process,399.515,
1789747252.980358,online_model,/api/user/profile,POST,200,4,2,5,889.7,2538.3,1633.5,sync,33.596,
1789747252.9908302,online_model,/api/search,POST,250,6,5,7,2769.8,5007.7,2034.2,process,165.617,
1789747252.9925716,online_model,/api/auth/verify,POST,150,5,5,8,3056.6,4454.7,2263.6,sync,252.675,
1789747253.002816,online_model,/api/feed,POST,300,4,3,7,468.1,4139.8,2204.6,sync,127.924,
1789747253.004668,online_model,/api/auth/verify,POST,150,4,5,7,421.8,4945.5,2161.8,sync,167.135,
1789747253.0134356,online_model,/api/report/generate,POST,350,6,5,7,3123.8,4305.6,1829.5,process,244.018,
1789747253.0179806,online_model,/api/user/profile,POST,200,4,2,4,762.8,2459.8,1308.1,sync,31.474,
1789747253.0288873,online_model,/api/user/profile,POST,200,4,2,3,834.5,2439.3,1016.2,sync,32.739,
1789747253.0384383,online_model,/api/user/profile,POST,200,3,2,5,543.9,2415.6,1872.8,sync,30.334,
1789747253.049783,online_model,/api/user/profile,POST,200,4,2,4,620.6,2397.8,1558.3,sync,32.819,
1789747253.0512042,online_model,/api/user/profile,POST,200,4,2,4,633.7,2389.2,1541.0,sync,30.016,
1789747253.0566845,online_model,/api/feed,POST,300,4,2,5,619.0,2572.1,1718.0,sync,126.87,
1789747253.0656474,online_model,/api/search,POST,250,3,3,5,605.9,4054.7,1674.6,process,162.494,
1789747253.0703845,online_model,/api/user/profile,POST,200,3,2,4,499.9,2349.3,1461.2,sync,29.202,
1789747253.1045265,online_model,/api/search,POST,250,5,2,3,942.5,2437.7,1013.7,process,107.64,
1789747253.11294,online_model,/api/search,POST,250,5,2,7,587.8,2696.9,2394.9,async,265.652,
1789747253.113746,online_model,/api/report/generate,POST,350,6,0,8,2947.9,0.0,2277.8,async,309.521,
1789747253.1335557,online_model,/api/image/thumbnail,POST,400,5,5,7,635.0,4942.8,2157.9,process,295.513,
1789747253.136775,online_model,/api/feed,POST,300,3,2,4,547.8,2418.2,1396.6,process,129.951,
1789747253.1373954,online_model,/api/user/profile,POST,200,1,2,2,383.7,2216.8,667.3,sync,29.972,
1789747253.1479173,online_model,/api/user/profile,POST,200,2,0,2,475.6,0.0,647.1,sync,30.471,
1789747253.1860101,online_model,/api/feed,POST,300,1,2,4,93.5,2311.9,1386.5,sync,126.016,
1789747253.21786,online_model,/api/search,POST,250,3,0,2,585.9,0.0,645.9,async,99.877,
1789747253.2693484,online_model,/api/auth/verify,POST,150,3,1,1,532.6,1506.8,353.6,process,133.511,
1789747253.2740314,online_model,/api/auth/verify,POST,150,2,1,1,441.2,1503.0,504.3,sync,134.375,
1789747253.2751737,online_model,/api/feed,POST,300,2,2,1,546.3,3007.1,493.9,process,125.068,
1789747253.2803304,online_model,/api/search,POST,250,3,1,1,655.4,1502.4,503.8,async,140.211,
1789747253.3073514,online_model,/api/user/profile,POST,200,0,1,2,0.0,1387.1,877.2,sync,29.644,
1789747253.3117108,online_model,/api/user/profile,POST,200,1,0,2,107.0,0.0,867.1,sync,28.976,
1789747253.320148,online_model,/api/search,POST,250,1,1,2,134.8,1444.1,835.3,process,99.418,
1789747253.3537703,online_model,/api/user/profile,POST,200,1,1,1,203.2,1516.1,467.3,sync,30.952,
1789747253.4161777,online_model,/api/search,POST,250,1,0,2,211.8,0.0,804.2,async,101.998,
1789747253.427726,online_model,/api/report/generate,POST,350,1,1,2,83.1,1392.3,730.2,process,155.17,
1789747253.4417307,online_model,/api/auth/verify,POST,150,1,0,2,84.7,0.0,812.3,sync,131.65,
1789747253.4812891,online_model,/api/feed,POST,300,1,1,1,169.6,1482.5,433.6,process,124.911,
1789747253.5320456,online_model,/api/search,POST,250,1,0,1,95.5,0.0,408.5,async,101.549,
1789747253.578385,online_model,/api/search,POST,250,0,1,0,0.0,1470.7,0.0,process,93.842,
1789747253.6677692,online_model,/api/user/profile,POST,200,1,0,3,214.3,0.0,1382.9,sync,46.344,
1789747253.6922092,online_model,/api/user/profile,POST,200,3,1,4,753.3,772.0,1860.7,sync,69.348,
1789747253.6931455,online_model,/api/user/profile,POST,200,6,4,6,2355.3,3700.2,2821.7,sync,67.439,
1789747253.6977453,online_model,/api/user/profile,POST,200,4,3,6,858.0,2931.0,2828.0,sync,73.04,
1789747253.700229,online_model,/api/user/profile,POST,200,7,7,9,2482.7,6517.5,3754.7,sync,30.177,
1789747253.7551394,online_model,/api/feed,POST,300,0,0,0,0.0,0.0,0.0,process,136.155,
1789747253.7720685,online_model,/api/auth/verify,POST,150,4,2,5,861.0,2294.6,2410.5,async,148.159,
1789747253.7803018,online_model,/api/auth/verify,POST,150,0,0,1,0.0,0.0,481.8,sync,160.343,
1789747253.7860448,online_model,/api/search,POST,250,5,3,6,967.9,2929.7,2825.4,sync,160.956,
1789747253.8343222,online_model,/api/user/profile,POST,200,3,0,3,755.3,0.0,1380.6,async,212.274,
1789747253.8351312,online_model,/api/search,POST,250,4,1,4,863.6,771.5,1859.0,async,212.024,
1789747253.835724,online_model,/api/user/profile,POST,200,7,4,7,2462.1,3697.3,3299.4,async,209.438,
1789747253.8390696,online_model,/api/feed,POST,300,7,7,9,2741.3,6341.4,3528.2,sync,144.045,
1789747253.8425372,online_model,/api/feed,POST,300,7,5,7,2460.8,4468.9,3298.1,sync,215.93,
1789747253.8430643,online_model,/api/feed,POST,300,6,7,9,2316.0,6347.1,3535.6,sync,148.853,
1789747253.8435616,online_model,/api/feed,POST,300,2,0,3,325.5,0.0,1381.8,sync,221.754,
1789747253.8445997,online_model,/api/search,POST,250,7,7,9,3431.0,6293.0,3466.0,sync,142.614,
1789747253.845205,online_model,/api/feed,POST,300,7,7,9,3096.9,6307.7,3484.9,sync,145.326,
1789747253.8610988,online_model,/api/user/profile,POST,200,6,3,6,2356.6,2928.5,2823.1,async,235.771,
1789747253.8694375,online_model,/api/user/profile,POST,200,8,5,9,5284.0,4909.9,2415.2,async,29.799,
1789747253.8785102,online_model,/api/feed,POST,300,1,0,1,215.1,0.0,480.9,process,257.886,
1789747253.925442,online_model,/api/user/profile,POST,200,8,6,9,7885.2,5631.0,2337.9,sync,77.058,
1789747254.0083394,online_model,/api/auth/verify,POST,150,7,6,9,7673.9,5634.3,2343.0,sync,160.496,
1789747254.0120194,online_model,/api/report/generate,POST,350,9,4,9,5578.8,3659.6,2423.8,async,173.334,
1789747254.074921,online_model,/api/feed,POST,300,8,5,7,2888.9,4467.2,3295.6,async,447.955,
1789747254.07578,online_model,/api/user/profile,POST,200,9,5,9,7784.8,5738.7,2125.5,async,203.943,
1789747254.0762906,online_model,/api/search,POST,250,9,5,9,7861.3,5005.8,2202.0,async,212.951,
1789747254.0767438,online_model,/api/feed,POST,300,8,6,9,2878.8,5634.1,4128.8,async,448.516,
1789747254.0771732,online_model,/api/feed,POST,300,9,3,9,5582.2,2486.9,2427.2,async,238.871,
1789747254.082988,online_model,/api/search,POST,250,8,6,9,4525.2,5244.7,2924.7,sync,299.559,
1789747254.1007373,online_model,/api/image/thumbnail,POST,400,4,2,4,862.8,2295.5,1858.2,process,477.245,
1789747254.1701043,online_model,/api/user/profile,POST,200,8,6,9,6881.1,5678.6,1208.7,sync,159.078,
1789747254.2060745,online_model,/api/search,POST,250,8,6,7,2885.9,5639.4,3293.0,process,578.732,
1789747254.2956111,online_model,/api/image/thumbnail,POST,400,9,3,9,6353.5,2651.0,709.2,async,213.911,
1789747254.296872,online_model,/api/user/profile,POST,200,9,5,9,6963.0,4578.7,1178.4,async,282.885,
1789747254.320244,online_model,/api/feed,POST,300,8,6,9,7252.9,6178.7,1958.8,sync,392.608,
1789747254.3240335,online_model,/api/user/profile,POST,200,9,2,9,6355.6,1879.1,710.3,async,242.556,
1789747254.3258336,online_model,/api/search,POST,250,8,6,9,4643.9,5215.0,2880.1,sync,537.562,
1789747254.326275,online_model,/api/feed,POST,300,8,7,8,4374.6,5901.3,2618.9,sync,568.193,
1789747254.327051,online_model,/api/search,POST,250,4,6,9,4391.1,5645.2,2359.3,sync,481.022,
1789747254.327625,online_model,/api/search,POST,250,8,6,9,5273.5,5674.6,2403.4,sync,486.457,
1789747254.3284006,online_model,/api/report/generate,POST,350,5,6,9,5779.2,5641.7,2354.0,sync,481.797,
1789747254.329033,online_model,/api/feed,POST,300,6,6,9,7248.0,5638.7,2349.5,sync,481.924,
1789747254.331524,online_model,/api/feed,POST,300,3,1,3,754.6,772.4,1380.0,process,709.118,
1789747254.3687112,online_model,/api/user/profile,POST,200,3,5,9,1927.4,5766.2,508.3,sync,39.051,
1789747254.3723447,online_model,/api/user/profile,POST,200,4,5,9,2035.9,5761.8,505.6,sync,41.692,
1789747254.3750975,online_model,/api/user/profile,POST,200,8,6,8,3194.1,6408.8,491.3,sync,39.684,
1789747254.3964221,online_model,/api/search,POST,250,9,4,9,6351.4,3322.1,708.0,async,314.477,
1789747254.4329717,online_model,/api/search,POST,250,4,3,5,859.5,2932.0,2408.5,process,808.685,
1789747254.5420601,online_model,/api/search,POST,250,8,6,8,2882.3,5636.6,3711.0,process,914.251,
1789747254.6134953,online_model,/api/image/thumbnail,POST,400,8,5,8,3202.7,5743.2,494.5,async,279.394,
1789747254.6145492,online_model,/api/auth/verify,POST,150,5,5,9,2145.1,5758.9,503.9,sync,283.391,
1789747254.615413,online_model,/api/feed,POST,300,6,5,8,2348.0,5748.2,497.5,sync,282.022,
1789747254.6215925,online_model,/api/report/generate,POST,350,8,6,9,4152.0,6332.0,528.9,sync,298.611,
1789747254.6224012,online_model,/api/feed,POST,300,8,6,9,5222.5,5993.7,685.2,sync,535.557,
1789747254.6230912,online_model,/api/feed,POST,300,8,6,9,3362.5,6174.3,818.1,sync,248.575,
1789747254.6238625,online_model,/api/feed,POST,300,7,5,8,2775.5,5745.6,495.9,sync,290.035,
1789747254.624648,online_model,/api/auth/verify,POST,150,8,6,9,3699.7,6158.6,807.6,sync,247.516,
1789747254.6254487,online_model,/api/feed,POST,300,8,6,9,4929.3,5477.8,640.4,sync,452.58,
1789747254.6433072,online_model,/api/image/thumbnail,POST,400,8,6,9,2914.7,6194.9,831.8,sync,272.096,
1789747254.6511497,online_model,/api/search,POST,250,1,0,2,214.7,0.0,962.5,process,1030.113,
1789747254.6581597,online_model,/api/user/profile,POST,200,7,5,9,1816.7,4298.6,941.0,sync,41.369,
1789747254.6813521,online_model,/api/user/profile,POST,200,8,6,9,3156.3,4876.5,878.6,sync,48.616,
1789747254.6878688,online_model,/api/search,POST,250,9,4,9,4360.6,3780.7,603.0,async,389.926,
1789747254.6895463,online_model,/api/user/profile,POST,200,7,6,9,3051.3,4881.7,881.2,sync,57.659,
1789747254.7070625,online_model,/api/user/profile,POST,200,8,7,8,4150.2,6226.7,795.0,sync,46.333,
1789747254.7719572,online_model,/api/user/profile,POST,200,8,6,8,4093.7,4884.6,704.9,sync,81.248,
1789747254.7782564,online_model,/api/feed,POST,300,7,4,6,2464.6,3698.7,2819.5,process,1152.186,
1789747254.8408074,online_model,/api/auth/verify,POST,150,5,6,9,2411.3,4887.9,884.3,sync,209.97,
1789747254.8526971,online_model,/api/search,POST,250,8,6,9,1909.4,4949.7,925.3,sync,231.533,
1789747254.929158,online_model,/api/feed,POST,300,9,1,9,6358.6,705.5,712.0,async,848.012,
1789747254.9300709,online_model,/api/feed,POST,300,9,5,9,6348.8,4845.0,706.5,async,847.839,
1789747254.930713,online_model,/api/image/thumbnail,POST,400,8,5,9,1916.1,4285.8,930.7,async,311.73,
1789747254.931274,online_model,/api/feed,POST,300,9,5,9,4355.5,5301.4,600.8,async,632.588,
1789747254.9353442,online_model,/api/report/generate,POST,350,9,6,8,4658.3,5298.4,2487.8,process,1160.975,
1789747255.0272048,online_model,/api/feed,POST,300,4,6,9,1984.2,4892.8,887.4,sync,397.04,
1789747255.0284967,online_model,/api/auth/verify,POST,150,8,7,8,3993.9,6065.5,725.9,sync,344.65,
1789747255.0375993,online_model,/api/auth/verify,POST,150,3,6,9,1770.4,4895.5,889.2,sync,408.232,
1789747255.0391917,online_model,/api/feed,POST,300,6,6,9,2624.6,4885.4,883.1,sync,407.97,
1789747255.0401654,online_model,/api/report/generate,POST,350,8,6,9,2871.2,4792.6,836.7,sync,393.031,
1789747255.0582628,online_model,/api/image/thumbnail,POST,400,8,6,9,3971.5,4770.5,958.5,sync,348.421,
1789747255.0776136,online_model,/api/user/profile,POST,200,8,7,8,4225.9,6667.1,121.2,sync,33.761,
1789747255.07846,online_model,/api/user/profile,POST,200,7,7,8,4127.7,6679.3,124.7,sync,36.455,
1789747255.1471105,online_model,/api/search,POST,250,8,6,9,3901.2,4377.3,696.4,sync,371.427,
1789747255.1522636,online_model,/api/image/thumbnail,POST,400,9,6,8,7705.7,6458.6,1824.1,process,1271.363,
1789747255.1807132,online_model,/api/user/profile,POST,200,9,6,8,5503.6,5893.7,527.2,process,1077.073,
1789747255.199351,online_model,/api/feed,POST,300,8,6,9,4675.4,3967.8,714.0,sync,355.623,
1789747255.2043972,online_model,/api/feed,POST,300,8,7,8,4448.6,6754.0,146.0,sync,172.547,
1789747255.2053196,online_model,/api/search,POST,250,8,7,8,3989.4,6548.4,87.3,sync,144.568,
1789747255.210052,online_model,/api/feed,POST,300,6,7,8,3702.9,6685.6,126.5,sync,168.859,
1789747255.2111237,online_model,/api/feed,POST,300,8,6,9,3853.5,3897.1,666.8,sync,355.742,
1789747255.253807,online_model,/api/user/profile,POST,200,7,7,8,5049.3,6405.7,46.5,sync,172.68,
1789747255.2580009,online_model,/api/report/generate,POST,350,7,7,8,2986.2,6763.6,148.7,sync,227.96,
1789747255.2817006,online_model,/api/search,POST,250,9,6,8,5055.9,5261.6,532.4,process,1072.801,
1789747255.2946854,online_model,/api/image/thumbnail,POST,400,9,2,8,3672.4,1878.9,419.9,async,358.514,
1789747255.2956276,online_model,/api/auth/verify,POST,150,9,4,8,3667.6,4073.0,417.8,async,358.782,
1789747255.3222644,online_model,/api/search,POST,250,8,7,8,3957.4,5924.5,0.0,sync,172.368,
1789747255.334467,online_model,/api/feed,POST,300,8,7,8,5156.2,6401.1,45.2,sync,252.743,
1789747255.3453643,online_model,/api/auth/verify,POST,150,8,8,7,4814.9,7036.2,308.8,sync,143.245,
1789747255.3630075,online_model,/api/search,POST,250,9,6,8,4283.5,4752.6,816.7,async,709.489,
1789747255.3643105,online_model,/api/feed,POST,300,9,5,9,3716.2,4818.3,719.0,async,965.273,
1789747255.3988545,online_model,/api/user/profile,POST,200,8,8,7,5351.8,6931.3,295.7,sync,183.724,
1789747255.4048343,online_model,/api/feed,POST,300,9,6,8,3300.7,6405.1,489.4,process,1068.809,
1789747255.4198425,online_model,/api/user/profile,POST,200,8,6,9,6020.2,5383.9,1331.5,sync,72.234,
1789747255.490958,online_model,/api/auth/verify,POST,150,8,6,9,5961.6,5449.1,1375.0,sync,154.18,
1789747255.5063217,online_model,/api/search,POST,250,9,6,8,3377.6,5766.9,575.4,process,1069.22,
1789747255.5142932,online_model,/api/auth/verify,POST,150,9,4,9,5985.8,4253.7,1258.2,async,148.743,
1789747255.56482,online_model,/api/user/profile,POST,200,8,6,9,6599.6,5302.0,1169.6,sync,71.395,
1789747255.616315,online_model,/api/search,POST,250,8,8,7,5245.4,6567.0,250.2,sync,355.57,
1789747255.711965,online_model,/api/feed,POST,300,7,8,7,4926.0,6937.3,296.5,sync,497.528,
1789747255.7138126,online_model,/api/search,POST,250,9,3,8,3669.6,2549.8,418.6,async,777.245,
1789747255.7146103,online_model,/api/search,POST,250,9,6,8,3647.4,5868.8,409.1,async,774.559,
1789747255.7152724,online_model,/api/search,POST,250,9,7,7,5306.5,5891.8,0.0,async,560.738,
1789747255.7158818,online_model,/api/feed,POST,300,9,5,8,3665.2,4709.7,416.8,async,778.692,
1789747255.724164,online_model,/api/image/thumbnail,POST,400,9,6,8,2433.3,5119.4,673.7,process,1179.198,
1789747255.749977,online_model,/api/user/profile,POST,200,9,6,8,4188.6,4873.2,699.2,process,1057.325,
1789747255.7777965,online_model,/api/user/profile,POST,200,9,6,8,5239.4,4341.7,672.7,process,996.4,
1789747255.8060896,online_model,/api/user/profile,POST,200,9,8,6,5049.8,7188.2,0.0,process,622.957,
1789747255.8763838,online_model,/api/search,POST,250,8,6,9,5902.8,5725.5,1522.5,sync,453.407,
1789747255.8820767,online_model,/api/feed,POST,300,8,6,9,5701.6,5854.2,1116.1,sync,480.674,
1789747255.8835113,online_model,/api/feed,POST,300,8,8,7,4867.3,6979.8,301.8,sync,674.316,
1789747255.8856578,online_model,/api/search,POST,250,7,8,7,3490.7,6997.0,303.9,sync,678.296,
1789747255.8862748,online_model,/api/search,POST,250,8,8,7,5133.5,6600.9,254.4,sync,629.723,
1789747255.8874867,online_model,/api/auth/verify,POST,150,8,6,9,6004.7,5622.8,1123.6,sync,319.616,
1789747255.888274,online_model,/api/search,POST,250,8,6,9,4844.2,5520.4,1422.5,sync,563.516,
1789747255.9164984,online_model,/api/user/profile,POST,200,9,7,7,6274.7,7153.3,682.5,sync,136.175,
1789747255.9286535,online_model,/api/feed,POST,300,9,8,6,6422.8,6377.0,226.4,process,644.051,
1789747255.9311552,online_model,/api/image/thumbnail,POST,400,8,2,9,5384.6,1878.4,468.0,async,214.504,
1789747255.9570045,online_model,/api/user/profile,POST,200,9,6,7,6294.2,5676.2,680.6,process,658.233,
1789747256.006949,online_model,/api/user/profile,POST,200,7,9,6,4265.3,9331.5,367.4,sync,115.812,
1789747256.0176246,online_model,/api/user/profile,POST,200,5,9,6,3946.0,9343.4,370.0,sync,127.714,
1789747256.019354,online_model,/api/search,POST,250,8,6,9,4725.3,5314.3,866.5,sync,400.114,
1789747256.0529964,online_model,/api/feed,POST,300,9,5,9,5978.6,4887.7,1254.6,async,686.548,
1789747256.054283,online_model,/api/report/generate,POST,350,9,5,9,6506.7,4677.2,1381.5,async,538.392,
1789747256.0818133,online_model,/api/user/profile,POST,200,8,5,9,5348.8,5232.8,447.6,async,360.052,
1789747256.1205084,online_model,/api/report/generate,POST,350,9,6,8,6288.7,5672.5,1006.5,process,821.182,
1789747256.1424167,online_model,/api/auth/verify,POST,150,6,9,6,4053.8,9337.0,368.6,sync,251.889,
1789747256.1439688,online_model,/api/auth/verify,POST,150,6,9,6,4572.3,9367.4,375.4,sync,256.855,
1789747256.1445444,online_model,/api/auth/verify,POST,150,8,9,6,5546.4,9082.5,316.0,sync,225.62,
1789747256.2142696,online_model,/api/search,POST,250,7,9,6,4669.0,9388.0,379.9,sync,329.392,
1789747256.2155373,online_model,/api/search,POST,250,8,6,9,5347.0,6003.9,446.5,sync,493.223,
1789747256.21638,online_model,/api/search,POST,250,8,9,6,4373.6,9327.2,366.5,sync,324.819,
1789747256.223067,online_model,/api/search,POST,250,8,3,9,5353.5,2537.0,450.2,async,501.952,
1789747256.2240193,online_model,/api/search,POST,250,9,8,6,4704.0,7915.7,391.6,async,344.806,
1789747256.2529356,online_model,/api/user/profile,POST,200,8,9,6,4946.9,9345.3,911.7,sync,241.289,
1789747256.258705,online_model,/api/user/profile,POST,200,8,9,6,4083.9,9232.8,874.2,sync,234.664,
1789747256.261269,online_model,/api/user/profile,POST,200,7,9,6,3980.0,9242.2,877.3,sync,238.187,
1789747256.2651339,online_model,/api/auth/verify,POST,150,9,6,8,6083.5,5821.4,1094.2,process,858.37,
1789747256.2773771,online_model,/api/user/profile,POST,200,7,8,6,3604.9,9357.2,750.4,sync,131.727,
1789747256.2786582,online_model,/api/user/profile,POST,200,7,9,7,1948.5,9438.5,892.8,sync,57.791,
1789747256.2923398,online_model,/api/user/profile,POST,200,9,6,8,6572.0,5208.8,1091.9,process,783.357,
1789747256.3307798,online_model,/api/user/profile,POST,200,9,7,7,5082.2,6939.3,712.7,sync,70.099,
1789747256.3417907,online_model,/api/user/profile,POST,200,8,8,6,5401.4,8316.3,653.6,sync,61.82,
1789747256.3671865,online_model,/api/auth/verify,POST,150,8,8,6,3704.9,9337.9,740.7,sync,218.967,
1789747256.3704746,online_model,/api/user/profile,POST,200,8,9,6,4992.1,8621.8,767.9,sync,36.895,
1789747256.373939,online_model,/api/user/profile,POST,200,8,9,6,4960.5,8526.0,725.3,sync,29.736,
1789747256.418805,online_model,/api/feed,POST,300,9,7,7,3654.4,8635.7,996.5,sync,334.647,
1789747256.4342563,online_model,/api/auth/verify,POST,150,9,6,8,6703.2,5977.6,429.0,process,707.585,
1789747256.4359732,online_model,/api/feed,POST,300,9,7,7,3488.5,7165.6,848.5,sync,207.559,
1789747256.4881163,online_model,/api/search,POST,250,9,7,6,3885.5,7726.9,770.6,async,429.612,
1789747256.4890578,online_model,/api/search,POST,250,9,6,8,6496.3,5822.4,807.9,async,736.461,
1789747256.4896421,online_model,/api/search,POST,250,9,8,6,5391.7,8283.0,1065.8,async,529.517,
1789747256.4903517,online_model,/api/search,POST,250,10,7,6,6155.1,6953.5,568.3,async,681.506,
1789747256.4910095,online_model,/api/feed,POST,300,8,4,9,5350.9,4060.0,448.8,async,769.551,
1789747256.5247629,online_model,/api/search,POST,250,9,7,7,3731.3,6977.2,734.3,sync,269.471,
1789747256.5935438,online_model,/api/report/generate,POST,350,9,8,5,5643.2,8506.6,302.7,process,661.704,
1789747256.6217327,online_model,/api/user/profile,POST,200,9,8,6,5626.5,8491.7,816.3,process,687.707,
1789747256.650002,online_model,/api/user/profile,POST,200,9,8,6,3878.5,9245.3,768.3,process,590.745,
1789747256.698955,online_model,/api/image/thumbnail,POST,400,7,8,7,1952.2,8774.4,897.5,async,480.144,
1789747256.7462814,online_model,/api/report/generate,POST,350,6,8,7,484.9,8783.3,903.1,sync,528.933,
1789747256.7860942,online_model,/api/auth/verify,POST,150,9,8,6,3915.7,9331.0,737.3,process,637.171,
1789747256.8046157,online_model,/api/feed,POST,300,9,7,7,5172.8,6920.5,703.5,sync,541.285,
1789747256.8056486,online_model,/api/search,POST,250,8,9,6,4849.3,8297.2,623.6,sync,436.031,
1789747256.8061988,online_model,/api/report/generate,POST,350,8,7,7,2023.2,7173.4,854.1,sync,578.865,
1789747256.8141897,online_model,/api/user/profile,POST,200,9,8,6,5506.2,8309.8,651.2,process,533.488,
1789747256.8350573,online_model,/api/image/thumbnail,POST,400,8,9,6,6141.1,8270.9,611.9,sync,462.575,
1789747256.8380785,online_model,/api/user/profile,POST,200,8,9,6,6240.0,7674.4,879.2,sync,399.281,
1789747256.8429334,online_model,/api/user/profile,POST,200,8,8,6,2236.4,6967.5,1116.7,sync,93.915,
1789747256.843903,online_model,/api/auth/verify,POST,150,9,7,6,3872.0,5993.2,1199.1,async,219.878,
1789747256.8458314,online_model,/api/feed,POST,300,10,7,6,3731.2,8361.6,839.9,async,722.473,
1789747256.8521626,online_model,/api/user/profile,POST,200,9,7,7,5825.8,6872.1,1205.2,sync,353.795,
1789747256.857912,online_model,/api/user/profile,POST,200,8,9,6,6576.7,8240.0,598.2,sync,481.996,
1789747256.861783,online_model,/api/user/profile,POST,200,7,8,6,1595.4,6486.7,1184.1,sync,52.748,
1789747256.865155,online_model,/api/user/profile,POST,200,8,8,6,1704.6,6482.2,1181.3,sync,55.644,
1789747256.9374256,online_model,/api/feed,POST,300,8,9,5,6253.7,7689.8,403.7,process,500.619,
1789747256.947826,online_model,/api/user/profile,POST,200,7,9,6,4133.5,7711.1,1356.9,sync,80.088,
1789747256.9487329,online_model,/api/search,POST,250,6,8,6,211.9,6502.2,1193.8,sync,141.615,
1789747256.9850645,online_model,/api/auth/verify,POST,150,9,6,6,2567.3,5318.0,1482.5,async,138.396,
1789747257.007089,online_model,/api/search,POST,250,8,8,6,2517.5,7155.5,1438.8,sync,153.092,
1789747257.0113752,online_model,/api/feed,POST,300,8,9,6,6184.2,7829.1,450.1,sync,589.689,
1789747257.0120652,online_model,/api/auth/verify,POST,150,8,7,6,2362.7,5780.4,1492.1,sync,166.982,
1789747257.0127916,online_model,/api/feed,POST,300,8,8,6,1981.8,6237.2,1521.5,sync,172.581,
1789747257.0138786,online_model,/api/feed,POST,300,8,8,6,1568.9,6261.4,1539.6,sync,176.62,
1789747257.0147018,online_model,/api/feed,POST,300,7,9,6,3781.0,7743.0,1378.2,sync,150.384,
1789747257.0448217,online_model,/api/user/profile,POST,200,7,9,6,2596.2,6951.9,1199.9,sync,92.853,
1789747257.0463989,online_model,/api/user/profile,POST,200,8,8,6,1476.4,5955.2,852.3,sync,36.318,
1789747257.105861,online_model,/api/report/generate,POST,350,9,5,6,5841.9,3835.0,695.7,process,609.486,
1789747257.160165,online_model,/api/feed,POST,300,8,8,6,2459.6,6134.4,986.8,sync,172.474,
1789747257.2071235,online_model,/api/image/thumbnail,POST,400,8,8,6,3866.2,7106.9,1402.3,async,347.002,
1789747257.2177322,online_model,/api/auth/verify,POST,150,6,9,6,2384.8,6958.6,1204.3,sync,266.441,
1789747257.22015,online_model,/api/search,POST,250,5,8,6,2095.3,5900.0,813.9,sync,203.373,
1789747257.2208326,online_model,/api/search,POST,250,4,8,6,707.5,5905.4,817.3,sync,204.715,
1789747257.2216246,online_model,/api/feed,POST,300,7,8,6,3908.5,5888.9,807.0,sync,203.457,
1789747257.2221882,online_model,/api/feed,POST,300,6,8,6,4003.5,5640.6,651.8,sync,172.881,
1789747257.2232146,online_model,/api/feed,POST,300,6,8,6,3481.6,5893.7,810.0,sync,205.65,
1789747257.243221,online_model,/api/auth/verify,POST,150,9,7,6,4051.7,6186.5,813.4,process,646.745,
1789747257.2797542,online_model,/api/user/profile,POST,200,3,7,6,1759.1,4096.1,559.1,sync,56.922,
1789747257.3479006,online_model,/api/search,POST,250,9,8,5,3697.5,6399.4,1082.8,process,695.12,
1789747257.362836,online_model,/api/search,POST,250,6,8,6,3383.7,4827.2,739.8,sync,199.963,
1789747257.3638911,online_model,/api/auth/verify,POST,150,7,7,6,4489.2,4176.3,599.2,sync,154.086,
1789747257.3769538,online_model,/api/user/profile,POST,200,9,8,5,2146.5,6644.2,955.0,process,587.858,
1789747257.4733167,online_model,/api/search,POST,250,9,7,6,3413.4,5821.5,1306.1,async,771.616,
1789747257.4741476,online_model,/api/search,POST,250,9,5,7,5836.7,3831.7,1210.6,async,977.127,
1789747257.4747324,online_model,/api/search,POST,250,9,6,7,5831.8,5352.7,1208.1,async,977.118,
1789747257.4753857,online_model,/api/user/profile,POST,200,9,4,6,5849.2,3066.6,698.5,async,979.852,
1789747257.4764357,online_model,/api/user/profile,POST,200,9,8,6,5382.2,8199.6,923.8,async,1181.7,
1789747257.476986,online_model,/api/search,POST,250,10,7,6,5568.5,6893.0,691.7,async,1209.708,
1789747257.4882789,online_model,/api/feed,POST,300,6,7,6,3865.1,4076.2,549.1,sync,261.914,
1789747257.489661,online_model,/api/auth/verify,POST,150,5,7,6,3653.7,4080.6,551.3,sync,264.056,
1789747257.530687,online_model,/api/image/thumbnail,POST,400,3,7,6,1641.7,4088.7,555.4,sync,306.63,
1789747257.5330896,online_model,/api/report/generate,POST,350,9,8,5,1776.4,6428.6,1147.8,process,717.057,
1789747257.5352046,online_model,/api/user/profile,POST,200,6,7,5,3791.3,3335.7,694.2,sync,169.116,
1789747257.5576317,online_model,/api/user/profile,POST,200,7,5,5,3123.6,4721.4,773.8,sync,73.15,
1789747257.5605159,online_model,/api/user/profile,POST,200,8,9,5,3732.4,7051.2,938.5,process,619.794,
1789747257.6190703,online_model,/api/user/profile,POST,200,6,7,5,5535.1,6050.7,1008.4,sync,59.268,
1789747257.6225576,online_model,/api/auth/verify,POST,150,7,2,5,3136.4,2146.0,781.4,async,140.809,
1789747257.7240915,online_model,/api/report/generate,POST,350,7,8,5,4018.5,5206.1,392.7,process,615.245,
1789747257.7309806,online_model,/api/feed,POST,300,6,6,5,3028.8,5855.6,753.4,sync,239.636,
1789747257.79358,online_model,/api/search,POST,250,7,7,5,3758.8,3405.3,722.0,sync,441.174,
1789747257.7945728,online_model,/api/feed,POST,300,7,7,5,4152.7,3953.3,487.7,sync,547.595,
1789747257.8444638,online_model,/api/image/thumbnail,POST,400,7,6,5,3452.2,5847.9,749.6,async,351.812,
1789747257.8815863,online_model,/api/report/generate,POST,350,7,7,5,4247.5,3754.4,395.1,process,598.991,
1789747257.8877792,online_model,/api/user/profile,POST,200,7,6,5,5358.2,5100.3,1013.8,sync,263.132,
1789747257.8896775,online_model,/api/search,POST,250,6,7,4,4344.8,6214.7,618.6,sync,353.457,
1789747257.8922853,online_model,/api/auth/verify,POST,150,6,7,5,5164.2,5618.0,1029.5,sync,270.744,
1789747257.8932652,online_model,/api/report/generate,POST,350,4,7,6,2187.0,4086.8,554.4,sync,668.674,
1789747257.8941047,online_model,/api/search,POST,250,6,7,4,2966.0,6229.1,624.8,sync,359.855,
1789747257.9849813,online_model,/api/search,POST,250,7,7,4,3809.3,3268.5,667.3,process,605.687,
1789747258.0191562,online_model,/api/search,POST,250,7,1,5,3138.3,622.3,782.5,async,537.767,
1789747258.020177,online_model,/api/report/generate,POST,350,9,7,6,2553.8,5943.1,1470.9,async,1171.528,
1789747258.110258,online_model,/api/feed,POST,300,7,7,4,5727.5,6206.3,615.0,process,573.04,
1789747258.1394773,online_model,/api/user/profile,POST,200,7,7,4,5628.7,6032.2,997.8,process,577.385,
1789747258.1562512,online_model,/api/auth/verify,POST,150,5,6,5,4662.1,4300.2,601.6,sync,260.634,
1789747258.1679478,online_model,/api/user/profile,POST,200,8,6,4,4696.7,4483.1,600.7,process,440.2,
1789747258.1962821,online_model,/api/user/profile,POST,200,8,6,4,6940.6,4366.0,312.1,process,311.779,
1789747258.2249615,online_model,/api/user/profile,POST,200,8,6,4,4850.8,4274.5,219.2,process,200.687,
1789747258.2281468,online_model,/api/image/thumbnail,POST,400,8,6,4,5122.6,3746.5,324.8,async,240.403,
1789747258.2530391,online_model,/api/user/profile,POST,200,8,6,3,4055.2,3566.0,279.6,process,110.933,
1789747258.2547483,online_model,/api/user/profile,POST,200,7,3,5,3135.1,2783.6,780.6,async,772.447,
1789747258.2579088,online_model,/api/user/profile,POST,200,7,6,4,3525.4,3710.1,1410.8,async,27.245,
1789747258.2874238,online_model,/api/image/thumbnail,POST,400,7,6,5,5291.4,4283.2,593.1,sync,389.341,
1789747258.3109407,online_model,/api/image/thumbnail,POST,400,7,6,5,5970.7,4320.9,612.0,sync,419.11,
1789747258.3142946,online_model,/api/user/profile,POST,200,6,6,5,5866.4,4328.6,615.8,sync,423.77,
1789747258.3791132,online_model,/api/report/generate,POST,350,7,6,5,4465.9,4447.2,898.7,async,645.588,
1789747258.4092765,online_model,/api/report/generate,POST,350,7,7,3,3884.2,4558.0,521.6,process,238.669,
1789747258.43754,online_model,/api/user/profile,POST,200,7,7,3,3716.5,4362.3,913.6,process,238.976,
1789747258.4508874,online_model,/api/user/profile,POST,200,5,6,4,2772.5,3989.1,1383.1,sync,137.52,
1789747258.4523077,online_model,/api/search,POST,250,7,6,5,5773.4,4590.1,424.2,sync,605.18,
1789747258.4528835,online_model,/api/search,POST,250,6,7,5,4664.5,5248.6,574.5,sync,654.563,
1789747258.453523,online_model,/api/feed,POST,300,6,6,5,4866.3,4288.2,595.6,sync,556.24,
1789747258.500712,online_model,/api/user/profile,POST,200,2,6,4,1173.4,3107.9,1204.9,sync,46.19,
1789747258.5015564,online_model,/api/report/generate,POST,350,5,7,5,3196.0,5253.3,577.9,sync,703.849,
1789747258.5180209,online_model,/api/user/profile,POST,200,7,6,4,3366.5,4299.5,1607.7,async,260.862,
1789747258.518731,online_model,/api/feed,POST,300,8,5,5,3232.6,4718.8,772.2,async,1033.747,
1789747258.5193462,online_model,/api/feed,POST,300,8,5,4,4856.8,3105.0,220.9,async,495.849,
1789747258.520009,online_model,/api/feed,POST,300,7,6,4,3955.1,3465.9,557.0,async,360.747,
1789747258.5205317,online_model,/api/auth/verify,POST,150,5,6,4,2868.6,3969.8,1370.3,async,204.054,
1789747258.5210679,online_model,/api/feed,POST,300,7,4,5,3126.3,3549.4,775.3,async,1037.05,
1789747258.5370834,online_model,/api/user/profile,POST,200,3,6,4,2113.0,2803.6,1002.0,sync,31.792,
1789747258.538223,online_model,/api/search,POST,250,7,7,3,3544.0,4161.1,1001.6,process,310.912,
1789747258.560985,online_model,/api/user/profile,POST,200,5,3,4,2543.9,2214.1,911.6,sync,33.153,
1789747258.5733173,online_model,/api/feed,POST,300,5,6,4,2595.7,3544.6,1109.3,sync,191.474,
1789747258.655839,online_model,/api/feed,POST,300,3,6,4,1280.4,3098.0,1198.3,sync,199.648,
1789747258.6574109,online_model,/api/feed,POST,300,4,6,4,2221.9,2798.7,998.8,sync,151.366,
1789747258.6585054,online_model,/api/feed,POST,300,6,4,4,2649.9,2983.4,907.6,sync,129.719,
1789747258.663014,online_model,/api/report/generate,POST,350,4,6,4,1708.8,3093.9,1195.6,sync,206.199,
1789747258.6873457,online_model,/api/feed,POST,300,5,6,3,2709.3,4612.1,684.1,sync,124.067,
1789747258.694886,online_model,/api/report/generate,POST,350,7,6,3,3375.5,4308.5,1096.6,process,439.501,
1789747258.6961067,online_model,/api/user/profile,POST,200,4,6,3,2059.3,4029.2,392.7,sync,35.657,
1789747258.699192,online_model,/api/user/profile,POST,200,3,6,3,1951.1,4034.8,395.5,sync,39.696,
1789747258.7006202,online_model,/api/user/profile,POST,200,5,6,3,2162.4,4018.4,387.3,sync,38.282,
1789747258.701177,online_model,/api/user/profile,POST,200,5,6,3,987.1,3993.2,374.7,sync,34.627,
1789747258.7017326,online_model,/api/feed,POST,300,5,6,3,2829.7,4538.8,647.5,sync,126.229,
1789747258.7223425,online_model,/api/user/profile,POST,200,6,6,3,2875.6,3363.0,712.2,process,310.564,
1789747258.740154,online_model,/api/image/thumbnail,POST,400,5,2,4,2547.8,1544.2,914.7,async,213.042,
1789747258.7478569,online_model,/api/user/profile,POST,200,5,6,3,654.6,3853.1,304.6,sync,57.997,
1789747258.7486975,online_model,/api/user/profile,POST,200,2,6,3,1486.5,3776.2,612.5,sync,46.15,
1789747258.8236697,online_model,/api/search,POST,250,6,6,3,2749.8,3194.5,841.1,process,383.803,
1789747258.8742485,online_model,/api/auth/verify,POST,150,6,4,3,2929.1,2941.2,755.7,async,334.835,
1789747258.8757162,online_model,/api/user/profile,POST,200,5,0,4,2551.4,0.0,917.5,async,349.579,
1789747258.9250517,online_model,/api/search,POST,250,5,6,2,645.1,3806.3,206.0,process,227.698,
1789747258.9553754,online_model,/api/search,POST,250,5,6,3,640.0,3800.2,624.5,sync,256.721,
1789747259.004286,online_model,/api/image/thumbnail,POST,400,3,6,3,1593.9,3767.0,607.8,sync,300.097,
1789747259.0157673,online_model,/api/auth/verify,POST,150,6,4,3,3542.7,2800.4,961.2,async,137.42,
1789747259.0482771,online_model,/api/feed,POST,300,6,6,2,3841.7,3642.3,530.9,process,323.587,
1789747259.1231937,online_model,/api/user/profile,POST,200,6,3,4,2652.8,2212.6,909.5,async,594.879,
1789747259.1241689,online_model,/api/report/generate,POST,350,6,5,3,3737.5,3081.0,961.1,async,381.778,
1789747259.1248338,online_model,/api/user/profile,POST,200,5,1,4,2549.5,772.2,916.0,async,598.329,
1789747259.1254675,online_model,/api/feed,POST,300,6,5,3,2923.4,3575.1,752.9,async,585.146,
1789747259.1411493,online_model,/api/feed,POST,300,5,6,3,3523.3,3754.8,601.7,sync,435.041,
1789747259.1665475,online_model,/api/image/thumbnail,POST,400,4,6,3,3569.3,4281.9,933.9,sync,415.201,
1789747259.1700683,online_model,/api/user/profile,POST,200,5,6,3,3739.8,3830.4,1115.8,sync,343.342,
1789747259.17099,online_model,/api/user/profile,POST,200,5,5,3,1947.7,3035.7,949.3,sync,211.976,
1789747259.2034388,online_model,/api/report/generate,POST,350,5,6,3,4113.3,4278.5,932.2,process,451.541,
1789747259.28634,online_model,/api/report/generate,POST,350,6,1,4,2399.5,1060.4,1006.5,async,153.963,
1789747259.2875857,online_model,/api/feed,POST,300,6,4,3,2909.1,2239.5,770.7,async,269.102,
1789747259.302617,online_model,/api/search,POST,250,6,5,2,3245.0,3191.1,621.0,process,375.048,
1789747259.3038828,online_model,/api/search,POST,250,5,5,3,1576.6,2796.8,806.0,sync,297.144,
1789747259.3045535,online_model,/api/search,POST,250,4,6,3,2137.4,3761.8,605.3,sync,598.966,
1789747259.319784,online_model,/api/user/profile,POST,200,4,1,4,3319.4,772.3,660.5,async,29.563,
1789747259.320387,online_model,/api/user/profile,POST,200,4,0,4,3320.8,0.0,661.9,async,30.514,
1789747259.3309243,online_model,/api/user/profile,POST,200,6,1,3,2402.6,1061.2,681.7,process,199.021,
1789747259.3605406,online_model,/api/user/profile,POST,200,6,1,2,2407.2,1062.3,357.2,process,229.578,
1789747259.3689406,online_model,/api/search,POST,250,2,2,5,2147.7,2233.7,1224.4,sync,195.495,
1789747259.4143682,online_model,/api/search,POST,250,3,2,3,2841.8,1511.0,550.9,async,106.952,
1789747259.4484503,online_model,/api/auth/verify,POST,150,3,2,4,3440.8,2168.4,997.9,sync,242.237,
1789747259.4739313,online_model,/api/search,POST,250,6,2,4,2398.3,2314.8,1005.2,process,340.94,
1789747259.5033393,online_model,/api/user/profile,POST,200,4,4,1,2834.6,5583.0,191.4,process,140.237,
1789747259.53096,online_model,/api/user/profile,POST,200,4,4,1,1864.9,4387.7,214.0,process,54.35,
1789747259.5366673,online_model,/api/auth/verify,POST,150,3,3,3,2839.5,3033.4,548.5,sync,228.525,
1789747259.5375366,online_model,/api/auth/verify,POST,150,3,4,2,1607.5,5548.6,501.7,sync,165.436,
1789747259.5381873,online_model,/api/report/generate,POST,350,2,2,3,1375.7,1514.8,556.5,sync,232.726,
1789747259.5454745,online_model,/api/search,POST,250,4,3,2,2954.9,4178.6,346.8,async,212.129,
1789747259.5463102,online_model,/api/search,POST,250,4,2,3,2992.4,2682.1,501.4,async,222.47,
1789747259.5589864,online_model,/api/user/profile,POST,200,4,4,1,1748.2,4270.9,298.3,process,53.189,
1789747259.5864315,online_model,/api/user/profile,POST,200,4,4,1,1647.3,4160.4,299.9,process,53.0,
1789747259.600089,online_model,/api/feed,POST,300,3,4,2,1533.5,4487.4,341.8,sync,148.064,
1789747259.715262,online_model,/api/feed,POST,300,3,3,0,2224.5,2906.9,0.0,process,126.288,
1789747259.7501776,online_model,/api/user/profile,POST,200,3,3,0,1987.7,2518.7,0.0,process,31.805,
1789747259.7638144,online_model,/api/image/thumbnail,POST,400,4,3,2,1638.2,3949.5,409.0,async,345.342,
1789747259.765079,online_model,/api/feed,POST,300,4,1,3,2994.7,1508.7,503.1,async,441.789,
1789747259.7690606,online_model,/api/image/thumbnail,POST,400,1,4,2,341.8,4130.0,612.2,sync,227.737,
1789747259.868276,online_model,/api/search,POST,250,3,2,1,2308.1,1465.9,299.8,async,306.93,
1789747259.8837328,online_model,/api/report/generate,POST,350,2,2,2,873.0,1490.3,596.5,sync,334.663,
1789747259.884695,online_model,/api/feed,POST,300,2,3,1,1902.5,2864.7,468.2,sync,281.305,
1789747259.914055,online_model,/api/auth/verify,POST,150,2,3,0,1512.1,4085.9,0.0,sync,142.273,
1789747259.9182217,online_model,/api/user/profile,POST,200,2,3,0,1489.1,4043.7,0.0,process,29.257,
1789747259.9501696,online_model,/api/user/profile,POST,200,2,3,0,2746.7,3949.3,0.0,process,29.669,
1789747259.9868302,online_model,/api/search,POST,250,1,3,0,99.3,4045.7,0.0,sync,98.493,
1789747260.0194302,online_model,/api/user/profile,POST,200,2,3,0,2753.8,3742.2,0.0,process,29.87,
1789747260.0296526,online_model,/api/report/generate,POST,350,3,1,0,1843.5,1319.3,0.0,async,262.906,
1789747260.0303419,online_model,/api/search,POST,250,3,2,0,1839.6,2572.0,0.0,async,262.25,
1789747260.0468154,online_model,/api/search,POST,250,1,3,1,1362.5,3959.9,299.8,sync,129.826,
1789747260.1231313,online_model,/api/search,POST,250,3,2,0,1429.4,2572.3,0.0,async,251.812,
1789747260.1441822,online_model,/api/search,POST,250,2,3,0,2689.0,3644.9,0.0,sync,122.168,
1789747260.1569176,online_model,/api/feed,POST,300,3,1,0,4046.8,1362.9,0.0,async,123.876,
1789747260.1743605,online_model,/api/feed,POST,300,2,2,0,2739.5,2505.2,0.0,sync,125.099,
1789747260.240274,online_model,/api/report/generate,POST,350,2,3,0,2682.0,3852.3,0.0,sync,287.403,
1789747260.2735984,online_model,/api/user/profile,POST,200,1,0,0,131.8,0.0,0.0,process,30.12,
1789747260.2875066,online_model,/api/auth/verify,POST,150,2,0,0,1586.5,0.0,0.0,sync,128.204,
