load,io_intensity,cpu_usage,probability,backend
0.0,0.0,50.0,6.634556939388858e-06,flask
0.0,0.02040816326530612,50.0,1.6198144294321537e-05,flask
0.0,0.04081632653061224,50.0,3.954691419494338e-05,flask
0.0,0.061224489795918366,50.0,9.654837049311027e-05,flask
0.0,0.08163265306122448,50.0,0.00023161816352512687,flask
0.0,0.1020408163265306,50.0,0.0005496646626852453,flask
0.0,0.12244897959183673,50.0,0.0016331699443981051,flask
0.0,0.14285714285714285,50.0,0.07126375287771225,flask
0.0,0.16326530612244897,50.0,0.9640316367149353,fastapi
0.0,0.18367346938775508,50.0,0.9997720122337341,fastapi
0.0,0.2040816326530612,50.0,0.99998939037323,fastapi
0.0,0.22448979591836732,50.0,0.9999995231628418,fastapi
0.0,0.24489795918367346,50.0,1.0,fastapi
0.0,0.26530612244897955,50.0,1.0,fastapi
0.0,0.2857142857142857,50.0,1.0,fastapi
0.0,0.3061224489795918,50.0,1.0,fastapi
0.0,0.32653061224489793,50.0,1.0,fastapi
0.0,0.3469387755102041,50.0,1.0,fastapi
0.0,0.36734693877551017,50.0,1.0,fastapi
0.0,0.3877551020408163,50.0,1.0,fastapi
0.0,0.4081632653061224,50.0,1.0,fastapi
0.0,0.42857142857142855,50.0,1.0,fastapi
0.0,0.44897959183673464,50.0,1.0,fastapi
0.0,0.4693877551020408,50.0,1.0,fastapi
0.0,0.4897959183673469,50.0,1.0,fastapi
0.0,0.5102040816326531,50.0,1.0,fastapi
0.0,0.5306122448979591,50.0,1.0,fastapi
0.0,0.5510204081632653,50.0,1.0,fastapi
0.0,0.5714285714285714,50.0,1.0,fastapi
0.0,0.5918367346938775,50.0,1.0,fastapi
0.0,0.6122448979591836,50.0,1.0,fastapi
0.0,0.6326530612244897,50.0,1.0,fastapi
0.0,0.6530612244897959,50.0,1.0,fastapi
0.0,0.673469387755102,50.0,1.0,fastapi
0.0,0.6938775510204082,50.0,1.0,fastapi
0.0,0.7142857142857142,50.0,1.0,fastapi
0.0,0.7346938775510203,50.0,1.0,fastapi
0.0,0.7551020408163265,50.0,1.0,fastapi
0.0,0.7755102040816326,50.0,1.0,fastapi
0.0,0.7959183673469387,50.0,1.0,fastapi
0.0,0.8163265306122448,50.0,1.0,fastapi
0.0,0.836734693877551,50.0,1.0,fastapi
0.0,0.8571428571428571,50.0,1.0,fastapi
0.0,0.8775510204081632,50.0,1.0,fastapi
0.0,0.8979591836734693,50.0,1.0,fastapi
0.0,0.9183673469387754,50.0,1.0,fastapi
0.0,0.9387755102040816,50.0,1.0,fastapi
0.0,0.9591836734693877,50.0,1.0,fastapi
0.0,0.9795918367346939,50.0,1.0,fastapi
0.0,1.0,50.0,1.0,fastapi
4.081632653061225,0.0,50.0,6.81196024743258e-06,flask
4.081632653061225,0.02040816326530612,50.0,1.6631249309284613e-05,flask
4.081632653061225,0.04081632653061224,50.0,4.060433275299147e-05,flask
4.081632653061225,0.061224489795918366,50.0,9.912985115079209e-05,flask
4.081632653061225,0.08163265306122448,50.0,0.0002374405157752335,flask
4.081632653061225,0.1020408163265306,50.0,0.0005634785047732294,flask
4.081632653061225,0.12244897959183673,50.0,0.0016659017419442534,flask
4.081632653061225,0.14285714285714285,50.0,0.07409456372261047,flask
4.081632653061225,0.16326530612244897,50.0,0.9654601216316223,fastapi
4.081632653061225,0.18367346938775508,50.0,0.999772846698761,fastapi
4.081632653061225,0.2040816326530612,50.0,0.9999890327453613,fastapi
4.081632653061225,0.22448979591836732,50.0,0.9999995231628418,fastapi
4.081632653061225,0.24489795918367346,50.0,1.0,fastapi
4.081632653061225,0.26530612244897955,50.0,1.0,fastapi
4.081632653061225,0.2857142857142857,50.0,1.0,fastapi
4.081632653061225,0.3061224489795918,50.0,1.0,fastapi
4.081632653061225,0.32653061224489793,50.0,1.0,fastapi
4.081632653061225,0.3469387755102041,50.0,1.0,fastapi
4.081632653061225,0.36734693877551017,50.0,1.0,fastapi
4.081632653061225,0.3877551020408163,50.0,1.0,fastapi
4.081632653061225,0.4081632653061224,50.0,1.0,fastapi
4.081632653061225,0.42857142857142855,50.0,1.0,fastapi
4.081632653061225,0.44897959183673464,50.0,1.0,fastapi
4.081632653061225,0.4693877551020408,50.0,1.0,fastapi
4.081632653061225,0.4897959183673469,50.0,1.0,fastapi
4.081632653061225,0.5102040816326531,50.0,1.0,fastapi
4.081632653061225,0.5306122448979591,50.0,1.0,fastapi
4.081632653061225,0.5510204081632653,50.0,1.0,fastapi
4.081632653061225,0.5714285714285714,50.0,1.0,fastapi
4.081632653061225,0.5918367346938775,50.0,1.0,fastapi
4.081632653061225,0.6122448979591836,50.0,1.0,fastapi
4.081632653061225,0.6326530612244897,50.0,1.0,fastapi
4.081632653061225,0.6530612244897959,50.0,1.0,fastapi
4.081632653061225,0.673469387755102,50.0,1.0,fastapi
4.081632653061225,0.6938775510204082,50.0,1.0,fastapi
4.081632653061225,0.7142857142857142,50.0,1.0,fastapi
4.081632653061225,0.7346938775510203,50.0,1.0,fastapi
4.081632653061225,0.7551020408163265,50.0,1.0,fastapi
4.081632653061225,0.7755102040816326,50.0,1.0,fastapi
4.081632653061225,0.7959183673469387,50.0,1.0,fastapi
4.081632653061225,0.8163265306122448,50.0,1.0,fastapi
4.081632653061225,0.836734693877551,50.0,1.0,fastapi
4.081632653061225,0.8571428571428571,50.0,1.0,fastapi
4.081632653061225,0.8775510204081632,50.0,1.0,fastapi
4.081632653061225,0.8979591836734693,50.0,1.0,fastapi
4.081632653061225,0.9183673469387754,50.0,1.0,fastapi
4.081632653061225,0.9387755102040816,50.0,1.0,fastapi
4.081632653061225,0.9591836734693877,50.0,1.0,fastapi
4.081632653061225,0.9795918367346939,50.0,1.0,fastapi
4.081632653061225,1.0,50.0,1.0,fastapi
8.16326530612245,0.0,50.0,6.994106570346048e-06,flask
8.16326530612245,0.02040816326530612,50.0,1.707598494249396e-05,flask
8.16326530612245,0.04081632653061224,50.0,4.169006206211634e-05,flask
8.16326530612245,0.061224489795918366,50.0,0.00010178025695495307,flask
8.16326530612245,0.08163265306122448,50.0,0.00024341010430362076,flask
8.16326530612245,0.1020408163265306,50.0,0.0005776392645202577,flask
8.16326530612245,0.12244897959183673,50.0,0.0016992883756756783,flask
8.16326530612245,0.14285714285714285,50.0,0.07702825218439102,flask
8.16326530612245,0.16326530612244897,50.0,0.9668338298797607,fastapi
8.16326530612245,0.18367346938775508,50.0,0.9997738003730774,fastapi
8.16326530612245,0.2040816326530612,50.0,0.9999890327453613,fastapi
8.16326530612245,0.22448979591836732,50.0,0.9999995231628418,fastapi
8.16326530612245,0.24489795918367346,50.0,1.0,fastapi
8.16326530612245,0.26530612244897955,50.0,1.0,fastapi
8.16326530612245,0.2857142857142857,50.0,1.0,fastapi
8.16326530612245,0.3061224489795918,50.0,1.0,fastapi
8.16326530612245,0.32653061224489793,50.0,1.0,fastapi
8.16326530612245,0.3469387755102041,50.0,1.0,fastapi
8.16326530612245,0.36734693877551017,50.0,1.0,fastapi
8.16326530612245,0.3877551020408163,50.0,1.0,fastapi
8.16326530612245,0.4081632653061224,50.0,1.0,fastapi
8.16326530612245,0.42857142857142855,50.0,1.0,fastapi
8.16326530612245,0.44897959183673464,50.0,1.0,fastapi
8.16326530612245,0.4693877551020408,50.0,1.0,fastapi
8.16326530612245,0.4897959183673469,50.0,1.0,fastapi
8.16326530612245,0.5102040816326531,50.0,1.0,fastapi
8.16326530612245,0.5306122448979591,50.0,1.0,fastapi
8.16326530612245,0.5510204081632653,50.0,1.0,fastapi
8.16326530612245,0.5714285714285714,50.0,1.0,fastapi
8.16326530612245,0.5918367346938775,50.0,1.0,fastapi
8.16326530612245,0.6122448979591836,50.0,1.0,fastapi
8.16326530612245,0.6326530612244897,50.0,1.0,fastapi
8.16326530612245,0.6530612244897959,50.0,1.0,fastapi
8.16326530612245,0.673469387755102,50.0,1.0,fastapi
8.16326530612245,0.6938775510204082,50.0,1.0,fastapi
8.16326530612245,0.7142857142857142,50.0,1.0,fastapi
8.16326530612245,0.7346938775510203,50.0,1.0,fastapi
8.16326530612245,0.7551020408163265,50.0,1.0,fastapi
8.16326530612245,0.7755102040816326,50.0,1.0,fastapi
8.16326530612245,0.7959183673469387,50.0,1.0,fastapi
8.16326530612245,0.8163265306122448,50.0,1.0,fastapi
8.16326530612245,0.836734693877551,50.0,1.0,fastapi
8.16326530612245,0.8571428571428571,50.0,1.0,fastapi
8.16326530612245,0.8775510204081632,50.0,1.0,fastapi
8.16326530612245,0.8979591836734693,50.0,1.0,fastapi
8.16326530612245,0.9183673469387754,50.0,1.0,fastapi
8.16326530612245,0.9387755102040816,50.0,1.0,fastapi
8.16326530612245,0.9591836734693877,50.0,1.0,fastapi
8.16326530612245,0.9795918367346939,50.0,1.0,fastapi
8.16326530612245,1.0,50.0,1.0,fastapi
12.244897959183675,0.0,50.0,7.181136879808037e-06,flask
12.244897959183675,0.02040816326530612,50.0,1.753256219672039e-05,flask
12.244897959183675,0.04081632653061224,50.0,4.2804782424354926e-05,flask
12.244897959183675,0.061224489795918366,50.0,0.00010450151603436098,flask
12.244897959183675,0.08163265306122448,50.0,0.0002495294902473688,flask
12.244897959183675,0.1020408163265306,50.0,0.0005921557312831283,flask
12.244897959183675,0.12244897959183673,50.0,0.001733342302031815,flask
12.244897959183675,0.14285714285714285,50.0,0.08006830513477325,flask
12.244897959183675,0.16326530612244897,50.0,0.968154788017273,fastapi
12.244897959183675,0.18367346938775508,50.0,0.9997746348381042,fastapi
12.244897959183675,0.2040816326530612,50.0,0.9999891519546509,fastapi
12.244897959183675,0.22448979591836732,50.0,0.9999995231628418,fastapi
12.244897959183675,0.24489795918367346,50.0,1.0,fastapi
12.244897959183675,0.26530612244897955,50.0,1.0,fastapi
12.244897959183675,0.2857142857142857,50.0,1.0,fastapi
12.244897959183675,0.3061224489795918,50.0,1.0,fastapi
12.244897959183675,0.32653061224489793,50.0,1.0,fastapi
12.244897959183675,0.3469387755102041,50.0,1.0,fastapi
12.244897959183675,0.36734693877551017,50.0,1.0,fastapi
12.244897959183675,0.3877551020408163,50.0,1.0,fastapi
12.244897959183675,0.4081632653061224,50.0,1.0,fastapi
12.244897959183675,0.42857142857142855,50.0,1.0,fastapi
12.244897959183675,0.44897959183673464,50.0,1.0,fastapi
12.244897959183675,0.4693877551020408,50.0,1.0,fastapi
12.244897959183675,0.4897959183673469,50.0,1.0,fastapi
12.244897959183675,0.5102040816326531,50.0,1.0,fastapi
12.244897959183675,0.5306122448979591,50.0,1.0,fastapi
12.244897959183675,0.5510204081632653,50.0,1.0,fastapi
12.244897959183675,0.5714285714285714,50.0,1.0,fastapi
12.244897959183675,0.5918367346938775,50.0,1.0,fastapi
12.244897959183675,0.6122448979591836,50.0,1.0,fastapi
12.244897959183675,0.6326530612244897,50.0,1.0,fastapi
12.244897959183675,0.6530612244897959,50.0,1.0,fastapi
12.244897959183675,0.673469387755102,50.0,1.0,fastapi
12.244897959183675,0.6938775510204082,50.0,1.0,fastapi
12.244897959183675,0.7142857142857142,50.0,1.0,fastapi
12.244897959183675,0.7346938775510203,50.0,1.0,fastapi
12.244897959183675,0.7551020408163265,50.0,1.0,fastapi
12.244897959183675,0.7755102040816326,50.0,1.0,fastapi
12.244897959183675,0.7959183673469387,50.0,1.0,fastapi
12.244897959183675,0.8163265306122448,50.0,1.0,fastapi
12.244897959183675,0.836734693877551,50.0,1.0,fastapi
12.244897959183675,0.8571428571428571,50.0,1.0,fastapi
12.244897959183675,0.8775510204081632,50.0,1.0,fastapi
12.244897959183675,0.8979591836734693,50.0,1.0,fastapi
12.244897959183675,0.9183673469387754,50.0,1.0,fastapi
12.244897959183675,0.9387755102040816,50.0,1.0,fastapi
12.244897959183675,0.9591836734693877,50.0,1.0,fastapi
12.244897959183675,0.9795918367346939,50.0,1.0,fastapi
12.244897959183675,1.0,50.0,1.0,fastapi
16.3265306122449,0.0,50.0,7.373155312961899e-06,flask
16.3265306122449,0.02040816326530612,50.0,1.8001399439526722e-05,flask
16.3265306122449,0.04081632653061224,50.0,4.3949308746960014e-05,flask
16.3265306122449,0.061224489795918366,50.0,0.0001072954255505465,flask
16.3265306122449,0.08163265306122448,50.0,0.00025580220972187817,flask
16.3265306122449,0.1020408163265306,50.0,0.0006070368108339608,flask
16.3265306122449,0.12244897959183673,50.0,0.0017680790042504668,flask
16.3265306122449,0.14285714285714285,50.0,0.08321749418973923,flask
16.3265306122449,0.16326530612244897,50.0,0.9694246649742126,fastapi
16.3265306122449,0.18367346938775508,50.0,0.9997755885124207,fastapi
16.3265306122449,0.2040816326530612,50.0,0.9999891519546509,fastapi
16.3265306122449,0.22448979591836732,50.0,0.9999995231628418,fastapi
16.3265306122449,0.24489795918367346,50.0,1.0,fastapi
16.3265306122449,0.26530612244897955,50.0,1.0,fastapi
16.3265306122449,0.2857142857142857,50.0,1.0,fastapi
16.3265306122449,0.3061224489795918,50.0,1.0,fastapi
16.3265306122449,0.32653061224489793,50.0,1.0,fastapi
16.3265306122449,0.3469387755102041,50.0,1.0,fastapi
16.3265306122449,0.36734693877551017,50.0,1.0,fastapi
16.3265306122449,0.3877551020408163,50.0,1.0,fastapi
16.3265306122449,0.4081632653061224,50.0,1.0,fastapi
16.3265306122449,0.42857142857142855,50.0,1.0,fastapi
16.3265306122449,0.44897959183673464,50.0,1.0,fastapi
16.3265306122449,0.4693877551020408,50.0,1.0,fastapi
16.3265306122449,0.4897959183673469,50.0,1.0,fastapi
16.3265306122449,0.5102040816326531,50.0,1.0,fastapi
16.3265306122449,0.5306122448979591,50.0,1.0,fastapi
16.3265306122449,0.5510204081632653,50.0,1.0,fastapi
16.3265306122449,0.5714285714285714,50.0,1.0,fastapi
16.3265306122449,0.5918367346938775,50.0,1.0,fastapi
16.3265306122449,0.6122448979591836,50.0,1.0,fastapi
16.3265306122449,0.6326530612244897,50.0,1.0,fastapi
16.3265306122449,0.6530612244897959,50.0,1.0,fastapi
16.3265306122449,0.673469387755102,50.0,1.0,fastapi
16.3265306122449,0.6938775510204082,50.0,1.0,fastapi
16.3265306122449,0.7142857142857142,50.0,1.0,fastapi
16.3265306122449,0.7346938775510203,50.0,1.0,fastapi
16.3265306122449,0.7551020408163265,50.0,1.0,fastapi
16.3265306122449,0.7755102040816326,50.0,1.0,fastapi
16.3265306122449,0.7959183673469387,50.0,1.0,fastapi
16.3265306122449,0.8163265306122448,50.0,1.0,fastapi
16.3265306122449,0.836734693877551,50.0,1.0,fastapi
16.3265306122449,0.8571428571428571,50.0,1.0,fastapi
16.3265306122449,0.8775510204081632,50.0,1.0,fastapi
16.3265306122449,0.8979591836734693,50.0,1.0,fastapi
16.3265306122449,0.9183673469387754,50.0,1.0,fastapi
16.3265306122449,0.9387755102040816,50.0,1.0,fastapi
16.3265306122449,0.9591836734693877,50.0,1.0,fastapi
16.3265306122449,0.9795918367346939,50.0,1.0,fastapi
16.3265306122449,1.0,50.0,1.0,fastapi
20.408163265306122,0.0,50.0,7.570314664917532e-06,flask
20.408163265306122,0.02040816326530612,50.0,1.848273677751422e-05,flask
20.408163265306122,0.04081632653061224,50.0,4.512443774729036e-05,flask
20.408163265306122,0.061224489795918366,50.0,0.00011016423377441242,flask
20.408163265306122,0.08163265306122448,50.0,0.00026223258464597166,flask
20.408163265306122,0.1020408163265306,50.0,0.0006222919328138232,flask
20.408163265306122,0.12244897959183673,50.0,0.0018035088432952762,flask
20.408163265306122,0.14285714285714285,50.0,0.08647909760475159,flask
20.408163265306122,0.16326530612244897,50.0,0.970645546913147,fastapi
20.408163265306122,0.18367346938775508,50.0,0.9997764229774475,fastapi
20.408163265306122,0.2040816326530612,50.0,0.9999891519546509,fastapi
20.408163265306122,0.22448979591836732,50.0,0.9999995231628418,fastapi
20.408163265306122,0.24489795918367346,50.0,1.0,fastapi
20.408163265306122,0.26530612244897955,50.0,1.0,fastapi
20.408163265306122,0.2857142857142857,50.0,1.0,fastapi
20.408163265306122,0.3061224489795918,50.0,1.0,fastapi
20.408163265306122,0.32653061224489793,50.0,1.0,fastapi
20.408163265306122,0.3469387755102041,50.0,1.0,fastapi
20.408163265306122,0.36734693877551017,50.0,1.0,fastapi
20.408163265306122,0.3877551020408163,50.0,1.0,fastapi
20.408163265306122,0.4081632653061224,50.0,1.0,fastapi
20.408163265306122,0.42857142857142855,50.0,1.0,fastapi
20.408163265306122,0.44897959183673464,50.0,1.0,fastapi
20.408163265306122,0.4693877551020408,50.0,1.0,fastapi
20.408163265306122,0.4897959183673469,50.0,1.0,fastapi
20.408163265306122,0.5102040816326531,50.0,1.0,fastapi
20.408163265306122,0.5306122448979591,50.0,1.0,fastapi
20.408163265306122,0.5510204081632653,50.0,1.0,fastapi
20.408163265306122,0.5714285714285714,50.0,1.0,fastapi
20.408163265306122,0.5918367346938775,50.0,1.0,fastapi
20.408163265306122,0.6122448979591836,50.0,1.0,fastapi
20.408163265306122,0.6326530612244897,50.0,1.0,fastapi
20.408163265306122,0.6530612244897959,50.0,1.0,fastapi
20.408163265306122,0.673469387755102,50.0,1.0,fastapi
20.408163265306122,0.6938775510204082,50.0,1.0,fastapi
20.408163265306122,0.7142857142857142,50.0,1.0,fastapi
20.408163265306122,0.7346938775510203,50.0,1.0,fastapi
20.408163265306122,0.7551020408163265,50.0,1.0,fastapi
20.408163265306122,0.7755102040816326,50.0,1.0,fastapi
20.408163265306122,0.7959183673469387,50.0,1.0,fastapi
20.408163265306122,0.8163265306122448,50.0,1.0,fastapi
20.408163265306122,0.836734693877551,50.0,1.0,fastapi
20.408163265306122,0.8571428571428571,50.0,1.0,fastapi
20.408163265306122,0.8775510204081632,50.0,1.0,fastapi
20.408163265306122,0.8979591836734693,50.0,1.0,fastapi
20.408163265306122,0.9183673469387754,50.0,1.0,fastapi
20.408163265306122,0.9387755102040816,50.0,1.0,fastapi
20.408163265306122,0.9591836734693877,50.0,1.0,fastapi
20.408163265306122,0.9795918367346939,50.0,1.0,fastapi
20.408163265306122,1.0,50.0,1.0,fastapi
24.48979591836735,0.0,50.0,7.772731805744115e-06,flask
24.48979591836735,0.02040816326530612,50.0,1.8976927094627172e-05,flask
24.48979591836735,0.04081632653061224,50.0,4.633106800611131e-05,flask
24.48979591836735,0.061224489795918366,50.0,0.00011310973786748946,flask
24.48979591836735,0.08163265306122448,50.0,0.0002688250388018787,flask
24.48979591836735,0.1020408163265306,50.0,0.0006379298283718526,flask
24.48979591836735,0.12244897959183673,50.0,0.0018396483501419425,flask
24.48979591836735,0.14285714285714285,50.0,0.08985575288534164,flask
24.48979591836735,0.16326530612244897,50.0,0.9718190431594849,fastapi
24.48979591836735,0.18367346938775508,50.0,0.9997772574424744,fastapi
24.48979591836735,0.2040816326530612,50.0,0.9999892711639404,fastapi
24.48979591836735,0.22448979591836732,50.0,0.9999995231628418,fastapi
24.48979591836735,0.24489795918367346,50.0,1.0,fastapi
24.48979591836735,0.26530612244897955,50.0,1.0,fastapi
24.48979591836735,0.2857142857142857,50.0,1.0,fastapi
24.48979591836735,0.3061224489795918,50.0,1.0,fastapi
24.48979591836735,0.32653061224489793,50.0,1.0,fastapi
24.48979591836735,0.3469387755102041,50.0,1.0,fastapi
24.48979591836735,0.36734693877551017,50.0,1.0,fastapi
24.48979591836735,0.3877551020408163,50.0,1.0,fastapi
24.48979591836735,0.4081632653061224,50.0,1.0,fastapi
24.48979591836735,0.42857142857142855,50.0,1.0,fastapi
24.48979591836735,0.44897959183673464,50.0,1.0,fastapi
24.48979591836735,0.4693877551020408,50.0,1.0,fastapi
24.48979591836735,0.4897959183673469,50.0,1.0,fastapi
24.48979591836735,0.5102040816326531,50.0,1.0,fastapi
24.48979591836735,0.5306122448979591,50.0,1.0,fastapi
24.48979591836735,0.5510204081632653,50.0,1.0,fastapi
24.48979591836735,0.5714285714285714,50.0,1.0,fastapi
24.48979591836735,0.5918367346938775,50.0,1.0,fastapi
24.48979591836735,0.6122448979591836,50.0,1.0,fastapi
24.48979591836735,0.6326530612244897,50.0,1.0,fastapi
24.48979591836735,0.6530612244897959,50.0,1.0,fastapi
24.48979591836735,0.673469387755102,50.0,1.0,fastapi
24.48979591836735,0.6938775510204082,50.0,1.0,fastapi
24.48979591836735,0.7142857142857142,50.0,1.0,fastapi
24.48979591836735,0.7346938775510203,50.0,1.0,fastapi
24.48979591836735,0.7551020408163265,50.0,1.0,fastapi
24.48979591836735,0.7755102040816326,50.0,1.0,fastapi
24.48979591836735,0.7959183673469387,50.0,1.0,fastapi
24.48979591836735,0.8163265306122448,50.0,1.0,fastapi
24.48979591836735,0.836734693877551,50.0,1.0,fastapi
24.48979591836735,0.8571428571428571,50.0,1.0,fastapi
24.48979591836735,0.8775510204081632,50.0,1.0,fastapi
24.48979591836735,0.8979591836734693,50.0,1.0,fastapi
24.48979591836735,0.9183673469387754,50.0,1.0,fastapi
24.48979591836735,0.9387755102040816,50.0,1.0,fastapi
24.48979591836735,0.9591836734693877,50.0,1.0,fastapi
24.48979591836735,0.9795918367346939,50.0,1.0,fastapi
24.48979591836735,1.0,50.0,1.0,fastapi
28.571428571428573,0.0,50.0,7.980575901456177e-06,flask
28.571428571428573,0.02040816326530612,50.0,1.9484348740661517e-05,flask
28.571428571428573,0.04081632653061224,50.0,4.75698325317353e-05,flask
28.571428571428573,0.061224489795918366,50.0,0.00011610685760388151,flask
28.571428571428573,0.08163265306122448,50.0,0.00027558294823393226,flask
28.571428571428573,0.1020408163265306,50.0,0.0006539603928104043,flask
28.571428571428573,0.12244897959183673,50.0,0.0018765105633065104,flask
28.571428571428573,0.14285714285714285,50.0,0.09335093200206757,flask
28.571428571428573,0.16326530612244897,50.0,0.9729470014572144,fastapi
28.571428571428573,0.18367346938775508,50.0,0.9997782111167908,fastapi
28.571428571428573,0.2040816326530612,50.0,0.9999892711639404,fastapi
28.571428571428573,0.22448979591836732,50.0,0.9999995231628418,fastapi
28.571428571428573,0.24489795918367346,50.0,1.0,fastapi
28.571428571428573,0.26530612244897955,50.0,1.0,fastapi
28.571428571428573,0.2857142857142857,50.0,1.0,fastapi
28.571428571428573,0.3061224489795918,50.0,1.0,fastapi
28.571428571428573,0.32653061224489793,50.0,1.0,fastapi
28.571428571428573,0.3469387755102041,50.0,1.0,fastapi
28.571428571428573,0.36734693877551017,50.0,1.0,fastapi
28.571428571428573,0.3877551020408163,50.0,1.0,fastapi
28.571428571428573,0.4081632653061224,50.0,1.0,fastapi
28.571428571428573,0.42857142857142855,50.0,1.0,fastapi
28.571428571428573,0.44897959183673464,50.0,1.0,fastapi
28.571428571428573,0.4693877551020408,50.0,1.0,fastapi
28.571428571428573,0.4897959183673469,50.0,1.0,fastapi
28.571428571428573,0.5102040816326531,50.0,1.0,fastapi
28.571428571428573,0.5306122448979591,50.0,1.0,fastapi
28.571428571428573,0.5510204081632653,50.0,1.0,fastapi
28.571428571428573,0.5714285714285714,50.0,1.0,fastapi
28.571428571428573,0.5918367346938775,50.0,1.0,fastapi
28.571428571428573,0.6122448979591836,50.0,1.0,fastapi
28.571428571428573,0.6326530612244897,50.0,1.0,fastapi
28.571428571428573,0.6530612244897959,50.0,1.0,fastapi
28.571428571428573,0.673469387755102,50.0,1.0,fastapi
28.571428571428573,0.6938775510204082,50.0,1.0,fastapi
28.571428571428573,0.7142857142857142,50.0,1.0,fastapi
28.571428571428573,0.7346938775510203,50.0,1.0,fastapi
28.571428571428573,0.7551020408163265,50.0,1.0,fastapi
28.571428571428573,0.7755102040816326,50.0,1.0,fastapi
28.571428571428573,0.7959183673469387,50.0,1.0,fastapi
28.571428571428573,0.8163265306122448,50.0,1.0,fastapi
28.571428571428573,0.836734693877551,50.0,1.0,fastapi
28.571428571428573,0.8571428571428571,50.0,1.0,fastapi
28.571428571428573,0.8775510204081632,50.0,1.0,fastapi
28.571428571428573,0.8979591836734693,50.0,1.0,fastapi
28.571428571428573,0.9183673469387754,50.0,1.0,fastapi
28.571428571428573,0.9387755102040816,50.0,1.0,fastapi
28.571428571428573,0.9591836734693877,50.0,1.0,fastapi
28.571428571428573,0.9795918367346939,50.0,1.0,fastapi
28.571428571428573,1.0,50.0,1.0,fastapi
32.6530612244898,0.0,50.0,8.19397064333316e-06,flask
32.6530612244898,0.02040816326530612,50.0,2.000533822865691e-05,flask
32.6530612244898,0.04081632653061224,50.0,4.8841757234185934e-05,flask
32.6530612244898,0.061224489795918366,50.0,0.00011902596452273428,flask
32.6530612244898,0.08163265306122448,50.0,0.00028251041658222675,flask
32.6530612244898,0.1020408163265306,50.0,0.0006703936378471553,flask
32.6530612244898,0.12244897959183673,50.0,0.0019141081720590591,flask
32.6530612244898,0.14285714285714285,50.0,0.09696744382381439,flask
32.6530612244898,0.16326530612244897,50.0,0.9740309715270996,fastapi
32.6530612244898,0.18367346938775508,50.0,0.9997790455818176,fastapi
32.6530612244898,0.2040816326530612,50.0,0.99998939037323,fastapi
32.6530612244898,0.22448979591836732,50.0,0.9999995231628418,fastapi
32.6530612244898,0.24489795918367346,50.0,1.0,fastapi
32.6530612244898,0.26530612244897955,50.0,1.0,fastapi
32.6530612244898,0.2857142857142857,50.0,1.0,fastapi
32.6530612244898,0.3061224489795918,50.0,1.0,fastapi
32.6530612244898,0.32653061224489793,50.0,1.0,fastapi
32.6530612244898,0.3469387755102041,50.0,1.0,fastapi
32.6530612244898,0.36734693877551017,50.0,1.0,fastapi
32.6530612244898,0.3877551020408163,50.0,1.0,fastapi
32.6530612244898,0.4081632653061224,50.0,1.0,fastapi
32.6530612244898,0.42857142857142855,50.0,1.0,fastapi
32.6530612244898,0.44897959183673464,50.0,1.0,fastapi
32.6530612244898,0.4693877551020408,50.0,1.0,fastapi
32.6530612244898,0.4897959183673469,50.0,1.0,fastapi
32.6530612244898,0.5102040816326531,50.0,1.0,fastapi
32.6530612244898,0.5306122448979591,50.0,1.0,fastapi
32.6530612244898,0.5510204081632653,50.0,1.0,fastapi
32.6530612244898,0.5714285714285714,50.0,1.0,fastapi
32.6530612244898,0.5918367346938775,50.0,1.0,fastapi
32.6530612244898,0.6122448979591836,50.0,1.0,fastapi
32.6530612244898,0.6326530612244897,50.0,1.0,fastapi
32.6530612244898,0.6530612244897959,50.0,1.0,fastapi
32.6530612244898,0.673469387755102,50.0,1.0,fastapi
32.6530612244898,0.6938775510204082,50.0,1.0,fastapi
32.6530612244898,0.7142857142857142,50.0,1.0,fastapi
32.6530612244898,0.7346938775510203,50.0,1.0,fastapi
32.6530612244898,0.7551020408163265,50.0,1.0,fastapi
32.6530612244898,0.7755102040816326,50.0,1.0,fastapi
32.6530612244898,0.7959183673469387,50.0,1.0,fastapi
32.6530612244898,0.8163265306122448,50.0,1.0,fastapi
32.6530612244898,0.836734693877551,50.0,1.0,fastapi
32.6530612244898,0.8571428571428571,50.0,1.0,fastapi
32.6530612244898,0.8775510204081632,50.0,1.0,fastapi
32.6530612244898,0.8979591836734693,50.0,1.0,fastapi
32.6530612244898,0.9183673469387754,50.0,1.0,fastapi
32.6530612244898,0.9387755102040816,50.0,1.0,fastapi
32.6530612244898,0.9591836734693877,50.0,1.0,fastapi
32.6530612244898,0.9795918367346939,50.0,1.0,fastapi
32.6530612244898,1.0,50.0,1.0,fastapi
36.734693877551024,0.0,50.0,8.413078830926679e-06,flask
36.734693877551024,0.02040816326530612,50.0,2.0540297555271536e-05,flask
36.734693877551024,0.04081632653061224,50.0,5.014774069422856e-05,flask
36.734693877551024,0.061224489795918366,50.0,0.00012201868958072737,flask
36.734693877551024,0.08163265306122448,50.0,0.00028961250791326165,flask
36.734693877551024,0.1020408163265306,50.0,0.0006872398080304265,flask
36.734693877551024,0.12244897959183673,50.0,0.0019524614326655865,flask
36.734693877551024,0.14285714285714285,50.0,0.10070869326591492,flask
36.734693877551024,0.16326530612244897,50.0,0.9750726819038391,fastapi
36.734693877551024,0.18367346938775508,50.0,0.9997798800468445,fastapi
36.734693877551024,0.2040816326530612,50.0,0.99998939037323,fastapi
36.734693877551024,0.22448979591836732,50.0,0.9999995231628418,fastapi
36.734693877551024,0.24489795918367346,50.0,1.0,fastapi
36.734693877551024,0.26530612244897955,50.0,1.0,fastapi
36.734693877551024,0.2857142857142857,50.0,1.0,fastapi
36.734693877551024,0.3061224489795918,50.0,1.0,fastapi
36.734693877551024,0.32653061224489793,50.0,1.0,fastapi
36.734693877551024,0.3469387755102041,50.0,1.0,fastapi
36.734693877551024,0.36734693877551017,50.0,1.0,fastapi
36.734693877551024,0.3877551020408163,50.0,1.0,fastapi
36.734693877551024,0.4081632653061224,50.0,1.0,fastapi
36.734693877551024,0.42857142857142855,50.0,1.0,fastapi
36.734693877551024,0.44897959183673464,50.0,1.0,fastapi
36.734693877551024,0.4693877551020408,50.0,1.0,fastapi
36.734693877551024,0.4897959183673469,50.0,1.0,fastapi
36.734693877551024,0.5102040816326531,50.0,1.0,fastapi
36.734693877551024,0.5306122448979591,50.0,1.0,fastapi
36.734693877551024,0.5510204081632653,50.0,1.0,fastapi
36.734693877551024,0.5714285714285714,50.0,1.0,fastapi
36.734693877551024,0.5918367346938775,50.0,1.0,fastapi
36.734693877551024,0.6122448979591836,50.0,1.0,fastapi
36.734693877551024,0.6326530612244897,50.0,1.0,fastapi
36.734693877551024,0.6530612244897959,50.0,1.0,fastapi
36.734693877551024,0.673469387755102,50.0,1.0,fastapi
36.734693877551024,0.6938775510204082,50.0,1.0,fastapi
36.734693877551024,0.7142857142857142,50.0,1.0,fastapi
36.734693877551024,0.7346938775510203,50.0,1.0,fastapi
36.734693877551024,0.7551020408163265,50.0,1.0,fastapi
36.734693877551024,0.7755102040816326,50.0,1.0,fastapi
36.734693877551024,0.7959183673469387,50.0,1.0,fastapi
36.734693877551024,0.8163265306122448,50.0,1.0,fastapi
36.734693877551024,0.836734693877551,50.0,1.0,fastapi
36.734693877551024,0.8571428571428571,50.0,1.0,fastapi
36.734693877551024,0.8775510204081632,50.0,1.0,fastapi
36.734693877551024,0.8979591836734693,50.0,1.0,fastapi
36.734693877551024,0.9183673469387754,50.0,1.0,fastapi
36.734693877551024,0.9387755102040816,50.0,1.0,fastapi
36.734693877551024,0.9591836734693877,50.0,1.0,fastapi
36.734693877551024,0.9795918367346939,50.0,1.0,fastapi
36.734693877551024,1.0,50.0,1.0,fastapi
40.816326530612244,0.0,50.0,8.638036888442002e-06,flask
40.816326530612244,0.02040816326530612,50.0,2.1089541405672207e-05,flask
40.816326530612244,0.04081632653061224,50.0,5.148864147486165e-05,flask
40.816326530612244,0.061224489795918366,50.0,0.0001250865461770445,flask
40.816326530612244,0.08163265306122448,50.0,0.00029689312214031816,flask
40.816326530612244,0.1020408163265306,50.0,0.0007045086822472513,flask
40.816326530612244,0.12244897959183673,50.0,0.001991578610613942,flask
40.816326530612244,0.14285714285714285,50.0,0.10457743704319,flask
40.816326530612244,0.16326530612244897,50.0,0.9760736227035522,fastapi
40.816326530612244,0.18367346938775508,50.0,0.9997808337211609,fastapi
40.816326530612244,0.2040816326530612,50.0,0.99998939037323,fastapi
40.816326530612244,0.22448979591836732,50.0,0.9999995231628418,fastapi
40.816326530612244,0.24489795918367346,50.0,1.0,fastapi
40.816326530612244,0.26530612244897955,50.0,1.0,fastapi
40.816326530612244,0.2857142857142857,50.0,1.0,fastapi
40.816326530612244,0.3061224489795918,50.0,1.0,fastapi
40.816326530612244,0.32653061224489793,50.0,1.0,fastapi
40.816326530612244,0.3469387755102041,50.0,1.0,fastapi
40.816326530612244,0.36734693877551017,50.0,1.0,fastapi
40.816326530612244,0.3877551020408163,50.0,1.0,fastapi
40.816326530612244,0.4081632653061224,50.0,1.0,fastapi
40.816326530612244,0.42857142857142855,50.0,1.0,fastapi
40.816326530612244,0.44897959183673464,50.0,1.0,fastapi
40.816326530612244,0.4693877551020408,50.0,1.0,fastapi
40.816326530612244,0.4897959183673469,50.0,1.0,fastapi
40.816326530612244,0.5102040816326531,50.0,1.0,fastapi
40.816326530612244,0.5306122448979591,50.0,1.0,fastapi
40.816326530612244,0.5510204081632653,50.0,1.0,fastapi
40.816326530612244,0.5714285714285714,50.0,1.0,fastapi
40.816326530612244,0.5918367346938775,50.0,1.0,fastapi
40.816326530612244,0.6122448979591836,50.0,1.0,fastapi
40.816326530612244,0.6326530612244897,50.0,1.0,fastapi
40.816326530612244,0.6530612244897959,50.0,1.0,fastapi
40.816326530612244,0.673469387755102,50.0,1.0,fastapi
40.816326530612244,0.6938775510204082,50.0,1.0,fastapi
40.816326530612244,0.7142857142857142,50.0,1.0,fastapi
40.816326530612244,0.7346938775510203,50.0,1.0,fastapi
40.816326530612244,0.7551020408163265,50.0,1.0,fastapi
40.816326530612244,0.7755102040816326,50.0,1.0,fastapi
40.816326530612244,0.7959183673469387,50.0,1.0,fastapi
40.816326530612244,0.8163265306122448,50.0,1.0,fastapi
40.816326530612244,0.836734693877551,50.0,1.0,fastapi
40.816326530612244,0.8571428571428571,50.0,1.0,fastapi
40.816326530612244,0.8775510204081632,50.0,1.0,fastapi
40.816326530612244,0.8979591836734693,50.0,1.0,fastapi
40.816326530612244,0.9183673469387754,50.0,1.0,fastapi
40.816326530612244,0.9387755102040816,50.0,1.0,fastapi
40.816326530612244,0.9591836734693877,50.0,1.0,fastapi
40.816326530612244,0.9795918367346939,50.0,1.0,fastapi
40.816326530612244,1.0,50.0,1.0,fastapi
44.89795918367347,0.0,50.0,8.86901943886187e-06,flask
44.89795918367347,0.02040816326530612,50.0,2.1653429939760827e-05,flask
44.89795918367347,0.04081632653061224,50.0,5.2865292673232034e-05,flask
44.89795918367347,0.061224489795918366,50.0,0.00012823152064811438,flask
44.89795918367347,0.08163265306122448,50.0,0.000304355809930712,flask
44.89795918367347,0.1020408163265306,50.0,0.0007222108542919159,flask
44.89795918367347,0.12244897959183673,50.0,0.002031479962170124,flask
44.89795918367347,0.14285714285714285,50.0,0.1085767075419426,flask
44.89795918367347,0.16326530612244897,50.0,0.9770351648330688,fastapi
44.89795918367347,0.18367346938775508,50.0,0.9997816681861877,fastapi
44.89795918367347,0.2040816326530612,50.0,0.9999895095825195,fastapi
44.89795918367347,0.22448979591836732,50.0,0.9999995231628418,fastapi
44.89795918367347,0.24489795918367346,50.0,1.0,fastapi
44.89795918367347,0.26530612244897955,50.0,1.0,fastapi
44.89795918367347,0.2857142857142857,50.0,1.0,fastapi
44.89795918367347,0.3061224489795918,50.0,1.0,fastapi
44.89795918367347,0.32653061224489793,50.0,1.0,fastapi
44.89795918367347,0.3469387755102041,50.0,1.0,fastapi
44.89795918367347,0.36734693877551017,50.0,1.0,fastapi
44.89795918367347,0.3877551020408163,50.0,1.0,fastapi
44.89795918367347,0.4081632653061224,50.0,1.0,fastapi
44.89795918367347,0.42857142857142855,50.0,1.0,fastapi
44.89795918367347,0.44897959183673464,50.0,1.0,fastapi
44.89795918367347,0.4693877551020408,50.0,1.0,fastapi
44.89795918367347,0.4897959183673469,50.0,1.0,fastapi
44.89795918367347,0.5102040816326531,50.0,1.0,fastapi
44.89795918367347,0.5306122448979591,50.0,1.0,fastapi
44.89795918367347,0.5510204081632653,50.0,1.0,fastapi
44.89795918367347,0.5714285714285714,50.0,1.0,fastapi
44.89795918367347,0.5918367346938775,50.0,1.0,fastapi
44.89795918367347,0.6122448979591836,50.0,1.0,fastapi
44.89795918367347,0.6326530612244897,50.0,1.0,fastapi
44.89795918367347,0.6530612244897959,50.0,1.0,fastapi
44.89795918367347,0.673469387755102,50.0,1.0,fastapi
44.89795918367347,0.6938775510204082,50.0,1.0,fastapi
44.89795918367347,0.7142857142857142,50.0,1.0,fastapi
44.89795918367347,0.7346938775510203,50.0,1.0,fastapi
44.89795918367347,0.7551020408163265,50.0,1.0,fastapi
44.89795918367347,0.7755102040816326,50.0,1.0,fastapi
44.89795918367347,0.7959183673469387,50.0,1.0,fastapi
44.89795918367347,0.8163265306122448,50.0,1.0,fastapi
44.89795918367347,0.836734693877551,50.0,1.0,fastapi
44.89795918367347,0.8571428571428571,50.0,1.0,fastapi
44.89795918367347,0.8775510204081632,50.0,1.0,fastapi
44.89795918367347,0.8979591836734693,50.0,1.0,fastapi
44.89795918367347,0.9183673469387754,50.0,1.0,fastapi
44.89795918367347,0.9387755102040816,50.0,1.0,fastapi
44.89795918367347,0.9591836734693877,50.0,1.0,fastapi
44.89795918367347,0.9795918367346939,50.0,1.0,fastapi
44.89795918367347,1.0,50.0,1.0,fastapi
48.9795918367347,0.0,50.0,9.106169272854459e-06,flask
48.9795918367347,0.02040816326530612,50.0,2.223241790488828e-05,flask
48.9795918367347,0.04081632653061224,50.0,5.4278858442557976e-05,flask
48.9795918367347,0.061224489795918366,50.0,0.00013145542470738292,flask
48.9795918367347,0.08163265306122448,50.0,0.0003120069159194827,flask
48.9795918367347,0.1020408163265306,50.0,0.0007403581403195858,flask
48.9795918367347,0.12244897959183673,50.0,0.0020721773616969585,flask
48.9795918367347,0.14285714285714285,50.0,0.11270987242460251,flask
48.9795918367347,0.16326530612244897,50.0,0.9779590368270874,fastapi
48.9795918367347,0.18367346938775508,50.0,0.9997825026512146,fastapi
48.9795918367347,0.2040816326530612,50.0,0.9999895095825195,fastapi
48.9795918367347,0.22448979591836732,50.0,0.9999995231628418,fastapi
48.9795918367347,0.24489795918367346,50.0,1.0,fastapi
48.9795918367347,0.26530612244897955,50.0,1.0,fastapi
48.9795918367347,0.2857142857142857,50.0,1.0,fastapi
48.9795918367347,0.3061224489795918,50.0,1.0,fastapi
48.9795918367347,0.32653061224489793,50.0,1.0,fastapi
48.9795918367347,0.3469387755102041,50.0,1.0,fastapi
48.9795918367347,0.36734693877551017,50.0,1.0,fastapi
48.9795918367347,0.3877551020408163,50.0,1.0,fastapi
48.9795918367347,0.4081632653061224,50.0,1.0,fastapi
48.9795918367347,0.42857142857142855,50.0,1.0,fastapi
48.9795918367347,0.44897959183673464,50.0,1.0,fastapi
48.9795918367347,0.4693877551020408,50.0,1.0,fastapi
48.9795918367347,0.4897959183673469,50.0,1.0,fastapi
48.9795918367347,0.5102040816326531,50.0,1.0,fastapi
48.9795918367347,0.5306122448979591,50.0,1.0,fastapi
48.9795918367347,0.5510204081632653,50.0,1.0,fastapi
48.9795918367347,0.5714285714285714,50.0,1.0,fastapi
48.9795918367347,0.5918367346938775,50.0,1.0,fastapi
48.9795918367347,0.6122448979591836,50.0,1.0,fastapi
48.9795918367347,0.6326530612244897,50.0,1.0,fastapi
48.9795918367347,0.6530612244897959,50.0,1.0,fastapi
48.9795918367347,0.673469387755102,50.0,1.0,fastapi
48.9795918367347,0.6938775510204082,50.0,1.0,fastapi
48.9795918367347,0.7142857142857142,50.0,1.0,fastapi
48.9795918367347,0.7346938775510203,50.0,1.0,fastapi
48.9795918367347,0.7551020408163265,50.0,1.0,fastapi
48.9795918367347,0.7755102040816326,50.0,1.0,fastapi
48.9795918367347,0.7959183673469387,50.0,1.0,fastapi
48.9795918367347,0.8163265306122448,50.0,1.0,fastapi
48.9795918367347,0.836734693877551,50.0,1.0,fastapi
48.9795918367347,0.8571428571428571,50.0,1.0,fastapi
48.9795918367347,0.8775510204081632,50.0,1.0,fastapi
48.9795918367347,0.8979591836734693,50.0,1.0,fastapi
48.9795918367347,0.9183673469387754,50.0,1.0,fastapi
48.9795918367347,0.9387755102040816,50.0,1.0,fastapi
48.9795918367347,0.9591836734693877,50.0,1.0,fastapi
48.9795918367347,0.9795918367346939,50.0,1.0,fastapi
48.9795918367347,1.0,50.0,1.0,fastapi
53.06122448979592,0.0,50.0,9.349670108349528e-06,flask
53.06122448979592,0.02040816326530612,50.0,2.2826909116702154e-05,flask
53.06122448979592,0.04081632653061224,50.0,5.573011003434658e-05,flask
53.06122448979592,0.061224489795918366,50.0,0.00013476063031703234,flask
53.06122448979592,0.08163265306122448,50.0,0.00031985031091608107,flask
53.06122448979592,0.1020408163265306,50.0,0.0007589607266709208,flask
53.06122448979592,0.12244897959183673,50.0,0.0021136889699846506,flask
53.06122448979592,0.14285714285714285,50.0,0.11697974056005478,flask
53.06122448979592,0.16326530612244897,50.0,0.9788466095924377,fastapi
53.06122448979592,0.18367346938775508,50.0,0.9997833371162415,fastapi
53.06122448979592,0.2040816326530612,50.0,0.9999895095825195,fastapi
53.06122448979592,0.22448979591836732,50.0,0.9999995231628418,fastapi
53.06122448979592,0.24489795918367346,50.0,1.0,fastapi
53.06122448979592,0.26530612244897955,50.0,1.0,fastapi
53.06122448979592,0.2857142857142857,50.0,1.0,fastapi
53.06122448979592,0.3061224489795918,50.0,1.0,fastapi
53.06122448979592,0.32653061224489793,50.0,1.0,fastapi
53.06122448979592,0.3469387755102041,50.0,1.0,fastapi
53.06122448979592,0.36734693877551017,50.0,1.0,fastapi
53.06122448979592,0.3877551020408163,50.0,1.0,fastapi
53.06122448979592,0.4081632653061224,50.0,1.0,fastapi
53.06122448979592,0.42857142857142855,50.0,1.0,fastapi
53.06122448979592,0.44897959183673464,50.0,1.0,fastapi
53.06122448979592,0.4693877551020408,50.0,1.0,fastapi
53.06122448979592,0.4897959183673469,50.0,1.0,fastapi
53.06122448979592,0.5102040816326531,50.0,1.0,fastapi
53.06122448979592,0.5306122448979591,50.0,1.0,fastapi
53.06122448979592,0.5510204081632653,50.0,1.0,fastapi
53.06122448979592,0.5714285714285714,50.0,1.0,fastapi
53.06122448979592,0.5918367346938775,50.0,1.0,fastapi
53.06122448979592,0.6122448979591836,50.0,1.0,fastapi
53.06122448979592,0.6326530612244897,50.0,1.0,fastapi
53.06122448979592,0.6530612244897959,50.0,1.0,fastapi
53.06122448979592,0.673469387755102,50.0,1.0,fastapi
53.06122448979592,0.6938775510204082,50.0,1.0,fastapi
53.06122448979592,0.7142857142857142,50.0,1.0,fastapi
53.06122448979592,0.7346938775510203,50.0,1.0,fastapi
53.06122448979592,0.7551020408163265,50.0,1.0,fastapi
53.06122448979592,0.7755102040816326,50.0,1.0,fastapi
53.06122448979592,0.7959183673469387,50.0,1.0,fastapi
53.06122448979592,0.8163265306122448,50.0,1.0,fastapi
53.06122448979592,0.836734693877551,50.0,1.0,fastapi
53.06122448979592,0.8571428571428571,50.0,1.0,fastapi
53.06122448979592,0.8775510204081632,50.0,1.0,fastapi
53.06122448979592,0.8979591836734693,50.0,1.0,fastapi
53.06122448979592,0.9183673469387754,50.0,1.0,fastapi
53.06122448979592,0.9387755102040816,50.0,1.0,fastapi
53.06122448979592,0.9591836734693877,50.0,1.0,fastapi
53.06122448979592,0.9795918367346939,50.0,1.0,fastapi
53.06122448979592,1.0,50.0,1.0,fastapi
57.142857142857146,0.0,50.0,9.599662917025853e-06,flask
57.142857142857146,0.02040816326530612,50.0,2.3437316485797055e-05,flask
57.142857142857146,0.04081632653061224,50.0,5.7220378948841244e-05,flask
57.142857142857146,0.061224489795918366,50.0,0.00013814892736263573,flask
57.142857142857146,0.08163265306122448,50.0,0.00032789050601422787,flask
57.142857142857146,0.1020408163265306,50.0,0.0007780311862006783,flask
57.142857142857146,0.12244897959183673,50.0,0.0021560315508395433,flask
57.142857142857146,0.14285714285714285,50.0,0.12138918042182922,flask
57.142857142857146,0.16326530612244897,50.0,0.9796991348266602,fastapi
57.142857142857146,0.18367346938775508,50.0,0.9997842907905579,fastapi
57.142857142857146,0.2040816326530612,50.0,0.9999896287918091,fastapi
57.142857142857146,0.22448979591836732,50.0,0.9999995231628418,fastapi
57.142857142857146,0.24489795918367346,50.0,1.0,fastapi
57.142857142857146,0.26530612244897955,50.0,1.0,fastapi
57.142857142857146,0.2857142857142857,50.0,1.0,fastapi
57.142857142857146,0.3061224489795918,50.0,1.0,fastapi
57.142857142857146,0.32653061224489793,50.0,1.0,fastapi
57.142857142857146,0.3469387755102041,50.0,1.0,fastapi
57.142857142857146,0.36734693877551017,50.0,1.0,fastapi
57.142857142857146,0.3877551020408163,50.0,1.0,fastapi
57.142857142857146,0.4081632653061224,50.0,1.0,fastapi
57.142857142857146,0.42857142857142855,50.0,1.0,fastapi
57.142857142857146,0.44897959183673464,50.0,1.0,fastapi
57.142857142857146,0.4693877551020408,50.0,1.0,fastapi
57.142857142857146,0.4897959183673469,50.0,1.0,fastapi
57.142857142857146,0.5102040816326531,50.0,1.0,fastapi
57.142857142857146,0.5306122448979591,50.0,1.0,fastapi
57.142857142857146,0.5510204081632653,50.0,1.0,fastapi
57.142857142857146,0.5714285714285714,50.0,1.0,fastapi
57.142857142857146,0.5918367346938775,50.0,1.0,fastapi
57.142857142857146,0.6122448979591836,50.0,1.0,fastapi
57.142857142857146,0.6326530612244897,50.0,1.0,fastapi
57.142857142857146,0.6530612244897959,50.0,1.0,fastapi
57.142857142857146,0.673469387755102,50.0,1.0,fastapi
57.142857142857146,0.6938775510204082,50.0,1.0,fastapi
57.142857142857146,0.7142857142857142,50.0,1.0,fastapi
57.142857142857146,0.7346938775510203,50.0,1.0,fastapi
57.142857142857146,0.7551020408163265,50.0,1.0,fastapi
57.142857142857146,0.7755102040816326,50.0,1.0,fastapi
57.142857142857146,0.7959183673469387,50.0,1.0,fastapi
57.142857142857146,0.8163265306122448,50.0,1.0,fastapi
57.142857142857146,0.836734693877551,50.0,1.0,fastapi
57.142857142857146,0.8571428571428571,50.0,1.0,fastapi
57.142857142857146,0.8775510204081632,50.0,1.0,fastapi
57.142857142857146,0.8979591836734693,50.0,1.0,fastapi
57.142857142857146,0.9183673469387754,50.0,1.0,fastapi
57.142857142857146,0.9387755102040816,50.0,1.0,fastapi
57.142857142857146,0.9591836734693877,50.0,1.0,fastapi
57.142857142857146,0.9795918367346939,50.0,1.0,fastapi
57.142857142857146,1.0,50.0,1.0,fastapi
61.224489795918366,0.0,50.0,9.856340511760209e-06,flask
61.224489795918366,0.02040816326530612,50.0,2.4063980163191445e-05,flask
61.224489795918366,0.04081632653061224,50.0,5.875027272850275e-05,flask
61.224489795918366,0.061224489795918366,50.0,0.00014162213483359665,flask
61.224489795918366,0.08163265306122448,50.0,0.0003361324197612703,flask
61.224489795918366,0.1020408163265306,50.0,0.0007975792395882308,flask
61.224489795918366,0.12244897959183673,50.0,0.0021992181427776814,flask
61.224489795918366,0.14285714285714285,50.0,0.12594124674797058,flask
61.224489795918366,0.16326530612244897,50.0,0.9805179834365845,fastapi
61.224489795918366,0.18367346938775508,50.0,0.9997851252555847,fastapi
61.224489795918366,0.2040816326530612,50.0,0.9999896287918091,fastapi
61.224489795918366,0.22448979591836732,50.0,0.9999995231628418,fastapi
61.224489795918366,0.24489795918367346,50.0,1.0,fastapi
61.224489795918366,0.26530612244897955,50.0,1.0,fastapi
61.224489795918366,0.2857142857142857,50.0,1.0,fastapi
61.224489795918366,0.3061224489795918,50.0,1.0,fastapi
61.224489795918366,0.32653061224489793,50.0,1.0,fastapi
61.224489795918366,0.3469387755102041,50.0,1.0,fastapi
61.224489795918366,0.36734693877551017,50.0,1.0,fastapi
61.224489795918366,0.3877551020408163,50.0,1.0,fastapi
61.224489795918366,0.4081632653061224,50.0,1.0,fastapi
61.224489795918366,0.42857142857142855,50.0,1.0,fastapi
61.224489795918366,0.44897959183673464,50.0,1.0,fastapi
61.224489795918366,0.4693877551020408,50.0,1.0,fastapi
61.224489795918366,0.4897959183673469,50.0,1.0,fastapi
61.224489795918366,0.5102040816326531,50.0,1.0,fastapi
61.224489795918366,0.5306122448979591,50.0,1.0,fastapi
61.224489795918366,0.5510204081632653,50.0,1.0,fastapi
61.224489795918366,0.5714285714285714,50.0,1.0,fastapi
61.224489795918366,0.5918367346938775,50.0,1.0,fastapi
61.224489795918366,0.6122448979591836,50.0,1.0,fastapi
61.224489795918366,0.6326530612244897,50.0,1.0,fastapi
61.224489795918366,0.6530612244897959,50.0,1.0,fastapi
61.224489795918366,0.673469387755102,50.0,1.0,fastapi
61.224489795918366,0.6938775510204082,50.0,1.0,fastapi
61.224489795918366,0.7142857142857142,50.0,1.0,fastapi
61.224489795918366,0.7346938775510203,50.0,1.0,fastapi
61.224489795918366,0.7551020408163265,50.0,1.0,fastapi
61.224489795918366,0.7755102040816326,50.0,1.0,fastapi
61.224489795918366,0.7959183673469387,50.0,1.0,fastapi
61.224489795918366,0.8163265306122448,50.0,1.0,fastapi
61.224489795918366,0.836734693877551,50.0,1.0,fastapi
61.224489795918366,0.8571428571428571,50.0,1.0,fastapi
61.224489795918366,0.8775510204081632,50.0,1.0,fastapi
61.224489795918366,0.8979591836734693,50.0,1.0,fastapi
61.224489795918366,0.9183673469387754,50.0,1.0,fastapi
61.224489795918366,0.9387755102040816,50.0,1.0,fastapi
61.224489795918366,0.9591836734693877,50.0,1.0,fastapi
61.224489795918366,0.9795918367346939,50.0,1.0,fastapi
61.224489795918366,1.0,50.0,1.0,fastapi
65.3061224489796,0.0,50.0,1.011992026178632e-05,flask
65.3061224489796,0.02040816326530612,50.0,2.4707444026716985e-05,flask
65.3061224489796,0.04081632653061224,50.0,6.0321184719214216e-05,flask
65.3061224489796,0.061224489795918366,50.0,0.00014518265379592776,flask
65.3061224489796,0.08163265306122448,50.0,0.0003445820475462824,flask
65.3061224489796,0.1020408163265306,50.0,0.0008176183910109103,flask
65.3061224489796,0.12244897959183673,50.0,0.0022432683035731316,flask
65.3061224489796,0.14285714285714285,50.0,0.13063830137252808,flask
65.3061224489796,0.16326530612244897,50.0,0.981304407119751,fastapi
65.3061224489796,0.18367346938775508,50.0,0.9997859597206116,fastapi
65.3061224489796,0.2040816326530612,50.0,0.9999896287918091,fastapi
65.3061224489796,0.22448979591836732,50.0,0.9999995231628418,fastapi
65.3061224489796,0.24489795918367346,50.0,1.0,fastapi
65.3061224489796,0.26530612244897955,50.0,1.0,fastapi
65.3061224489796,0.2857142857142857,50.0,1.0,fastapi
65.3061224489796,0.3061224489795918,50.0,1.0,fastapi
65.3061224489796,0.32653061224489793,50.0,1.0,fastapi
65.3061224489796,0.3469387755102041,50.0,1.0,fastapi
65.3061224489796,0.36734693877551017,50.0,1.0,fastapi
65.3061224489796,0.3877551020408163,50.0,1.0,fastapi
65.3061224489796,0.4081632653061224,50.0,1.0,fastapi
65.3061224489796,0.42857142857142855,50.0,1.0,fastapi
65.3061224489796,0.44897959183673464,50.0,1.0,fastapi
65.3061224489796,0.4693877551020408,50.0,1.0,fastapi
65.3061224489796,0.4897959183673469,50.0,1.0,fastapi
65.3061224489796,0.5102040816326531,50.0,1.0,fastapi
65.3061224489796,0.5306122448979591,50.0,1.0,fastapi
65.3061224489796,0.5510204081632653,50.0,1.0,fastapi
65.3061224489796,0.5714285714285714,50.0,1.0,fastapi
65.3061224489796,0.5918367346938775,50.0,1.0,fastapi
65.3061224489796,0.6122448979591836,50.0,1.0,fastapi
65.3061224489796,0.6326530612244897,50.0,1.0,fastapi
65.3061224489796,0.6530612244897959,50.0,1.0,fastapi
65.3061224489796,0.673469387755102,50.0,1.0,fastapi
65.3061224489796,0.6938775510204082,50.0,1.0,fastapi
65.3061224489796,0.7142857142857142,50.0,1.0,fastapi
65.3061224489796,0.7346938775510203,50.0,1.0,fastapi
65.3061224489796,0.7551020408163265,50.0,1.0,fastapi
65.3061224489796,0.7755102040816326,50.0,1.0,fastapi
65.3061224489796,0.7959183673469387,50.0,1.0,fastapi
65.3061224489796,0.8163265306122448,50.0,1.0,fastapi
65.3061224489796,0.836734693877551,50.0,1.0,fastapi
65.3061224489796,0.8571428571428571,50.0,1.0,fastapi
65.3061224489796,0.8775510204081632,50.0,1.0,fastapi
65.3061224489796,0.8979591836734693,50.0,1.0,fastapi
65.3061224489796,0.9183673469387754,50.0,1.0,fastapi
65.3061224489796,0.9387755102040816,50.0,1.0,fastapi
65.3061224489796,0.9591836734693877,50.0,1.0,fastapi
65.3061224489796,0.9795918367346939,50.0,1.0,fastapi
65.3061224489796,1.0,50.0,1.0,fastapi
69.38775510204081,0.0,50.0,1.039052767737303e-05,flask
69.38775510204081,0.02040816326530612,50.0,2.536809006414842e-05,flask
69.38775510204081,0.04081632653061224,50.0,6.193403532961383e-05,flask
69.38775510204081,0.061224489795918366,50.0,0.00014883308904245496,flask
69.38775510204081,0.08163265306122448,50.0,0.00035324369673617184,flask
69.38775510204081,0.1020408163265306,50.0,0.0008381606894545257,flask
69.38775510204081,0.12244897959183673,50.0,0.002288199495524168,flask
69.38775510204081,0.14285714285714285,50.0,0.13548368215560913,flask
69.38775510204081,0.16326530612244897,50.0,0.9820597171783447,fastapi
69.38775510204081,0.18367346938775508,50.0,0.9997867941856384,fastapi
69.38775510204081,0.2040816326530612,50.0,0.9999897480010986,fastapi
69.38775510204081,0.22448979591836732,50.0,0.9999995231628418,fastapi
69.38775510204081,0.24489795918367346,50.0,1.0,fastapi
69.38775510204081,0.26530612244897955,50.0,1.0,fastapi
69.38775510204081,0.2857142857142857,50.0,1.0,fastapi
69.38775510204081,0.3061224489795918,50.0,1.0,fastapi
69.38775510204081,0.32653061224489793,50.0,1.0,fastapi
69.38775510204081,0.3469387755102041,50.0,1.0,fastapi
69.38775510204081,0.36734693877551017,50.0,1.0,fastapi
69.38775510204081,0.3877551020408163,50.0,1.0,fastapi
69.38775510204081,0.4081632653061224,50.0,1.0,fastapi
69.38775510204081,0.42857142857142855,50.0,1.0,fastapi
69.38775510204081,0.44897959183673464,50.0,1.0,fastapi
69.38775510204081,0.4693877551020408,50.0,1.0,fastapi
69.38775510204081,0.4897959183673469,50.0,1.0,fastapi
69.38775510204081,0.5102040816326531,50.0,1.0,fastapi
69.38775510204081,0.5306122448979591,50.0,1.0,fastapi
69.38775510204081,0.5510204081632653,50.0,1.0,fastapi
69.38775510204081,0.5714285714285714,50.0,1.0,fastapi
69.38775510204081,0.5918367346938775,50.0,1.0,fastapi
69.38775510204081,0.6122448979591836,50.0,1.0,fastapi
69.38775510204081,0.6326530612244897,50.0,1.0,fastapi
69.38775510204081,0.6530612244897959,50.0,1.0,fastapi
69.38775510204081,0.673469387755102,50.0,1.0,fastapi
69.38775510204081,0.6938775510204082,50.0,1.0,fastapi
69.38775510204081,0.7142857142857142,50.0,1.0,fastapi
69.38775510204081,0.7346938775510203,50.0,1.0,fastapi
69.38775510204081,0.7551020408163265,50.0,1.0,fastapi
69.38775510204081,0.7755102040816326,50.0,1.0,fastapi
69.38775510204081,0.7959183673469387,50.0,1.0,fastapi
69.38775510204081,0.8163265306122448,50.0,1.0,fastapi
69.38775510204081,0.836734693877551,50.0,1.0,fastapi
69.38775510204081,0.8571428571428571,50.0,1.0,fastapi
69.38775510204081,0.8775510204081632,50.0,1.0,fastapi
69.38775510204081,0.8979591836734693,50.0,1.0,fastapi
69.38775510204081,0.9183673469387754,50.0,1.0,fastapi
69.38775510204081,0.9387755102040816,50.0,1.0,fastapi
69.38775510204081,0.9591836734693877,50.0,1.0,fastapi
69.38775510204081,0.9795918367346939,50.0,1.0,fastapi
69.38775510204081,1.0,50.0,1.0,fastapi
73.46938775510205,0.0,50.0,1.0668351023923606e-05,flask
73.46938775510205,0.02040816326530612,50.0,2.6046425773529336e-05,flask
73.46938775510205,0.04081632653061224,50.0,6.359007238643244e-05,flask
73.46938775510205,0.061224489795918366,50.0,0.0001525750121800229,flask
73.46938775510205,0.08163265306122448,50.0,0.0003621230134740472,flask
73.46938775510205,0.1020408163265306,50.0,0.0008592186495661736,flask
73.46938775510205,0.12244897959183673,50.0,0.0023340298794209957,flask
73.46938775510205,0.14285714285714285,50.0,0.14047935605049133,flask
73.46938775510205,0.16326530612244897,50.0,0.9827849268913269,fastapi
73.46938775510205,0.18367346938775508,50.0,0.9997876286506653,fastapi
73.46938775510205,0.2040816326530612,50.0,0.9999897480010986,fastapi
73.46938775510205,0.22448979591836732,50.0,0.9999995231628418,fastapi
73.46938775510205,0.24489795918367346,50.0,1.0,fastapi
73.46938775510205,0.26530612244897955,50.0,1.0,fastapi
73.46938775510205,0.2857142857142857,50.0,1.0,fastapi
73.46938775510205,0.3061224489795918,50.0,1.0,fastapi
73.46938775510205,0.32653061224489793,50.0,1.0,fastapi
73.46938775510205,0.3469387755102041,50.0,1.0,fastapi
73.46938775510205,0.36734693877551017,50.0,1.0,fastapi
73.46938775510205,0.3877551020408163,50.0,1.0,fastapi
73.46938775510205,0.4081632653061224,50.0,1.0,fastapi
73.46938775510205,0.42857142857142855,50.0,1.0,fastapi
73.46938775510205,0.44897959183673464,50.0,1.0,fastapi
73.46938775510205,0.4693877551020408,50.0,1.0,fastapi
73.46938775510205,0.4897959183673469,50.0,1.0,fastapi
73.46938775510205,0.5102040816326531,50.0,1.0,fastapi
73.46938775510205,0.5306122448979591,50.0,1.0,fastapi
73.46938775510205,0.5510204081632653,50.0,1.0,fastapi
73.46938775510205,0.5714285714285714,50.0,1.0,fastapi
73.46938775510205,0.5918367346938775,50.0,1.0,fastapi
73.46938775510205,0.6122448979591836,50.0,1.0,fastapi
73.46938775510205,0.6326530612244897,50.0,1.0,fastapi
73.46938775510205,0.6530612244897959,50.0,1.0,fastapi
73.46938775510205,0.673469387755102,50.0,1.0,fastapi
73.46938775510205,0.6938775510204082,50.0,1.0,fastapi
73.46938775510205,0.7142857142857142,50.0,1.0,fastapi
73.46938775510205,0.7346938775510203,50.0,1.0,fastapi
73.46938775510205,0.7551020408163265,50.0,1.0,fastapi
73.46938775510205,0.7755102040816326,50.0,1.0,fastapi
73.46938775510205,0.7959183673469387,50.0,1.0,fastapi
73.46938775510205,0.8163265306122448,50.0,1.0,fastapi
73.46938775510205,0.836734693877551,50.0,1.0,fastapi
73.46938775510205,0.8571428571428571,50.0,1.0,fastapi
73.46938775510205,0.8775510204081632,50.0,1.0,fastapi
73.46938775510205,0.8979591836734693,50.0,1.0,fastapi
73.46938775510205,0.9183673469387754,50.0,1.0,fastapi
73.46938775510205,0.9387755102040816,50.0,1.0,fastapi
73.46938775510205,0.9591836734693877,50.0,1.0,fastapi
73.46938775510205,0.9795918367346939,50.0,1.0,fastapi
73.46938775510205,1.0,50.0,1.0,fastapi
77.55102040816327,0.0,50.0,1.0953604032692965e-05,flask
77.55102040816327,0.02040816326530612,50.0,2.674284769454971e-05,flask
77.55102040816327,0.04081632653061224,50.0,6.529025995405391e-05,flask
77.55102040816327,0.061224489795918366,50.0,0.000156410998897627,flask
77.55102040816327,0.08163265306122448,50.0,0.0003712254110723734,flask
77.55102040816327,0.1020408163265306,50.0,0.0008808055426925421,flask
77.55102040816327,0.12244897959183673,50.0,0.002380773425102234,flask
77.55102040816327,0.14285714285714285,50.0,0.14562860131263733,flask
77.55102040816327,0.16326530612244897,50.0,0.9834814667701721,fastapi
77.55102040816327,0.18367346938775508,50.0,0.9997884631156921,fastapi
77.55102040816327,0.2040816326530612,50.0,0.9999897480010986,fastapi
77.55102040816327,0.22448979591836732,50.0,0.9999995231628418,fastapi
77.55102040816327,0.24489795918367346,50.0,1.0,fastapi
77.55102040816327,0.26530612244897955,50.0,1.0,fastapi
77.55102040816327,0.2857142857142857,50.0,1.0,fastapi
77.55102040816327,0.3061224489795918,50.0,1.0,fastapi
77.55102040816327,0.32653061224489793,50.0,1.0,fastapi
77.55102040816327,0.3469387755102041,50.0,1.0,fastapi
77.55102040816327,0.36734693877551017,50.0,1.0,fastapi
77.55102040816327,0.3877551020408163,50.0,1.0,fastapi
77.55102040816327,0.4081632653061224,50.0,1.0,fastapi
77.55102040816327,0.42857142857142855,50.0,1.0,fastapi
77.55102040816327,0.44897959183673464,50.0,1.0,fastapi
77.55102040816327,0.4693877551020408,50.0,1.0,fastapi
77.55102040816327,0.4897959183673469,50.0,1.0,fastapi
77.55102040816327,0.5102040816326531,50.0,1.0,fastapi
77.55102040816327,0.5306122448979591,50.0,1.0,fastapi
77.55102040816327,0.5510204081632653,50.0,1.0,fastapi
77.55102040816327,0.5714285714285714,50.0,1.0,fastapi
77.55102040816327,0.5918367346938775,50.0,1.0,fastapi
77.55102040816327,0.6122448979591836,50.0,1.0,fastapi
77.55102040816327,0.6326530612244897,50.0,1.0,fastapi
77.55102040816327,0.6530612244897959,50.0,1.0,fastapi
77.55102040816327,0.673469387755102,50.0,1.0,fastapi
77.55102040816327,0.6938775510204082,50.0,1.0,fastapi
77.55102040816327,0.7142857142857142,50.0,1.0,fastapi
77.55102040816327,0.7346938775510203,50.0,1.0,fastapi
77.55102040816327,0.7551020408163265,50.0,1.0,fastapi
77.55102040816327,0.7755102040816326,50.0,1.0,fastapi
77.55102040816327,0.7959183673469387,50.0,1.0,fastapi
77.55102040816327,0.8163265306122448,50.0,1.0,fastapi
77.55102040816327,0.836734693877551,50.0,1.0,fastapi
77.55102040816327,0.8571428571428571,50.0,1.0,fastapi
77.55102040816327,0.8775510204081632,50.0,1.0,fastapi
77.55102040816327,0.8979591836734693,50.0,1.0,fastapi
77.55102040816327,0.9183673469387754,50.0,1.0,fastapi
77.55102040816327,0.9387755102040816,50.0,1.0,fastapi
77.55102040816327,0.9591836734693877,50.0,1.0,fastapi
77.55102040816327,0.9795918367346939,50.0,1.0,fastapi
77.55102040816327,1.0,50.0,1.0,fastapi
81.63265306122449,0.0,50.0,1.124650316342013e-05,flask
81.63265306122449,0.02040816326530612,50.0,2.7457914256956428e-05,flask
81.63265306122449,0.04081632653061224,50.0,6.703603139612824e-05,flask
81.63265306122449,0.061224489795918366,50.0,0.00016034340660553426,flask
81.63265306122449,0.08163265306122448,50.0,0.0003805565647780895,flask
81.63265306122449,0.1020408163265306,50.0,0.000902934349142015,flask
81.63265306122449,0.12244897959183673,50.0,0.0024284522514790297,flask
81.63265306122449,0.14285714285714285,50.0,0.1509333997964859,flask
81.63265306122449,0.16326530612244897,50.0,0.984150230884552,fastapi
81.63265306122449,0.18367346938775508,50.0,0.999789297580719,fastapi
81.63265306122449,0.2040816326530612,50.0,0.9999898672103882,fastapi
81.63265306122449,0.22448979591836732,50.0,0.9999995231628418,fastapi
81.63265306122449,0.24489795918367346,50.0,1.0,fastapi
81.63265306122449,0.26530612244897955,50.0,1.0,fastapi
81.63265306122449,0.2857142857142857,50.0,1.0,fastapi
81.63265306122449,0.3061224489795918,50.0,1.0,fastapi
81.63265306122449,0.32653061224489793,50.0,1.0,fastapi
81.63265306122449,0.3469387755102041,50.0,1.0,fastapi
81.63265306122449,0.36734693877551017,50.0,1.0,fastapi
81.63265306122449,0.3877551020408163,50.0,1.0,fastapi
81.63265306122449,0.4081632653061224,50.0,1.0,fastapi
81.63265306122449,0.42857142857142855,50.0,1.0,fastapi
81.63265306122449,0.44897959183673464,50.0,1.0,fastapi
81.63265306122449,0.4693877551020408,50.0,1.0,fastapi
81.63265306122449,0.4897959183673469,50.0,1.0,fastapi
81.63265306122449,0.5102040816326531,50.0,1.0,fastapi
81.63265306122449,0.5306122448979591,50.0,1.0,fastapi
81.63265306122449,0.5510204081632653,50.0,1.0,fastapi
81.63265306122449,0.5714285714285714,50.0,1.0,fastapi
81.63265306122449,0.5918367346938775,50.0,1.0,fastapi
81.63265306122449,0.6122448979591836,50.0,1.0,fastapi
81.63265306122449,0.6326530612244897,50.0,1.0,fastapi
81.63265306122449,0.6530612244897959,50.0,1.0,fastapi
81.63265306122449,0.673469387755102,50.0,1.0,fastapi
81.63265306122449,0.6938775510204082,50.0,1.0,fastapi
81.63265306122449,0.7142857142857142,50.0,1.0,fastapi
81.63265306122449,0.7346938775510203,50.0,1.0,fastapi
81.63265306122449,0.7551020408163265,50.0,1.0,fastapi
81.63265306122449,0.7755102040816326,50.0,1.0,fastapi
81.63265306122449,0.7959183673469387,50.0,1.0,fastapi
81.63265306122449,0.8163265306122448,50.0,1.0,fastapi
81.63265306122449,0.836734693877551,50.0,1.0,fastapi
81.63265306122449,0.8571428571428571,50.0,1.0,fastapi
81.63265306122449,0.8775510204081632,50.0,1.0,fastapi
81.63265306122449,0.8979591836734693,50.0,1.0,fastapi
81.63265306122449,0.9183673469387754,50.0,1.0,fastapi
81.63265306122449,0.9387755102040816,50.0,1.0,fastapi
81.63265306122449,0.9591836734693877,50.0,1.0,fastapi
81.63265306122449,0.9795918367346939,50.0,1.0,fastapi
81.63265306122449,1.0,50.0,1.0,fastapi
85.71428571428572,0.0,50.0,1.1547247595444787e-05,flask
85.71428571428572,0.02040816326530612,50.0,2.8192131139803678e-05,flask
85.71428571428572,0.04081632653061224,50.0,6.882841262267902e-05,flask
85.71428571428572,0.061224489795918366,50.0,0.00016437468002550304,flask
85.71428571428572,0.08163265306122448,50.0,0.00039012249908410013,flask
85.71428571428572,0.1020408163265306,50.0,0.0009256185730919242,flask
85.71428571428572,0.12244897959183673,50.0,0.002477084519341588,flask
85.71428571428572,0.14285714285714285,50.0,0.1563960313796997,flask
85.71428571428572,0.16326530612244897,50.0,0.9847923517227173,fastapi
85.71428571428572,0.18367346938775508,50.0,0.9997901320457458,fastapi
85.71428571428572,0.2040816326530612,50.0,0.9999898672103882,fastapi
85.71428571428572,0.22448979591836732,50.0,0.9999995231628418,fastapi
85.71428571428572,0.24489795918367346,50.0,1.0,fastapi
85.71428571428572,0.26530612244897955,50.0,1.0,fastapi
85.71428571428572,0.2857142857142857,50.0,1.0,fastapi
85.71428571428572,0.3061224489795918,50.0,1.0,fastapi
85.71428571428572,0.32653061224489793,50.0,1.0,fastapi
85.71428571428572,0.3469387755102041,50.0,1.0,fastapi
85.71428571428572,0.36734693877551017,50.0,1.0,fastapi
85.71428571428572,0.3877551020408163,50.0,1.0,fastapi
85.71428571428572,0.4081632653061224,50.0,1.0,fastapi
85.71428571428572,0.42857142857142855,50.0,1.0,fastapi
85.71428571428572,0.44897959183673464,50.0,1.0,fastapi
85.71428571428572,0.4693877551020408,50.0,1.0,fastapi
85.71428571428572,0.4897959183673469,50.0,1.0,fastapi
85.71428571428572,0.5102040816326531,50.0,1.0,fastapi
85.71428571428572,0.5306122448979591,50.0,1.0,fastapi
85.71428571428572,0.5510204081632653,50.0,1.0,fastapi
85.71428571428572,0.5714285714285714,50.0,1.0,fastapi
85.71428571428572,0.5918367346938775,50.0,1.0,fastapi
85.71428571428572,0.6122448979591836,50.0,1.0,fastapi
85.71428571428572,0.6326530612244897,50.0,1.0,fastapi
85.71428571428572,0.6530612244897959,50.0,1.0,fastapi
85.71428571428572,0.673469387755102,50.0,1.0,fastapi
85.71428571428572,0.6938775510204082,50.0,1.0,fastapi
85.71428571428572,0.7142857142857142,50.0,1.0,fastapi
85.71428571428572,0.7346938775510203,50.0,1.0,fastapi
85.71428571428572,0.7551020408163265,50.0,1.0,fastapi
85.71428571428572,0.7755102040816326,50.0,1.0,fastapi
85.71428571428572,0.7959183673469387,50.0,1.0,fastapi
85.71428571428572,0.8163265306122448,50.0,1.0,fastapi
85.71428571428572,0.836734693877551,50.0,1.0,fastapi
85.71428571428572,0.8571428571428571,50.0,1.0,fastapi
85.71428571428572,0.8775510204081632,50.0,1.0,fastapi
85.71428571428572,0.8979591836734693,50.0,1.0,fastapi
85.71428571428572,0.9183673469387754,50.0,1.0,fastapi
85.71428571428572,0.9387755102040816,50.0,1.0,fastapi
85.71428571428572,0.9591836734693877,50.0,1.0,fastapi
85.71428571428572,0.9795918367346939,50.0,1.0,fastapi
85.71428571428572,1.0,50.0,1.0,fastapi
89.79591836734694,0.0,50.0,1.1856010132760275e-05,flask
89.79591836734694,0.02040816326530612,50.0,2.8945978556293994e-05,flask
89.79591836734694,0.04081632653061224,50.0,7.066871330607682e-05,flask
89.79591836734694,0.061224489795918366,50.0,0.00016850711836013943,flask
89.79591836734694,0.08163265306122448,50.0,0.0003999280743300915,flask
89.79591836734694,0.1020408163265306,50.0,0.000948870787397027,flask
89.79591836734694,0.12244897959183673,50.0,0.002526684897020459,flask
89.79591836734694,0.14285714285714285,50.0,0.1620185375213623,flask
89.79591836734694,0.16326530612244897,50.0,0.9854088425636292,fastapi
89.79591836734694,0.18367346938775508,50.0,0.9997909665107727,fastapi
89.79591836734694,0.2040816326530612,50.0,0.9999898672103882,fastapi
89.79591836734694,0.22448979591836732,50.0,0.9999995231628418,fastapi
89.79591836734694,0.24489795918367346,50.0,1.0,fastapi
89.79591836734694,0.26530612244897955,50.0,1.0,fastapi
89.79591836734694,0.2857142857142857,50.0,1.0,fastapi
89.79591836734694,0.3061224489795918,50.0,1.0,fastapi
89.79591836734694,0.32653061224489793,50.0,1.0,fastapi
89.79591836734694,0.3469387755102041,50.0,1.0,fastapi
89.79591836734694,0.36734693877551017,50.0,1.0,fastapi
89.79591836734694,0.3877551020408163,50.0,1.0,fastapi
89.79591836734694,0.4081632653061224,50.0,1.0,fastapi
89.79591836734694,0.42857142857142855,50.0,1.0,fastapi
89.79591836734694,0.44897959183673464,50.0,1.0,fastapi
89.79591836734694,0.4693877551020408,50.0,1.0,fastapi
89.79591836734694,0.4897959183673469,50.0,1.0,fastapi
89.79591836734694,0.5102040816326531,50.0,1.0,fastapi
89.79591836734694,0.5306122448979591,50.0,1.0,fastapi
89.79591836734694,0.5510204081632653,50.0,1.0,fastapi
89.79591836734694,0.5714285714285714,50.0,1.0,fastapi
89.79591836734694,0.5918367346938775,50.0,1.0,fastapi
89.79591836734694,0.6122448979591836,50.0,1.0,fastapi
89.79591836734694,0.6326530612244897,50.0,1.0,fastapi
89.79591836734694,0.6530612244897959,50.0,1.0,fastapi
89.79591836734694,0.673469387755102,50.0,1.0,fastapi
89.79591836734694,0.6938775510204082,50.0,1.0,fastapi
89.79591836734694,0.7142857142857142,50.0,1.0,fastapi
89.79591836734694,0.7346938775510203,50.0,1.0,fastapi
89.79591836734694,0.7551020408163265,50.0,1.0,fastapi
89.79591836734694,0.7755102040816326,50.0,1.0,fastapi
89.79591836734694,0.7959183673469387,50.0,1.0,fastapi
89.79591836734694,0.8163265306122448,50.0,1.0,fastapi
89.79591836734694,0.836734693877551,50.0,1.0,fastapi
89.79591836734694,0.8571428571428571,50.0,1.0,fastapi
89.79591836734694,0.8775510204081632,50.0,1.0,fastapi
89.79591836734694,0.8979591836734693,50.0,1.0,fastapi
89.79591836734694,0.9183673469387754,50.0,1.0,fastapi
89.79591836734694,0.9387755102040816,50.0,1.0,fastapi
89.79591836734694,0.9591836734693877,50.0,1.0,fastapi
89.79591836734694,0.9795918367346939,50.0,1.0,fastapi
89.79591836734694,1.0,50.0,1.0,fastapi
93.87755102040816,0.0,50.0,1.2173029062978458e-05,flask
93.87755102040816,0.02040816326530612,50.0,2.9719951271545142e-05,flask
93.87755102040816,0.04081632653061224,50.0,7.255828677443787e-05,flask
93.87755102040816,0.061224489795918366,50.0,0.00017274376295972615,flask
93.87755102040816,0.08163265306122448,50.0,0.000409980391850695,flask
93.87755102040816,0.1020408163265306,50.0,0.0009727075230330229,flask
93.87755102040816,0.12244897959183673,50.0,0.002577278297394514,flask
93.87755102040816,0.14285714285714285,50.0,0.16842758655548096,flask
93.87755102040816,0.16326530612244897,50.0,0.9860005974769592,fastapi
93.87755102040816,0.18367346938775508,50.0,0.9997918009757996,fastapi
93.87755102040816,0.2040816326530612,50.0,0.9999899864196777,fastapi
93.87755102040816,0.22448979591836732,50.0,0.9999995231628418,fastapi
93.87755102040816,0.24489795918367346,50.0,1.0,fastapi
93.87755102040816,0.26530612244897955,50.0,1.0,fastapi
93.87755102040816,0.2857142857142857,50.0,1.0,fastapi
93.87755102040816,0.3061224489795918,50.0,1.0,fastapi
93.87755102040816,0.32653061224489793,50.0,1.0,fastapi
93.87755102040816,0.3469387755102041,50.0,1.0,fastapi
93.87755102040816,0.36734693877551017,50.0,1.0,fastapi
93.87755102040816,0.3877551020408163,50.0,1.0,fastapi
93.87755102040816,0.4081632653061224,50.0,1.0,fastapi
93.87755102040816,0.42857142857142855,50.0,1.0,fastapi
93.87755102040816,0.44897959183673464,50.0,1.0,fastapi
93.87755102040816,0.4693877551020408,50.0,1.0,fastapi
93.87755102040816,0.4897959183673469,50.0,1.0,fastapi
93.87755102040816,0.5102040816326531,50.0,1.0,fastapi
93.87755102040816,0.5306122448979591,50.0,1.0,fastapi
93.87755102040816,0.5510204081632653,50.0,1.0,fastapi
93.87755102040816,0.5714285714285714,50.0,1.0,fastapi
93.87755102040816,0.5918367346938775,50.0,1.0,fastapi
93.87755102040816,0.6122448979591836,50.0,1.0,fastapi
93.87755102040816,0.6326530612244897,50.0,1.0,fastapi
93.87755102040816,0.6530612244897959,50.0,1.0,fastapi
93.87755102040816,0.673469387755102,50.0,1.0,fastapi
93.87755102040816,0.6938775510204082,50.0,1.0,fastapi
93.87755102040816,0.7142857142857142,50.0,1.0,fastapi
93.87755102040816,0.7346938775510203,50.0,1.0,fastapi
93.87755102040816,0.7551020408163265,50.0,1.0,fastapi
93.87755102040816,0.7755102040816326,50.0,1.0,fastapi
93.87755102040816,0.7959183673469387,50.0,1.0,fastapi
93.87755102040816,0.8163265306122448,50.0,1.0,fastapi
93.87755102040816,0.836734693877551,50.0,1.0,fastapi
93.87755102040816,0.8571428571428571,50.0,1.0,fastapi
93.87755102040816,0.8775510204081632,50.0,1.0,fastapi
93.87755102040816,0.8979591836734693,50.0,1.0,fastapi
93.87755102040816,0.9183673469387754,50.0,1.0,fastapi
93.87755102040816,0.9387755102040816,50.0,1.0,fastapi
93.87755102040816,0.9591836734693877,50.0,1.0,fastapi
93.87755102040816,0.9795918367346939,50.0,1.0,fastapi
93.87755102040816,1.0,50.0,1.0,fastapi
97.9591836734694,0.0,50.0,1.2498524483817164e-05,flask
97.9591836734694,0.02040816326530612,50.0,3.0514653190039098e-05,flask
97.9591836734694,0.04081632653061224,50.0,7.44983772165142e-05,flask
97.9591836734694,0.061224489795918366,50.0,0.00017708673840388656,flask
97.9591836734694,0.08163265306122448,50.0,0.000420285650761798,flask
97.9591836734694,0.1020408163265306,50.0,0.0009971428662538528,flask
97.9591836734694,0.12244897959183673,50.0,0.002628881949931383,flask
97.9591836734694,0.14285714285714285,50.0,0.1750958114862442,flask
97.9591836734694,0.16326530612244897,50.0,0.986568808555603,fastapi
97.9591836734694,0.18367346938775508,50.0,0.9997926354408264,fastapi
97.9591836734694,0.2040816326530612,50.0,0.9999899864196777,fastapi
97.9591836734694,0.22448979591836732,50.0,0.9999995231628418,fastapi
97.9591836734694,0.24489795918367346,50.0,1.0,fastapi
97.9591836734694,0.26530612244897955,50.0,1.0,fastapi
97.9591836734694,0.2857142857142857,50.0,1.0,fastapi
97.9591836734694,0.3061224489795918,50.0,1.0,fastapi
97.9591836734694,0.32653061224489793,50.0,1.0,fastapi
97.9591836734694,0.3469387755102041,50.0,1.0,fastapi
97.9591836734694,0.36734693877551017,50.0,1.0,fastapi
97.9591836734694,0.3877551020408163,50.0,1.0,fastapi
97.9591836734694,0.4081632653061224,50.0,1.0,fastapi
97.9591836734694,0.42857142857142855,50.0,1.0,fastapi
97.9591836734694,0.44897959183673464,50.0,1.0,fastapi
97.9591836734694,0.4693877551020408,50.0,1.0,fastapi
97.9591836734694,0.4897959183673469,50.0,1.0,fastapi
97.9591836734694,0.5102040816326531,50.0,1.0,fastapi
97.9591836734694,0.5306122448979591,50.0,1.0,fastapi
97.9591836734694,0.5510204081632653,50.0,1.0,fastapi
97.9591836734694,0.5714285714285714,50.0,1.0,fastapi
97.9591836734694,0.5918367346938775,50.0,1.0,fastapi
97.9591836734694,0.6122448979591836,50.0,1.0,fastapi
97.9591836734694,0.6326530612244897,50.0,1.0,fastapi
97.9591836734694,0.6530612244897959,50.0,1.0,fastapi
97.9591836734694,0.673469387755102,50.0,1.0,fastapi
97.9591836734694,0.6938775510204082,50.0,1.0,fastapi
97.9591836734694,0.7142857142857142,50.0,1.0,fastapi
97.9591836734694,0.7346938775510203,50.0,1.0,fastapi
97.9591836734694,0.7551020408163265,50.0,1.0,fastapi
97.9591836734694,0.7755102040816326,50.0,1.0,fastapi
97.9591836734694,0.7959183673469387,50.0,1.0,fastapi
97.9591836734694,0.8163265306122448,50.0,1.0,fastapi
97.9591836734694,0.836734693877551,50.0,1.0,fastapi
97.9591836734694,0.8571428571428571,50.0,1.0,fastapi
97.9591836734694,0.8775510204081632,50.0,1.0,fastapi
97.9591836734694,0.8979591836734693,50.0,1.0,fastapi
97.9591836734694,0.9183673469387754,50.0,1.0,fastapi
97.9591836734694,0.9387755102040816,50.0,1.0,fastapi
97.9591836734694,0.9591836734693877,50.0,1.0,fastapi
97.9591836734694,0.9795918367346939,50.0,1.0,fastapi
97.9591836734694,1.0,50.0,1.0,fastapi
102.04081632653062,0.0,50.0,1.2832748325308785e-05,flask
102.04081632653062,0.02040816326530612,50.0,3.133053905912675e-05,flask
102.04081632653062,0.04081632653061224,50.0,7.648079190403223e-05,flask
102.04081632653062,0.061224489795918366,50.0,0.00018153888231609017,flask
102.04081632653062,0.08163265306122448,50.0,0.00043084940989501774,flask
102.04081632653062,0.1020408163265306,50.0,0.0010221910197287798,flask
102.04081632653062,0.12244897959183673,50.0,0.002681516110897064,flask
102.04081632653062,0.14285714285714285,50.0,0.18196992576122284,flask
102.04081632653062,0.16326530612244897,50.0,0.9871141910552979,fastapi
102.04081632653062,0.18367346938775508,50.0,0.9997934699058533,fastapi
102.04081632653062,0.2040816326530612,50.0,0.9999899864196777,fastapi
102.04081632653062,0.22448979591836732,50.0,0.9999995231628418,fastapi
102.04081632653062,0.24489795918367346,50.0,1.0,fastapi
102.04081632653062,0.26530612244897955,50.0,1.0,fastapi
102.04081632653062,0.2857142857142857,50.0,1.0,fastapi
102.04081632653062,0.3061224489795918,50.0,1.0,fastapi
102.04081632653062,0.32653061224489793,50.0,1.0,fastapi
102.04081632653062,0.3469387755102041,50.0,1.0,fastapi
102.04081632653062,0.36734693877551017,50.0,1.0,fastapi
102.04081632653062,0.3877551020408163,50.0,1.0,fastapi
102.04081632653062,0.4081632653061224,50.0,1.0,fastapi
102.04081632653062,0.42857142857142855,50.0,1.0,fastapi
102.04081632653062,0.44897959183673464,50.0,1.0,fastapi
102.04081632653062,0.4693877551020408,50.0,1.0,fastapi
102.04081632653062,0.4897959183673469,50.0,1.0,fastapi
102.04081632653062,0.5102040816326531,50.0,1.0,fastapi
102.04081632653062,0.5306122448979591,50.0,1.0,fastapi
102.04081632653062,0.5510204081632653,50.0,1.0,fastapi
102.04081632653062,0.5714285714285714,50.0,1.0,fastapi
102.04081632653062,0.5918367346938775,50.0,1.0,fastapi
102.04081632653062,0.6122448979591836,50.0,1.0,fastapi
102.04081632653062,0.6326530612244897,50.0,1.0,fastapi
102.04081632653062,0.6530612244897959,50.0,1.0,fastapi
102.04081632653062,0.673469387755102,50.0,1.0,fastapi
102.04081632653062,0.6938775510204082,50.0,1.0,fastapi
102.04081632653062,0.7142857142857142,50.0,1.0,fastapi
102.04081632653062,0.7346938775510203,50.0,1.0,fastapi
102.04081632653062,0.7551020408163265,50.0,1.0,fastapi
102.04081632653062,0.7755102040816326,50.0,1.0,fastapi
102.04081632653062,0.7959183673469387,50.0,1.0,fastapi
102.04081632653062,0.8163265306122448,50.0,1.0,fastapi
102.04081632653062,0.836734693877551,50.0,1.0,fastapi
102.04081632653062,0.8571428571428571,50.0,1.0,fastapi
102.04081632653062,0.8775510204081632,50.0,1.0,fastapi
102.04081632653062,0.8979591836734693,50.0,1.0,fastapi
102.04081632653062,0.9183673469387754,50.0,1.0,fastapi
102.04081632653062,0.9387755102040816,50.0,1.0,fastapi
102.04081632653062,0.9591836734693877,50.0,1.0,fastapi
102.04081632653062,0.9795918367346939,50.0,1.0,fastapi
102.04081632653062,1.0,50.0,1.0,fastapi
106.12244897959184,0.0,50.0,1.3175872481951956e-05,flask
106.12244897959184,0.02040816326530612,50.0,3.216836557839997e-05,flask
106.12244897959184,0.04081632653061224,50.0,7.840379112167284e-05,flask
106.12244897959184,0.061224489795918366,50.0,0.00018610309052746743,flask
106.12244897959184,0.08163265306122448,50.0,0.0004416785959620029,flask
106.12244897959184,0.1020408163265306,50.0,0.0010478675831109285,flask
106.12244897959184,0.12244897959183673,50.0,0.002735201269388199,flask
106.12244897959184,0.14285714285714285,50.0,0.18905211985111237,flask
106.12244897959184,0.16326530612244897,50.0,0.9876377582550049,fastapi
106.12244897959184,0.18367346938775508,50.0,0.9997941851615906,fastapi
106.12244897959184,0.2040816326530612,50.0,0.9999901056289673,fastapi
106.12244897959184,0.22448979591836732,50.0,0.9999995231628418,fastapi
106.12244897959184,0.24489795918367346,50.0,1.0,fastapi
106.12244897959184,0.26530612244897955,50.0,1.0,fastapi
106.12244897959184,0.2857142857142857,50.0,1.0,fastapi
106.12244897959184,0.3061224489795918,50.0,1.0,fastapi
106.12244897959184,0.32653061224489793,50.0,1.0,fastapi
106.12244897959184,0.3469387755102041,50.0,1.0,fastapi
106.12244897959184,0.36734693877551017,50.0,1.0,fastapi
106.12244897959184,0.3877551020408163,50.0,1.0,fastapi
106.12244897959184,0.4081632653061224,50.0,1.0,fastapi
106.12244897959184,0.42857142857142855,50.0,1.0,fastapi
106.12244897959184,0.44897959183673464,50.0,1.0,fastapi
106.12244897959184,0.4693877551020408,50.0,1.0,fastapi
106.12244897959184,0.4897959183673469,50.0,1.0,fastapi
106.12244897959184,0.5102040816326531,50.0,1.0,fastapi
106.12244897959184,0.5306122448979591,50.0,1.0,fastapi
106.12244897959184,0.5510204081632653,50.0,1.0,fastapi
106.12244897959184,0.5714285714285714,50.0,1.0,fastapi
106.12244897959184,0.5918367346938775,50.0,1.0,fastapi
106.12244897959184,0.6122448979591836,50.0,1.0,fastapi
106.12244897959184,0.6326530612244897,50.0,1.0,fastapi
106.12244897959184,0.6530612244897959,50.0,1.0,fastapi
106.12244897959184,0.673469387755102,50.0,1.0,fastapi
106.12244897959184,0.6938775510204082,50.0,1.0,fastapi
106.12244897959184,0.7142857142857142,50.0,1.0,fastapi
106.12244897959184,0.7346938775510203,50.0,1.0,fastapi
106.12244897959184,0.7551020408163265,50.0,1.0,fastapi
106.12244897959184,0.7755102040816326,50.0,1.0,fastapi
106.12244897959184,0.7959183673469387,50.0,1.0,fastapi
106.12244897959184,0.8163265306122448,50.0,1.0,fastapi
106.12244897959184,0.836734693877551,50.0,1.0,fastapi
106.12244897959184,0.8571428571428571,50.0,1.0,fastapi
106.12244897959184,0.8775510204081632,50.0,1.0,fastapi
106.12244897959184,0.8979591836734693,50.0,1.0,fastapi
106.12244897959184,0.9183673469387754,50.0,1.0,fastapi
106.12244897959184,0.9387755102040816,50.0,1.0,fastapi
106.12244897959184,0.9591836734693877,50.0,1.0,fastapi
106.12244897959184,0.9795918367346939,50.0,1.0,fastapi
106.12244897959184,1.0,50.0,1.0,fastapi
110.20408163265306,0.0,50.0,1.3528168892662507e-05,flask
110.20408163265306,0.02040816326530612,50.0,3.302847107988782e-05,flask
110.20408163265306,0.04081632653061224,50.0,8.03751390776597e-05,flask
110.20408163265306,0.061224489795918366,50.0,0.00019078188051935285,flask
110.20408163265306,0.08163265306122448,50.0,0.00045277978642843664,flask
110.20408163265306,0.1020408163265306,50.0,0.0010741890873759985,flask
110.20408163265306,0.12244897959183673,50.0,0.0027899581473320723,flask
110.20408163265306,0.14285714285714285,50.0,0.19634376466274261,flask
110.20408163265306,0.16326530612244897,50.0,0.9881402254104614,fastapi
110.20408163265306,0.18367346938775508,50.0,0.9997950196266174,fastapi
110.20408163265306,0.2040816326530612,50.0,0.9999901056289673,fastapi
110.20408163265306,0.22448979591836732,50.0,0.9999995231628418,fastapi
110.20408163265306,0.24489795918367346,50.0,1.0,fastapi
110.20408163265306,0.26530612244897955,50.0,1.0,fastapi
110.20408163265306,0.2857142857142857,50.0,1.0,fastapi
110.20408163265306,0.3061224489795918,50.0,1.0,fastapi
110.20408163265306,0.32653061224489793,50.0,1.0,fastapi
110.20408163265306,0.3469387755102041,50.0,1.0,fastapi
110.20408163265306,0.36734693877551017,50.0,1.0,fastapi
110.20408163265306,0.3877551020408163,50.0,1.0,fastapi
110.20408163265306,0.4081632653061224,50.0,1.0,fastapi
110.20408163265306,0.42857142857142855,50.0,1.0,fastapi
110.20408163265306,0.44897959183673464,50.0,1.0,fastapi
110.20408163265306,0.4693877551020408,50.0,1.0,fastapi
110.20408163265306,0.4897959183673469,50.0,1.0,fastapi
110.20408163265306,0.5102040816326531,50.0,1.0,fastapi
110.20408163265306,0.5306122448979591,50.0,1.0,fastapi
110.20408163265306,0.5510204081632653,50.0,1.0,fastapi
110.20408163265306,0.5714285714285714,50.0,1.0,fastapi
110.20408163265306,0.5918367346938775,50.0,1.0,fastapi
110.20408163265306,0.6122448979591836,50.0,1.0,fastapi
110.20408163265306,0.6326530612244897,50.0,1.0,fastapi
110.20408163265306,0.6530612244897959,50.0,1.0,fastapi
110.20408163265306,0.673469387755102,50.0,1.0,fastapi
110.20408163265306,0.6938775510204082,50.0,1.0,fastapi
110.20408163265306,0.7142857142857142,50.0,1.0,fastapi
110.20408163265306,0.7346938775510203,50.0,1.0,fastapi
110.20408163265306,0.7551020408163265,50.0,1.0,fastapi
110.20408163265306,0.7755102040816326,50.0,1.0,fastapi
110.20408163265306,0.7959183673469387,50.0,1.0,fastapi
110.20408163265306,0.8163265306122448,50.0,1.0,fastapi
110.20408163265306,0.836734693877551,50.0,1.0,fastapi
110.20408163265306,0.8571428571428571,50.0,1.0,fastapi
110.20408163265306,0.8775510204081632,50.0,1.0,fastapi
110.20408163265306,0.8979591836734693,50.0,1.0,fastapi
110.20408163265306,0.9183673469387754,50.0,1.0,fastapi
110.20408163265306,0.9387755102040816,50.0,1.0,fastapi
110.20408163265306,0.9591836734693877,50.0,1.0,fastapi
110.20408163265306,0.9795918367346939,50.0,1.0,fastapi
110.20408163265306,1.0,50.0,1.0,fastapi
114.28571428571429,0.0,50.0,1.38899258672609e-05,flask
114.28571428571429,0.02040816326530612,50.0,3.391163409105502e-05,flask
114.28571428571429,0.04081632653061224,50.0,8.239605085691437e-05,flask
114.28571428571429,0.061224489795918366,50.0,0.00019557845371309668,flask
114.28571428571429,0.08163265306122448,50.0,0.00046415996621362865,flask
114.28571428571429,0.1020408163265306,50.0,0.00110117148142308,flask
114.28571428571429,0.12244897959183673,50.0,0.0028458081651479006,flask
114.28571428571429,0.14285714285714285,50.0,0.20384614169597626,flask
114.28571428571429,0.16326530612244897,50.0,0.9886226058006287,fastapi
114.28571428571429,0.18367346938775508,50.0,0.9997958540916443,fastapi
114.28571428571429,0.2040816326530612,50.0,0.9999901056289673,fastapi
114.28571428571429,0.22448979591836732,50.0,0.9999995231628418,fastapi
114.28571428571429,0.24489795918367346,50.0,1.0,fastapi
114.28571428571429,0.26530612244897955,50.0,1.0,fastapi
114.28571428571429,0.2857142857142857,50.0,1.0,fastapi
114.28571428571429,0.3061224489795918,50.0,1.0,fastapi
114.28571428571429,0.32653061224489793,50.0,1.0,fastapi
114.28571428571429,0.3469387755102041,50.0,1.0,fastapi
114.28571428571429,0.36734693877551017,50.0,1.0,fastapi
114.28571428571429,0.3877551020408163,50.0,1.0,fastapi
114.28571428571429,0.4081632653061224,50.0,1.0,fastapi
114.28571428571429,0.42857142857142855,50.0,1.0,fastapi
114.28571428571429,0.44897959183673464,50.0,1.0,fastapi
114.28571428571429,0.4693877551020408,50.0,1.0,fastapi
114.28571428571429,0.4897959183673469,50.0,1.0,fastapi
114.28571428571429,0.5102040816326531,50.0,1.0,fastapi
114.28571428571429,0.5306122448979591,50.0,1.0,fastapi
114.28571428571429,0.5510204081632653,50.0,1.0,fastapi
114.28571428571429,0.5714285714285714,50.0,1.0,fastapi
114.28571428571429,0.5918367346938775,50.0,1.0,fastapi
114.28571428571429,0.6122448979591836,50.0,1.0,fastapi
114.28571428571429,0.6326530612244897,50.0,1.0,fastapi
114.28571428571429,0.6530612244897959,50.0,1.0,fastapi
114.28571428571429,0.673469387755102,50.0,1.0,fastapi
114.28571428571429,0.6938775510204082,50.0,1.0,fastapi
114.28571428571429,0.7142857142857142,50.0,1.0,fastapi
114.28571428571429,0.7346938775510203,50.0,1.0,fastapi
114.28571428571429,0.7551020408163265,50.0,1.0,fastapi
114.28571428571429,0.7755102040816326,50.0,1.0,fastapi
114.28571428571429,0.7959183673469387,50.0,1.0,fastapi
114.28571428571429,0.8163265306122448,50.0,1.0,fastapi
114.28571428571429,0.836734693877551,50.0,1.0,fastapi
114.28571428571429,0.8571428571428571,50.0,1.0,fastapi
114.28571428571429,0.8775510204081632,50.0,1.0,fastapi
114.28571428571429,0.8979591836734693,50.0,1.0,fastapi
114.28571428571429,0.9183673469387754,50.0,1.0,fastapi
114.28571428571429,0.9387755102040816,50.0,1.0,fastapi
114.28571428571429,0.9591836734693877,50.0,1.0,fastapi
114.28571428571429,0.9795918367346939,50.0,1.0,fastapi
114.28571428571429,1.0,50.0,1.0,fastapi
118.36734693877551,0.0,50.0,1.4261328033171594e-05,flask
118.36734693877551,0.02040816326530612,50.0,3.4818382118828595e-05,flask
118.36734693877551,0.04081632653061224,50.0,8.446769788861275e-05,flask
118.36734693877551,0.061224489795918366,50.0,0.00020049521117471159,flask
118.36734693877551,0.08163265306122448,50.0,0.00047582597471773624,flask
118.36734693877551,0.1020408163265306,50.0,0.0011288287350907922,flask
118.36734693877551,0.12244897959183673,50.0,0.0029027727432549,flask
118.36734693877551,0.14285714285714285,50.0,0.21155951917171478,flask
118.36734693877551,0.16326530612244897,50.0,0.9890854954719543,fastapi
118.36734693877551,0.18367346938775508,50.0,0.9997966885566711,fastapi
118.36734693877551,0.2040816326530612,50.0,0.9999902248382568,fastapi
118.36734693877551,0.22448979591836732,50.0,0.9999995231628418,fastapi
118.36734693877551,0.24489795918367346,50.0,1.0,fastapi
118.36734693877551,0.26530612244897955,50.0,1.0,fastapi
118.36734693877551,0.2857142857142857,50.0,1.0,fastapi
118.36734693877551,0.3061224489795918,50.0,1.0,fastapi
118.36734693877551,0.32653061224489793,50.0,1.0,fastapi
118.36734693877551,0.3469387755102041,50.0,1.0,fastapi
118.36734693877551,0.36734693877551017,50.0,1.0,fastapi
118.36734693877551,0.3877551020408163,50.0,1.0,fastapi
118.36734693877551,0.4081632653061224,50.0,1.0,fastapi
118.36734693877551,0.42857142857142855,50.0,1.0,fastapi
118.36734693877551,0.44897959183673464,50.0,1.0,fastapi
118.36734693877551,0.4693877551020408,50.0,1.0,fastapi
118.36734693877551,0.4897959183673469,50.0,1.0,fastapi
118.36734693877551,0.5102040816326531,50.0,1.0,fastapi
118.36734693877551,0.5306122448979591,50.0,1.0,fastapi
118.36734693877551,0.5510204081632653,50.0,1.0,fastapi
118.36734693877551,0.5714285714285714,50.0,1.0,fastapi
118.36734693877551,0.5918367346938775,50.0,1.0,fastapi
118.36734693877551,0.6122448979591836,50.0,1.0,fastapi
118.36734693877551,0.6326530612244897,50.0,1.0,fastapi
118.36734693877551,0.6530612244897959,50.0,1.0,fastapi
118.36734693877551,0.673469387755102,50.0,1.0,fastapi
118.36734693877551,0.6938775510204082,50.0,1.0,fastapi
118.36734693877551,0.7142857142857142,50.0,1.0,fastapi
118.36734693877551,0.7346938775510203,50.0,1.0,fastapi
118.36734693877551,0.7551020408163265,50.0,1.0,fastapi
118.36734693877551,0.7755102040816326,50.0,1.0,fastapi
118.36734693877551,0.7959183673469387,50.0,1.0,fastapi
118.36734693877551,0.8163265306122448,50.0,1.0,fastapi
118.36734693877551,0.836734693877551,50.0,1.0,fastapi
118.36734693877551,0.8571428571428571,50.0,1.0,fastapi
118.36734693877551,0.8775510204081632,50.0,1.0,fastapi
118.36734693877551,0.8979591836734693,50.0,1.0,fastapi
118.36734693877551,0.9183673469387754,50.0,1.0,fastapi
118.36734693877551,0.9387755102040816,50.0,1.0,fastapi
118.36734693877551,0.9591836734693877,50.0,1.0,fastapi
118.36734693877551,0.9795918367346939,50.0,1.0,fastapi
118.36734693877551,1.0,50.0,1.0,fastapi
122.44897959183673,0.0,50.0,1.464267734263558e-05,flask
122.44897959183673,0.02040816326530612,50.0,3.574936999939382e-05,flask
122.44897959183673,0.04081632653061224,50.0,8.659166633151472e-05,flask
122.44897959183673,0.061224489795918366,50.0,0.00020553593640215695,flask
122.44897959183673,0.08163265306122448,50.0,0.00048778505879454315,flask
122.44897959183673,0.1020408163265306,50.0,0.0011571809882298112,flask
122.44897959183673,0.12244897959183673,50.0,0.0029608728364109993,flask
122.44897959183673,0.14285714285714285,50.0,0.21948443353176117,flask
122.44897959183673,0.16326530612244897,50.0,0.9895297884941101,fastapi
122.44897959183673,0.18367346938775508,50.0,0.9997974038124084,fastapi
122.44897959183673,0.2040816326530612,50.0,0.9999902248382568,fastapi
122.44897959183673,0.22448979591836732,50.0,0.9999995231628418,fastapi
122.44897959183673,0.24489795918367346,50.0,1.0,fastapi
122.44897959183673,0.26530612244897955,50.0,1.0,fastapi
122.44897959183673,0.2857142857142857,50.0,1.0,fastapi
122.44897959183673,0.3061224489795918,50.0,1.0,fastapi
122.44897959183673,0.32653061224489793,50.0,1.0,fastapi
122.44897959183673,0.3469387755102041,50.0,1.0,fastapi
122.44897959183673,0.36734693877551017,50.0,1.0,fastapi
122.44897959183673,0.3877551020408163,50.0,1.0,fastapi
122.44897959183673,0.4081632653061224,50.0,1.0,fastapi
122.44897959183673,0.42857142857142855,50.0,1.0,fastapi
122.44897959183673,0.44897959183673464,50.0,1.0,fastapi
122.44897959183673,0.4693877551020408,50.0,1.0,fastapi
122.44897959183673,0.4897959183673469,50.0,1.0,fastapi
122.44897959183673,0.5102040816326531,50.0,1.0,fastapi
122.44897959183673,0.5306122448979591,50.0,1.0,fastapi
122.44897959183673,0.5510204081632653,50.0,1.0,fastapi
122.44897959183673,0.5714285714285714,50.0,1.0,fastapi
122.44897959183673,0.5918367346938775,50.0,1.0,fastapi
122.44897959183673,0.6122448979591836,50.0,1.0,fastapi
122.44897959183673,0.6326530612244897,50.0,1.0,fastapi
122.44897959183673,0.6530612244897959,50.0,1.0,fastapi
122.44897959183673,0.673469387755102,50.0,1.0,fastapi
122.44897959183673,0.6938775510204082,50.0,1.0,fastapi
122.44897959183673,0.7142857142857142,50.0,1.0,fastapi
122.44897959183673,0.7346938775510203,50.0,1.0,fastapi
122.44897959183673,0.7551020408163265,50.0,1.0,fastapi
122.44897959183673,0.7755102040816326,50.0,1.0,fastapi
122.44897959183673,0.7959183673469387,50.0,1.0,fastapi
122.44897959183673,0.8163265306122448,50.0,1.0,fastapi
122.44897959183673,0.836734693877551,50.0,1.0,fastapi
122.44897959183673,0.8571428571428571,50.0,1.0,fastapi
122.44897959183673,0.8775510204081632,50.0,1.0,fastapi
122.44897959183673,0.8979591836734693,50.0,1.0,fastapi
122.44897959183673,0.9183673469387754,50.0,1.0,fastapi
122.44897959183673,0.9387755102040816,50.0,1.0,fastapi
122.44897959183673,0.9591836734693877,50.0,1.0,fastapi
122.44897959183673,0.9795918367346939,50.0,1.0,fastapi
122.44897959183673,1.0,50.0,1.0,fastapi
126.53061224489797,0.0,50.0,1.503422208770644e-05,flask
126.53061224489797,0.02040816326530612,50.0,3.670532169053331e-05,flask
126.53061224489797,0.04081632653061224,50.0,8.876887295627967e-05,flask
126.53061224489797,0.061224489795918366,50.0,0.0002107031614286825,flask
126.53061224489797,0.08163265306122448,50.0,0.0005000450182706118,flask
126.53061224489797,0.1020408163265306,50.0,0.00118624500464648,flask
126.53061224489797,0.12244897959183673,50.0,0.003020133823156357,flask
126.53061224489797,0.14285714285714285,50.0,0.22762040793895721,flask
126.53061224489797,0.16326530612244897,50.0,0.9899561405181885,fastapi
126.53061224489797,0.18367346938775508,50.0,0.9997982382774353,fastapi
126.53061224489797,0.2040816326530612,50.0,0.9999902248382568,fastapi
126.53061224489797,0.22448979591836732,50.0,0.9999995231628418,fastapi
126.53061224489797,0.24489795918367346,50.0,1.0,fastapi
126.53061224489797,0.26530612244897955,50.0,1.0,fastapi
126.53061224489797,0.2857142857142857,50.0,1.0,fastapi
126.53061224489797,0.3061224489795918,50.0,1.0,fastapi
126.53061224489797,0.32653061224489793,50.0,1.0,fastapi
126.53061224489797,0.3469387755102041,50.0,1.0,fastapi
126.53061224489797,0.36734693877551017,50.0,1.0,fastapi
126.53061224489797,0.3877551020408163,50.0,1.0,fastapi
126.53061224489797,0.4081632653061224,50.0,1.0,fastapi
126.53061224489797,0.42857142857142855,50.0,1.0,fastapi
126.53061224489797,0.44897959183673464,50.0,1.0,fastapi
126.53061224489797,0.4693877551020408,50.0,1.0,fastapi
126.53061224489797,0.4897959183673469,50.0,1.0,fastapi
126.53061224489797,0.5102040816326531,50.0,1.0,fastapi
126.53061224489797,0.5306122448979591,50.0,1.0,fastapi
126.53061224489797,0.5510204081632653,50.0,1.0,fastapi
126.53061224489797,0.5714285714285714,50.0,1.0,fastapi
126.53061224489797,0.5918367346938775,50.0,1.0,fastapi
126.53061224489797,0.6122448979591836,50.0,1.0,fastapi
126.53061224489797,0.6326530612244897,50.0,1.0,fastapi
126.53061224489797,0.6530612244897959,50.0,1.0,fastapi
126.53061224489797,0.673469387755102,50.0,1.0,fastapi
126.53061224489797,0.6938775510204082,50.0,1.0,fastapi
126.53061224489797,0.7142857142857142,50.0,1.0,fastapi
126.53061224489797,0.7346938775510203,50.0,1.0,fastapi
126.53061224489797,0.7551020408163265,50.0,1.0,fastapi
126.53061224489797,0.7755102040816326,50.0,1.0,fastapi
126.53061224489797,0.7959183673469387,50.0,1.0,fastapi
126.53061224489797,0.8163265306122448,50.0,1.0,fastapi
126.53061224489797,0.836734693877551,50.0,1.0,fastapi
126.53061224489797,0.8571428571428571,50.0,1.0,fastapi
126.53061224489797,0.8775510204081632,50.0,1.0,fastapi
126.53061224489797,0.8979591836734693,50.0,1.0,fastapi
126.53061224489797,0.9183673469387754,50.0,1.0,fastapi
126.53061224489797,0.9387755102040816,50.0,1.0,fastapi
126.53061224489797,0.9591836734693877,50.0,1.0,fastapi
126.53061224489797,0.9795918367346939,50.0,1.0,fastapi
126.53061224489797,1.0,50.0,1.0,fastapi
130.6122448979592,0.0,50.0,1.5436207831953652e-05,flask
130.6122448979592,0.02040816326530612,50.0,3.768672831938602e-05,flask
130.6122448979592,0.04081632653061224,50.0,9.10008093342185e-05,flask
130.6122448979592,0.061224489795918366,50.0,0.0002160002914024517,flask
130.6122448979592,0.08163265306122448,50.0,0.000512612983584404,flask
130.6122448979592,0.1020408163265306,50.0,0.001216038130223751,flask
130.6122448979592,0.12244897959183673,50.0,0.0030805773567408323,flask
130.6122448979592,0.14285714285714285,50.0,0.23596689105033875,flask
130.6122448979592,0.16326530612244897,50.0,0.9903653860092163,fastapi
130.6122448979592,0.18367346938775508,50.0,0.9997990727424622,fastapi
130.6122448979592,0.2040816326530612,50.0,0.9999903440475464,fastapi
130.6122448979592,0.22448979591836732,50.0,0.9999995231628418,fastapi
130.6122448979592,0.24489795918367346,50.0,1.0,fastapi
130.6122448979592,0.26530612244897955,50.0,1.0,fastapi
130.6122448979592,0.2857142857142857,50.0,1.0,fastapi
130.6122448979592,0.3061224489795918,50.0,1.0,fastapi
130.6122448979592,0.32653061224489793,50.0,1.0,fastapi
130.6122448979592,0.3469387755102041,50.0,1.0,fastapi
130.6122448979592,0.36734693877551017,50.0,1.0,fastapi
130.6122448979592,0.3877551020408163,50.0,1.0,fastapi
130.6122448979592,0.4081632653061224,50.0,1.0,fastapi
130.6122448979592,0.42857142857142855,50.0,1.0,fastapi
130.6122448979592,0.44897959183673464,50.0,1.0,fastapi
130.6122448979592,0.4693877551020408,50.0,1.0,fastapi
130.6122448979592,0.4897959183673469,50.0,1.0,fastapi
130.6122448979592,0.5102040816326531,50.0,1.0,fastapi
130.6122448979592,0.5306122448979591,50.0,1.0,fastapi
130.6122448979592,0.5510204081632653,50.0,1.0,fastapi
130.6122448979592,0.5714285714285714,50.0,1.0,fastapi
130.6122448979592,0.5918367346938775,50.0,1.0,fastapi
130.6122448979592,0.6122448979591836,50.0,1.0,fastapi
130.6122448979592,0.6326530612244897,50.0,1.0,fastapi
130.6122448979592,0.6530612244897959,50.0,1.0,fastapi
130.6122448979592,0.673469387755102,50.0,1.0,fastapi
130.6122448979592,0.6938775510204082,50.0,1.0,fastapi
130.6122448979592,0.7142857142857142,50.0,1.0,fastapi
130.6122448979592,0.7346938775510203,50.0,1.0,fastapi
130.6122448979592,0.7551020408163265,50.0,1.0,fastapi
130.6122448979592,0.7755102040816326,50.0,1.0,fastapi
130.6122448979592,0.7959183673469387,50.0,1.0,fastapi
130.6122448979592,0.8163265306122448,50.0,1.0,fastapi
130.6122448979592,0.836734693877551,50.0,1.0,fastapi
130.6122448979592,0.8571428571428571,50.0,1.0,fastapi
130.6122448979592,0.8775510204081632,50.0,1.0,fastapi
130.6122448979592,0.8979591836734693,50.0,1.0,fastapi
130.6122448979592,0.9183673469387754,50.0,1.0,fastapi
130.6122448979592,0.9387755102040816,50.0,1.0,fastapi
130.6122448979592,0.9591836734693877,50.0,1.0,fastapi
130.6122448979592,0.9795918367346939,50.0,1.0,fastapi
130.6122448979592,1.0,50.0,1.0,fastapi
134.69387755102042,0.0,50.0,1.5848956536501646e-05,flask
134.69387755102042,0.02040816326530612,50.0,3.8694372051395476e-05,flask
134.69387755102042,0.04081632653061224,50.0,9.328877786174417e-05,flask
134.69387755102042,0.061224489795918366,50.0,0.00022143010573927313,flask
134.69387755102042,0.08163265306122448,50.0,0.0005254949210211635,flask
134.69387755102042,0.1020408163265306,50.0,0.0012465768959373236,flask
134.69387755102042,0.12244897959183673,50.0,0.0031422250904142857,flask
134.69387755102042,0.14285714285714285,50.0,0.24452225863933563,flask
134.69387755102042,0.16326530612244897,50.0,0.9907580614089966,fastapi
134.69387755102042,0.18367346938775508,50.0,0.999799907207489,fastapi
134.69387755102042,0.2040816326530612,50.0,0.9999903440475464,fastapi
134.69387755102042,0.22448979591836732,50.0,0.9999995231628418,fastapi
134.69387755102042,0.24489795918367346,50.0,1.0,fastapi
134.69387755102042,0.26530612244897955,50.0,1.0,fastapi
134.69387755102042,0.2857142857142857,50.0,1.0,fastapi
134.69387755102042,0.3061224489795918,50.0,1.0,fastapi
134.69387755102042,0.32653061224489793,50.0,1.0,fastapi
134.69387755102042,0.3469387755102041,50.0,1.0,fastapi
134.69387755102042,0.36734693877551017,50.0,1.0,fastapi
134.69387755102042,0.3877551020408163,50.0,1.0,fastapi
134.69387755102042,0.4081632653061224,50.0,1.0,fastapi
134.69387755102042,0.42857142857142855,50.0,1.0,fastapi
134.69387755102042,0.44897959183673464,50.0,1.0,fastapi
134.69387755102042,0.4693877551020408,50.0,1.0,fastapi
134.69387755102042,0.4897959183673469,50.0,1.0,fastapi
134.69387755102042,0.5102040816326531,50.0,1.0,fastapi
134.69387755102042,0.5306122448979591,50.0,1.0,fastapi
134.69387755102042,0.5510204081632653,50.0,1.0,fastapi
134.69387755102042,0.5714285714285714,50.0,1.0,fastapi
134.69387755102042,0.5918367346938775,50.0,1.0,fastapi
134.69387755102042,0.6122448979591836,50.0,1.0,fastapi
134.69387755102042,0.6326530612244897,50.0,1.0,fastapi
134.69387755102042,0.6530612244897959,50.0,1.0,fastapi
134.69387755102042,0.673469387755102,50.0,1.0,fastapi
134.69387755102042,0.6938775510204082,50.0,1.0,fastapi
134.69387755102042,0.7142857142857142,50.0,1.0,fastapi
134.69387755102042,0.7346938775510203,50.0,1.0,fastapi
134.69387755102042,0.7551020408163265,50.0,1.0,fastapi
134.69387755102042,0.7755102040816326,50.0,1.0,fastapi
134.69387755102042,0.7959183673469387,50.0,1.0,fastapi
134.69387755102042,0.8163265306122448,50.0,1.0,fastapi
134.69387755102042,0.836734693877551,50.0,1.0,fastapi
134.69387755102042,0.8571428571428571,50.0,1.0,fastapi
134.69387755102042,0.8775510204081632,50.0,1.0,fastapi
134.69387755102042,0.8979591836734693,50.0,1.0,fastapi
134.69387755102042,0.9183673469387754,50.0,1.0,fastapi
134.69387755102042,0.9387755102040816,50.0,1.0,fastapi
134.69387755102042,0.9591836734693877,50.0,1.0,fastapi
134.69387755102042,0.9795918367346939,50.0,1.0,fastapi
134.69387755102042,1.0,50.0,1.0,fastapi
138.77551020408163,0.0,50.0,1.6272771972580813e-05,flask
138.77551020408163,0.02040816326530612,50.0,3.972907143179327e-05,flask
138.77551020408163,0.04081632653061224,50.0,9.56344447331503e-05,flask
138.77551020408163,0.061224489795918366,50.0,0.00022699683904647827,flask
138.77551020408163,0.08163265306122448,50.0,0.0005387021810747683,flask
138.77551020408163,0.1020408163265306,50.0,0.0012778833042830229,flask
138.77551020408163,0.12244897959183673,50.0,0.0032051056623458862,flask
138.77551020408163,0.14285714285714285,50.0,0.25328528881073,flask
138.77551020408163,0.16326530612244897,50.0,0.9911348819732666,fastapi
138.77551020408163,0.18367346938775508,50.0,0.9998006224632263,fastapi
138.77551020408163,0.2040816326530612,50.0,0.9999902248382568,fastapi
138.77551020408163,0.22448979591836732,50.0,0.9999995231628418,fastapi
138.77551020408163,0.24489795918367346,50.0,1.0,fastapi
138.77551020408163,0.26530612244897955,50.0,1.0,fastapi
138.77551020408163,0.2857142857142857,50.0,1.0,fastapi
138.77551020408163,0.3061224489795918,50.0,1.0,fastapi
138.77551020408163,0.32653061224489793,50.0,1.0,fastapi
138.77551020408163,0.3469387755102041,50.0,1.0,fastapi
138.77551020408163,0.36734693877551017,50.0,1.0,fastapi
138.77551020408163,0.3877551020408163,50.0,1.0,fastapi
138.77551020408163,0.4081632653061224,50.0,1.0,fastapi
138.77551020408163,0.42857142857142855,50.0,1.0,fastapi
138.77551020408163,0.44897959183673464,50.0,1.0,fastapi
138.77551020408163,0.4693877551020408,50.0,1.0,fastapi
138.77551020408163,0.4897959183673469,50.0,1.0,fastapi
138.77551020408163,0.5102040816326531,50.0,1.0,fastapi
138.77551020408163,0.5306122448979591,50.0,1.0,fastapi
138.77551020408163,0.5510204081632653,50.0,1.0,fastapi
138.77551020408163,0.5714285714285714,50.0,1.0,fastapi
138.77551020408163,0.5918367346938775,50.0,1.0,fastapi
138.77551020408163,0.6122448979591836,50.0,1.0,fastapi
138.77551020408163,0.6326530612244897,50.0,1.0,fastapi
138.77551020408163,0.6530612244897959,50.0,1.0,fastapi
138.77551020408163,0.673469387755102,50.0,1.0,fastapi
138.77551020408163,0.6938775510204082,50.0,1.0,fastapi
138.77551020408163,0.7142857142857142,50.0,1.0,fastapi
138.77551020408163,0.7346938775510203,50.0,1.0,fastapi
138.77551020408163,0.7551020408163265,50.0,1.0,fastapi
138.77551020408163,0.7755102040816326,50.0,1.0,fastapi
138.77551020408163,0.7959183673469387,50.0,1.0,fastapi
138.77551020408163,0.8163265306122448,50.0,1.0,fastapi
138.77551020408163,0.836734693877551,50.0,1.0,fastapi
138.77551020408163,0.8571428571428571,50.0,1.0,fastapi
138.77551020408163,0.8775510204081632,50.0,1.0,fastapi
138.77551020408163,0.8979591836734693,50.0,1.0,fastapi
138.77551020408163,0.9183673469387754,50.0,1.0,fastapi
138.77551020408163,0.9387755102040816,50.0,1.0,fastapi
138.77551020408163,0.9591836734693877,50.0,1.0,fastapi
138.77551020408163,0.9795918367346939,50.0,1.0,fastapi
138.77551020408163,1.0,50.0,1.0,fastapi
142.85714285714286,0.0,50.0,1.6707905160728842e-05,flask
142.85714285714286,0.02040816326530612,50.0,4.079136124346405e-05,flask
142.85714285714286,0.04081632653061224,50.0,9.803898865357041e-05,flask
142.85714285714286,0.061224489795918366,50.0,0.00023270367819350213,flask
142.85714285714286,0.08163265306122448,50.0,0.0005522409919649363,flask
142.85714285714286,0.1020408163265306,50.0,0.001309974235482514,flask
142.85714285714286,0.12244897959183673,50.0,0.00326924049295485,flask
142.85714285714286,0.14285714285714285,50.0,0.26225316524505615,flask
142.85714285714286,0.16326530612244897,50.0,0.9914964437484741,fastapi
142.85714285714286,0.18367346938775508,50.0,0.9998014569282532,fastapi
142.85714285714286,0.2040816326530612,50.0,0.9999902248382568,fastapi
142.85714285714286,0.22448979591836732,50.0,0.9999995231628418,fastapi
142.85714285714286,0.24489795918367346,50.0,1.0,fastapi
142.85714285714286,0.26530612244897955,50.0,1.0,fastapi
142.85714285714286,0.2857142857142857,50.0,1.0,fastapi
142.85714285714286,0.3061224489795918,50.0,1.0,fastapi
142.85714285714286,0.32653061224489793,50.0,1.0,fastapi
142.85714285714286,0.3469387755102041,50.0,1.0,fastapi
142.85714285714286,0.36734693877551017,50.0,1.0,fastapi
142.85714285714286,0.3877551020408163,50.0,1.0,fastapi
142.85714285714286,0.4081632653061224,50.0,1.0,fastapi
142.85714285714286,0.42857142857142855,50.0,1.0,fastapi
142.85714285714286,0.44897959183673464,50.0,1.0,fastapi
142.85714285714286,0.4693877551020408,50.0,1.0,fastapi
142.85714285714286,0.4897959183673469,50.0,1.0,fastapi
142.85714285714286,0.5102040816326531,50.0,1.0,fastapi
142.85714285714286,0.5306122448979591,50.0,1.0,fastapi
142.85714285714286,0.5510204081632653,50.0,1.0,fastapi
142.85714285714286,0.5714285714285714,50.0,1.0,fastapi
142.85714285714286,0.5918367346938775,50.0,1.0,fastapi
142.85714285714286,0.6122448979591836,50.0,1.0,fastapi
142.85714285714286,0.6326530612244897,50.0,1.0,fastapi
142.85714285714286,0.6530612244897959,50.0,1.0,fastapi
142.85714285714286,0.673469387755102,50.0,1.0,fastapi
142.85714285714286,0.6938775510204082,50.0,1.0,fastapi
142.85714285714286,0.7142857142857142,50.0,1.0,fastapi
142.85714285714286,0.7346938775510203,50.0,1.0,fastapi
142.85714285714286,0.7551020408163265,50.0,1.0,fastapi
142.85714285714286,0.7755102040816326,50.0,1.0,fastapi
142.85714285714286,0.7959183673469387,50.0,1.0,fastapi
142.85714285714286,0.8163265306122448,50.0,1.0,fastapi
142.85714285714286,0.836734693877551,50.0,1.0,fastapi
142.85714285714286,0.8571428571428571,50.0,1.0,fastapi
142.85714285714286,0.8775510204081632,50.0,1.0,fastapi
142.85714285714286,0.8979591836734693,50.0,1.0,fastapi
142.85714285714286,0.9183673469387754,50.0,1.0,fastapi
142.85714285714286,0.9387755102040816,50.0,1.0,fastapi
142.85714285714286,0.9591836734693877,50.0,1.0,fastapi
142.85714285714286,0.9795918367346939,50.0,1.0,fastapi
142.85714285714286,1.0,50.0,1.0,fastapi
146.9387755102041,0.0,50.0,1.715464168228209e-05,flask
146.9387755102041,0.02040816326530612,50.0,4.1882056393660605e-05,flask
146.9387755102041,0.04081632653061224,50.0,0.00010050389391835779,flask
146.9387755102041,0.061224489795918366,50.0,0.00023855353356339037,flask
146.9387755102041,0.08163265306122448,50.0,0.0005661192117258906,flask
146.9387755102041,0.1020408163265306,50.0,0.0013428701786324382,flask
146.9387755102041,0.12244897959183673,50.0,0.003334649605676532,flask
146.9387755102041,0.14285714285714285,50.0,0.27142298221588135,flask
146.9387755102041,0.16326530612244897,50.0,0.9918434023857117,fastapi
146.9387755102041,0.18367346938775508,50.0,0.9998012185096741,fastapi
146.9387755102041,0.2040816326530612,50.0,0.9999902248382568,fastapi
146.9387755102041,0.22448979591836732,50.0,0.9999995231628418,fastapi
146.9387755102041,0.24489795918367346,50.0,1.0,fastapi
146.9387755102041,0.26530612244897955,50.0,1.0,fastapi
146.9387755102041,0.2857142857142857,50.0,1.0,fastapi
146.9387755102041,0.3061224489795918,50.0,1.0,fastapi
146.9387755102041,0.32653061224489793,50.0,1.0,fastapi
146.9387755102041,0.3469387755102041,50.0,1.0,fastapi
146.9387755102041,0.36734693877551017,50.0,1.0,fastapi
146.9387755102041,0.3877551020408163,50.0,1.0,fastapi
146.9387755102041,0.4081632653061224,50.0,1.0,fastapi
146.9387755102041,0.42857142857142855,50.0,1.0,fastapi
146.9387755102041,0.44897959183673464,50.0,1.0,fastapi
146.9387755102041,0.4693877551020408,50.0,1.0,fastapi
146.9387755102041,0.4897959183673469,50.0,1.0,fastapi
146.9387755102041,0.5102040816326531,50.0,1.0,fastapi
146.9387755102041,0.5306122448979591,50.0,1.0,fastapi
146.9387755102041,0.5510204081632653,50.0,1.0,fastapi
146.9387755102041,0.5714285714285714,50.0,1.0,fastapi
146.9387755102041,0.5918367346938775,50.0,1.0,fastapi
146.9387755102041,0.6122448979591836,50.0,1.0,fastapi
146.9387755102041,0.6326530612244897,50.0,1.0,fastapi
146.9387755102041,0.6530612244897959,50.0,1.0,fastapi
146.9387755102041,0.673469387755102,50.0,1.0,fastapi
146.9387755102041,0.6938775510204082,50.0,1.0,fastapi
146.9387755102041,0.7142857142857142,50.0,1.0,fastapi
146.9387755102041,0.7346938775510203,50.0,1.0,fastapi
146.9387755102041,0.7551020408163265,50.0,1.0,fastapi
146.9387755102041,0.7755102040816326,50.0,1.0,fastapi
146.9387755102041,0.7959183673469387,50.0,1.0,fastapi
146.9387755102041,0.8163265306122448,50.0,1.0,fastapi
146.9387755102041,0.836734693877551,50.0,1.0,fastapi
146.9387755102041,0.8571428571428571,50.0,1.0,fastapi
146.9387755102041,0.8775510204081632,50.0,1.0,fastapi
146.9387755102041,0.8979591836734693,50.0,1.0,fastapi
146.9387755102041,0.9183673469387754,50.0,1.0,fastapi
146.9387755102041,0.9387755102040816,50.0,1.0,fastapi
146.9387755102041,0.9591836734693877,50.0,1.0,fastapi
146.9387755102041,0.9795918367346939,50.0,1.0,fastapi
146.9387755102041,1.0,50.0,1.0,fastapi
151.0204081632653,0.0,50.0,1.7613338059163652e-05,flask
151.0204081632653,0.02040816326530612,50.0,4.3001909943996e-05,flask
151.0204081632653,0.04081632653061224,50.0,0.00010303096496500075,flask
151.0204081632653,0.061224489795918366,50.0,0.00024455110542476177,flask
151.0204081632653,0.08163265306122448,50.0,0.0005803466774523258,flask
151.0204081632653,0.1020408163265306,50.0,0.0013765908079221845,flask
151.0204081632653,0.12244897959183673,50.0,0.003401365829631686,flask
151.0204081632653,0.14285714285714285,50.0,0.2807915210723877,flask
151.0204081632653,0.16326530612244897,50.0,0.9921762347221375,fastapi
151.0204081632653,0.18367346938775508,50.0,0.9998007416725159,fastapi
151.0204081632653,0.2040816326530612,50.0,0.9999902248382568,fastapi
151.0204081632653,0.22448979591836732,50.0,0.9999995231628418,fastapi
151.0204081632653,0.24489795918367346,50.0,1.0,fastapi
151.0204081632653,0.26530612244897955,50.0,1.0,fastapi
151.0204081632653,0.2857142857142857,50.0,1.0,fastapi
151.0204081632653,0.3061224489795918,50.0,1.0,fastapi
151.0204081632653,0.32653061224489793,50.0,1.0,fastapi
151.0204081632653,0.3469387755102041,50.0,1.0,fastapi
151.0204081632653,0.36734693877551017,50.0,1.0,fastapi
151.0204081632653,0.3877551020408163,50.0,1.0,fastapi
151.0204081632653,0.4081632653061224,50.0,1.0,fastapi
151.0204081632653,0.42857142857142855,50.0,1.0,fastapi
151.0204081632653,0.44897959183673464,50.0,1.0,fastapi
151.0204081632653,0.4693877551020408,50.0,1.0,fastapi
151.0204081632653,0.4897959183673469,50.0,1.0,fastapi
151.0204081632653,0.5102040816326531,50.0,1.0,fastapi
151.0204081632653,0.5306122448979591,50.0,1.0,fastapi
151.0204081632653,0.5510204081632653,50.0,1.0,fastapi
151.0204081632653,0.5714285714285714,50.0,1.0,fastapi
151.0204081632653,0.5918367346938775,50.0,1.0,fastapi
151.0204081632653,0.6122448979591836,50.0,1.0,fastapi
151.0204081632653,0.6326530612244897,50.0,1.0,fastapi
151.0204081632653,0.6530612244897959,50.0,1.0,fastapi
151.0204081632653,0.673469387755102,50.0,1.0,fastapi
151.0204081632653,0.6938775510204082,50.0,1.0,fastapi
151.0204081632653,0.7142857142857142,50.0,1.0,fastapi
151.0204081632653,0.7346938775510203,50.0,1.0,fastapi
151.0204081632653,0.7551020408163265,50.0,1.0,fastapi
151.0204081632653,0.7755102040816326,50.0,1.0,fastapi
151.0204081632653,0.7959183673469387,50.0,1.0,fastapi
151.0204081632653,0.8163265306122448,50.0,1.0,fastapi
151.0204081632653,0.836734693877551,50.0,1.0,fastapi
151.0204081632653,0.8571428571428571,50.0,1.0,fastapi
151.0204081632653,0.8775510204081632,50.0,1.0,fastapi
151.0204081632653,0.8979591836734693,50.0,1.0,fastapi
151.0204081632653,0.9183673469387754,50.0,1.0,fastapi
151.0204081632653,0.9387755102040816,50.0,1.0,fastapi
151.0204081632653,0.9591836734693877,50.0,1.0,fastapi
151.0204081632653,0.9795918367346939,50.0,1.0,fastapi
151.0204081632653,1.0,50.0,1.0,fastapi
155.10204081632654,0.0,50.0,1.8084299881593324e-05,flask
155.10204081632654,0.02040816326530612,50.0,4.415174771565944e-05,flask
155.10204081632654,0.04081632653061224,50.0,0.00010562146781012416,flask
155.10204081632654,0.061224489795918366,50.0,0.0002506989403627813,flask
155.10204081632654,0.08163265306122448,50.0,0.000594931363593787,flask
155.10204081632654,0.1020408163265306,50.0,0.0014111585915088654,flask
155.10204081632654,0.12244897959183673,50.0,0.003469414310529828,flask
155.10204081632654,0.14285714285714285,50.0,0.2903549373149872,flask
155.10204081632654,0.16326530612244897,50.0,0.9924957752227783,fastapi
155.10204081632654,0.18367346938775508,50.0,0.9998001456260681,fastapi
155.10204081632654,0.2040816326530612,50.0,0.9999901056289673,fastapi
155.10204081632654,0.22448979591836732,50.0,0.9999995231628418,fastapi
155.10204081632654,0.24489795918367346,50.0,1.0,fastapi
155.10204081632654,0.26530612244897955,50.0,1.0,fastapi
155.10204081632654,0.2857142857142857,50.0,1.0,fastapi
155.10204081632654,0.3061224489795918,50.0,1.0,fastapi
155.10204081632654,0.32653061224489793,50.0,1.0,fastapi
155.10204081632654,0.3469387755102041,50.0,1.0,fastapi
155.10204081632654,0.36734693877551017,50.0,1.0,fastapi
155.10204081632654,0.3877551020408163,50.0,1.0,fastapi
155.10204081632654,0.4081632653061224,50.0,1.0,fastapi
155.10204081632654,0.42857142857142855,50.0,1.0,fastapi
155.10204081632654,0.44897959183673464,50.0,1.0,fastapi
155.10204081632654,0.4693877551020408,50.0,1.0,fastapi
155.10204081632654,0.4897959183673469,50.0,1.0,fastapi
155.10204081632654,0.5102040816326531,50.0,1.0,fastapi
155.10204081632654,0.5306122448979591,50.0,1.0,fastapi
155.10204081632654,0.5510204081632653,50.0,1.0,fastapi
155.10204081632654,0.5714285714285714,50.0,1.0,fastapi
155.10204081632654,0.5918367346938775,50.0,1.0,fastapi
155.10204081632654,0.6122448979591836,50.0,1.0,fastapi
155.10204081632654,0.6326530612244897,50.0,1.0,fastapi
155.10204081632654,0.6530612244897959,50.0,1.0,fastapi
155.10204081632654,0.673469387755102,50.0,1.0,fastapi
155.10204081632654,0.6938775510204082,50.0,1.0,fastapi
155.10204081632654,0.7142857142857142,50.0,1.0,fastapi
155.10204081632654,0.7346938775510203,50.0,1.0,fastapi
155.10204081632654,0.7551020408163265,50.0,1.0,fastapi
155.10204081632654,0.7755102040816326,50.0,1.0,fastapi
155.10204081632654,0.7959183673469387,50.0,1.0,fastapi
155.10204081632654,0.8163265306122448,50.0,1.0,fastapi
155.10204081632654,0.836734693877551,50.0,1.0,fastapi
155.10204081632654,0.8571428571428571,50.0,1.0,fastapi
155.10204081632654,0.8775510204081632,50.0,1.0,fastapi
155.10204081632654,0.8979591836734693,50.0,1.0,fastapi
155.10204081632654,0.9183673469387754,50.0,1.0,fastapi
155.10204081632654,0.9387755102040816,50.0,1.0,fastapi
155.10204081632654,0.9591836734693877,50.0,1.0,fastapi
155.10204081632654,0.9795918367346939,50.0,1.0,fastapi
155.10204081632654,1.0,50.0,1.0,fastapi
159.18367346938777,0.0,50.0,1.8567890947451815e-05,flask
159.18367346938777,0.02040816326530612,50.0,4.533228275249712e-05,flask
159.18367346938777,0.04081632653061224,50.0,0.0001082771850633435,flask
159.18367346938777,0.061224489795918366,50.0,0.0002570012875366956,flask
159.18367346938777,0.08163265306122448,50.0,0.0006098821759223938,flask
159.18367346938777,0.1020408163265306,50.0,0.001446590875275433,flask
159.18367346938777,0.12244897959183673,50.0,0.003538817632943392,flask
159.18367346938777,0.14285714285714285,50.0,0.30010783672332764,flask
159.18367346938777,0.16326530612244897,50.0,0.9925398230552673,fastapi
159.18367346938777,0.18367346938775508,50.0,0.9997996687889099,fastapi
159.18367346938777,0.2040816326530612,50.0,0.9999901056289673,fastapi
159.18367346938777,0.22448979591836732,50.0,0.9999995231628418,fastapi
159.18367346938777,0.24489795918367346,50.0,1.0,fastapi
159.18367346938777,0.26530612244897955,50.0,1.0,fastapi
159.18367346938777,0.2857142857142857,50.0,1.0,fastapi
159.18367346938777,0.3061224489795918,50.0,1.0,fastapi
159.18367346938777,0.32653061224489793,50.0,1.0,fastapi
159.18367346938777,0.3469387755102041,50.0,1.0,fastapi
159.18367346938777,0.36734693877551017,50.0,1.0,fastapi
159.18367346938777,0.3877551020408163,50.0,1.0,fastapi
159.18367346938777,0.4081632653061224,50.0,1.0,fastapi
159.18367346938777,0.42857142857142855,50.0,1.0,fastapi
159.18367346938777,0.44897959183673464,50.0,1.0,fastapi
159.18367346938777,0.4693877551020408,50.0,1.0,fastapi
159.18367346938777,0.4897959183673469,50.0,1.0,fastapi
159.18367346938777,0.5102040816326531,50.0,1.0,fastapi
159.18367346938777,0.5306122448979591,50.0,1.0,fastapi
159.18367346938777,0.5510204081632653,50.0,1.0,fastapi
159.18367346938777,0.5714285714285714,50.0,1.0,fastapi
159.18367346938777,0.5918367346938775,50.0,1.0,fastapi
159.18367346938777,0.6122448979591836,50.0,1.0,fastapi
159.18367346938777,0.6326530612244897,50.0,1.0,fastapi
159.18367346938777,0.6530612244897959,50.0,1.0,fastapi
159.18367346938777,0.673469387755102,50.0,1.0,fastapi
159.18367346938777,0.6938775510204082,50.0,1.0,fastapi
159.18367346938777,0.7142857142857142,50.0,1.0,fastapi
159.18367346938777,0.7346938775510203,50.0,1.0,fastapi
159.18367346938777,0.7551020408163265,50.0,1.0,fastapi
159.18367346938777,0.7755102040816326,50.0,1.0,fastapi
159.18367346938777,0.7959183673469387,50.0,1.0,fastapi
159.18367346938777,0.8163265306122448,50.0,1.0,fastapi
159.18367346938777,0.836734693877551,50.0,1.0,fastapi
159.18367346938777,0.8571428571428571,50.0,1.0,fastapi
159.18367346938777,0.8775510204081632,50.0,1.0,fastapi
159.18367346938777,0.8979591836734693,50.0,1.0,fastapi
159.18367346938777,0.9183673469387754,50.0,1.0,fastapi
159.18367346938777,0.9387755102040816,50.0,1.0,fastapi
159.18367346938777,0.9591836734693877,50.0,1.0,fastapi
159.18367346938777,0.9795918367346939,50.0,1.0,fastapi
159.18367346938777,1.0,50.0,1.0,fastapi
163.26530612244898,0.0,50.0,1.9064356820308603e-05,flask
163.26530612244898,0.02040816326530612,50.0,4.6544475480914116e-05,flask
163.26530612244898,0.04081632653061224,50.0,0.00011099937546532601,flask
163.26530612244898,0.061224489795918366,50.0,0.0002634620468597859,flask
163.26530612244898,0.08163265306122448,50.0,0.0006252084276638925,flask
163.26530612244898,0.1020408163265306,50.0,0.001482912339270115,flask
163.26530612244898,0.12244897959183673,50.0,0.0036096021067351103,flask
163.26530612244898,0.14285714285714285,50.0,0.31004542112350464,flask
163.26530612244898,0.16326530612244897,50.0,0.992398202419281,fastapi
163.26530612244898,0.18367346938775508,50.0,0.9997990727424622,fastapi
163.26530612244898,0.2040816326530612,50.0,0.9999901056289673,fastapi
163.26530612244898,0.22448979591836732,50.0,0.9999995231628418,fastapi
163.26530612244898,0.24489795918367346,50.0,1.0,fastapi
163.26530612244898,0.26530612244897955,50.0,1.0,fastapi
163.26530612244898,0.2857142857142857,50.0,1.0,fastapi
163.26530612244898,0.3061224489795918,50.0,1.0,fastapi
163.26530612244898,0.32653061224489793,50.0,1.0,fastapi
163.26530612244898,0.3469387755102041,50.0,1.0,fastapi
163.26530612244898,0.36734693877551017,50.0,1.0,fastapi
163.26530612244898,0.3877551020408163,50.0,1.0,fastapi
163.26530612244898,0.4081632653061224,50.0,1.0,fastapi
163.26530612244898,0.42857142857142855,50.0,1.0,fastapi
163.26530612244898,0.44897959183673464,50.0,1.0,fastapi
163.26530612244898,0.4693877551020408,50.0,1.0,fastapi
163.26530612244898,0.4897959183673469,50.0,1.0,fastapi
163.26530612244898,0.5102040816326531,50.0,1.0,fastapi
163.26530612244898,0.5306122448979591,50.0,1.0,fastapi
163.26530612244898,0.5510204081632653,50.0,1.0,fastapi
163.26530612244898,0.5714285714285714,50.0,1.0,fastapi
163.26530612244898,0.5918367346938775,50.0,1.0,fastapi
163.26530612244898,0.6122448979591836,50.0,1.0,fastapi
163.26530612244898,0.6326530612244897,50.0,1.0,fastapi
163.26530612244898,0.6530612244897959,50.0,1.0,fastapi
163.26530612244898,0.673469387755102,50.0,1.0,fastapi
163.26530612244898,0.6938775510204082,50.0,1.0,fastapi
163.26530612244898,0.7142857142857142,50.0,1.0,fastapi
163.26530612244898,0.7346938775510203,50.0,1.0,fastapi
163.26530612244898,0.7551020408163265,50.0,1.0,fastapi
163.26530612244898,0.7755102040816326,50.0,1.0,fastapi
163.26530612244898,0.7959183673469387,50.0,1.0,fastapi
163.26530612244898,0.8163265306122448,50.0,1.0,fastapi
163.26530612244898,0.836734693877551,50.0,1.0,fastapi
163.26530612244898,0.8571428571428571,50.0,1.0,fastapi
163.26530612244898,0.8775510204081632,50.0,1.0,fastapi
163.26530612244898,0.8979591836734693,50.0,1.0,fastapi
163.26530612244898,0.9183673469387754,50.0,1.0,fastapi
163.26530612244898,0.9387755102040816,50.0,1.0,fastapi
163.26530612244898,0.9591836734693877,50.0,1.0,fastapi
163.26530612244898,0.9795918367346939,50.0,1.0,fastapi
163.26530612244898,1.0,50.0,1.0,fastapi
167.3469387755102,0.0,50.0,1.9574135876609944e-05,flask
167.3469387755102,0.02040816326530612,50.0,4.778898801305331e-05,flask
167.3469387755102,0.04081632653061224,50.0,0.00011379030911484733,flask
167.3469387755102,0.061224489795918366,50.0,0.0002700851473491639,flask
167.3469387755102,0.08163265306122448,50.0,0.0006409195484593511,flask
167.3469387755102,0.1020408163265306,50.0,0.0015201442874968052,flask
167.3469387755102,0.12244897959183673,50.0,0.0036817993968725204,flask
167.3469387755102,0.14285714285714285,50.0,0.32016149163246155,flask
167.3469387755102,0.16326530612244897,50.0,0.9922540187835693,fastapi
167.3469387755102,0.18367346938775508,50.0,0.9997984766960144,fastapi
167.3469387755102,0.2040816326530612,50.0,0.9999901056289673,fastapi
167.3469387755102,0.22448979591836732,50.0,0.9999995231628418,fastapi
167.3469387755102,0.24489795918367346,50.0,1.0,fastapi
167.3469387755102,0.26530612244897955,50.0,1.0,fastapi
167.3469387755102,0.2857142857142857,50.0,1.0,fastapi
167.3469387755102,0.3061224489795918,50.0,1.0,fastapi
167.3469387755102,0.32653061224489793,50.0,1.0,fastapi
167.3469387755102,0.3469387755102041,50.0,1.0,fastapi
167.3469387755102,0.36734693877551017,50.0,1.0,fastapi
167.3469387755102,0.3877551020408163,50.0,1.0,fastapi
167.3469387755102,0.4081632653061224,50.0,1.0,fastapi
167.3469387755102,0.42857142857142855,50.0,1.0,fastapi
167.3469387755102,0.44897959183673464,50.0,1.0,fastapi
167.3469387755102,0.4693877551020408,50.0,1.0,fastapi
167.3469387755102,0.4897959183673469,50.0,1.0,fastapi
167.3469387755102,0.5102040816326531,50.0,1.0,fastapi
167.3469387755102,0.5306122448979591,50.0,1.0,fastapi
167.3469387755102,0.5510204081632653,50.0,1.0,fastapi
167.3469387755102,0.5714285714285714,50.0,1.0,fastapi
167.3469387755102,0.5918367346938775,50.0,1.0,fastapi
167.3469387755102,0.6122448979591836,50.0,1.0,fastapi
167.3469387755102,0.6326530612244897,50.0,1.0,fastapi
167.3469387755102,0.6530612244897959,50.0,1.0,fastapi
167.3469387755102,0.673469387755102,50.0,1.0,fastapi
167.3469387755102,0.6938775510204082,50.0,1.0,fastapi
167.3469387755102,0.7142857142857142,50.0,1.0,fastapi
167.3469387755102,0.7346938775510203,50.0,1.0,fastapi
167.3469387755102,0.7551020408163265,50.0,1.0,fastapi
167.3469387755102,0.7755102040816326,50.0,1.0,fastapi
167.3469387755102,0.7959183673469387,50.0,1.0,fastapi
167.3469387755102,0.8163265306122448,50.0,1.0,fastapi
167.3469387755102,0.836734693877551,50.0,1.0,fastapi
167.3469387755102,0.8571428571428571,50.0,1.0,fastapi
167.3469387755102,0.8775510204081632,50.0,1.0,fastapi
167.3469387755102,0.8979591836734693,50.0,1.0,fastapi
167.3469387755102,0.9183673469387754,50.0,1.0,fastapi
167.3469387755102,0.9387755102040816,50.0,1.0,fastapi
167.3469387755102,0.9591836734693877,50.0,1.0,fastapi
167.3469387755102,0.9795918367346939,50.0,1.0,fastapi
167.3469387755102,1.0,50.0,1.0,fastapi
171.42857142857144,0.0,50.0,2.0097526430618018e-05,flask
171.42857142857144,0.02040816326530612,50.0,4.906677349936217e-05,flask
171.42857142857144,0.04081632653061224,50.0,0.00011665140482364222,flask
171.42857142857144,0.061224489795918366,50.0,0.0002768749836832285,flask
171.42857142857144,0.08163265306122448,50.0,0.0006570253171958029,flask
171.42857142857144,0.1020408163265306,50.0,0.0015583104686811566,flask
171.42857142857144,0.12244897959183673,50.0,0.003783072344958782,flask
171.42857142857144,0.14285714285714285,50.0,0.3240044116973877,flask
171.42857142857144,0.16326530612244897,50.0,0.992107093334198,fastapi
171.42857142857144,0.18367346938775508,50.0,0.9997979998588562,fastapi
171.42857142857144,0.2040816326530612,50.0,0.9999899864196777,fastapi
171.42857142857144,0.22448979591836732,50.0,0.9999995231628418,fastapi
171.42857142857144,0.24489795918367346,50.0,1.0,fastapi
171.42857142857144,0.26530612244897955,50.0,1.0,fastapi
171.42857142857144,0.2857142857142857,50.0,1.0,fastapi
171.42857142857144,0.3061224489795918,50.0,1.0,fastapi
171.42857142857144,0.32653061224489793,50.0,1.0,fastapi
171.42857142857144,0.3469387755102041,50.0,1.0,fastapi
171.42857142857144,0.36734693877551017,50.0,1.0,fastapi
171.42857142857144,0.3877551020408163,50.0,1.0,fastapi
171.42857142857144,0.4081632653061224,50.0,1.0,fastapi
171.42857142857144,0.42857142857142855,50.0,1.0,fastapi
171.42857142857144,0.44897959183673464,50.0,1.0,fastapi
171.42857142857144,0.4693877551020408,50.0,1.0,fastapi
171.42857142857144,0.4897959183673469,50.0,1.0,fastapi
171.42857142857144,0.5102040816326531,50.0,1.0,fastapi
171.42857142857144,0.5306122448979591,50.0,1.0,fastapi
171.42857142857144,0.5510204081632653,50.0,1.0,fastapi
171.42857142857144,0.5714285714285714,50.0,1.0,fastapi
171.42857142857144,0.5918367346938775,50.0,1.0,fastapi
171.42857142857144,0.6122448979591836,50.0,1.0,fastapi
171.42857142857144,0.6326530612244897,50.0,1.0,fastapi
171.42857142857144,0.6530612244897959,50.0,1.0,fastapi
171.42857142857144,0.673469387755102,50.0,1.0,fastapi
171.42857142857144,0.6938775510204082,50.0,1.0,fastapi
171.42857142857144,0.7142857142857142,50.0,1.0,fastapi
171.42857142857144,0.7346938775510203,50.0,1.0,fastapi
171.42857142857144,0.7551020408163265,50.0,1.0,fastapi
171.42857142857144,0.7755102040816326,50.0,1.0,fastapi
171.42857142857144,0.7959183673469387,50.0,1.0,fastapi
171.42857142857144,0.8163265306122448,50.0,1.0,fastapi
171.42857142857144,0.836734693877551,50.0,1.0,fastapi
171.42857142857144,0.8571428571428571,50.0,1.0,fastapi
171.42857142857144,0.8775510204081632,50.0,1.0,fastapi
171.42857142857144,0.8979591836734693,50.0,1.0,fastapi
171.42857142857144,0.9183673469387754,50.0,1.0,fastapi
171.42857142857144,0.9387755102040816,50.0,1.0,fastapi
171.42857142857144,0.9591836734693877,50.0,1.0,fastapi
171.42857142857144,0.9795918367346939,50.0,1.0,fastapi
171.42857142857144,1.0,50.0,1.0,fastapi
175.51020408163265,0.0,50.0,2.063493047899101e-05,flask
175.51020408163265,0.02040816326530612,50.0,5.037790833739564e-05,flask
175.51020408163265,0.04081632653061224,50.0,0.00011958421237068251,flask
175.51020408163265,0.061224489795918366,50.0,0.0002838349319063127,flask
175.51020408163265,0.08163265306122448,50.0,0.0006735357455909252,flask
175.51020408163265,0.1020408163265306,50.0,0.0015974310226738453,flask
175.51020408163265,0.12244897959183673,50.0,0.0038955218624323606,flask
175.51020408163265,0.14285714285714285,50.0,0.32044747471809387,flask
175.51020408163265,0.16326530612244897,50.0,0.991957426071167,fastapi
175.51020408163265,0.18367346938775508,50.0,0.9997974038124084,fastapi
175.51020408163265,0.2040816326530612,50.0,0.9999899864196777,fastapi
175.51020408163265,0.22448979591836732,50.0,0.9999995231628418,fastapi
175.51020408163265,0.24489795918367346,50.0,1.0,fastapi
175.51020408163265,0.26530612244897955,50.0,1.0,fastapi
175.51020408163265,0.2857142857142857,50.0,1.0,fastapi
175.51020408163265,0.3061224489795918,50.0,1.0,fastapi
175.51020408163265,0.32653061224489793,50.0,1.0,fastapi
175.51020408163265,0.3469387755102041,50.0,1.0,fastapi
175.51020408163265,0.36734693877551017,50.0,1.0,fastapi
175.51020408163265,0.3877551020408163,50.0,1.0,fastapi
175.51020408163265,0.4081632653061224,50.0,1.0,fastapi
175.51020408163265,0.42857142857142855,50.0,1.0,fastapi
175.51020408163265,0.44897959183673464,50.0,1.0,fastapi
175.51020408163265,0.4693877551020408,50.0,1.0,fastapi
175.51020408163265,0.4897959183673469,50.0,1.0,fastapi
175.51020408163265,0.5102040816326531,50.0,1.0,fastapi
175.51020408163265,0.5306122448979591,50.0,1.0,fastapi
175.51020408163265,0.5510204081632653,50.0,1.0,fastapi
175.51020408163265,0.5714285714285714,50.0,1.0,fastapi
175.51020408163265,0.5918367346938775,50.0,1.0,fastapi
175.51020408163265,0.6122448979591836,50.0,1.0,fastapi
175.51020408163265,0.6326530612244897,50.0,1.0,fastapi
175.51020408163265,0.6530612244897959,50.0,1.0,fastapi
175.51020408163265,0.673469387755102,50.0,1.0,fastapi
175.51020408163265,0.6938775510204082,50.0,1.0,fastapi
175.51020408163265,0.7142857142857142,50.0,1.0,fastapi
175.51020408163265,0.7346938775510203,50.0,1.0,fastapi
175.51020408163265,0.7551020408163265,50.0,1.0,fastapi
175.51020408163265,0.7755102040816326,50.0,1.0,fastapi
175.51020408163265,0.7959183673469387,50.0,1.0,fastapi
175.51020408163265,0.8163265306122448,50.0,1.0,fastapi
175.51020408163265,0.836734693877551,50.0,1.0,fastapi
175.51020408163265,0.8571428571428571,50.0,1.0,fastapi
175.51020408163265,0.8775510204081632,50.0,1.0,fastapi
175.51020408163265,0.8979591836734693,50.0,1.0,fastapi
175.51020408163265,0.9183673469387754,50.0,1.0,fastapi
175.51020408163265,0.9387755102040816,50.0,1.0,fastapi
175.51020408163265,0.9591836734693877,50.0,1.0,fastapi
175.51020408163265,0.9795918367346939,50.0,1.0,fastapi
175.51020408163265,1.0,50.0,1.0,fastapi
179.59183673469389,0.0,50.0,2.1186686353757977e-05,flask
179.59183673469389,0.02040816326530612,50.0,5.164472167962231e-05,flask
179.59183673469389,0.04081632653061224,50.0,0.00012259096547495574,flask
179.59183673469389,0.061224489795918366,50.0,0.00029097002698108554,flask
179.59183673469389,0.08163265306122448,50.0,0.0006904605543240905,flask
179.59183673469389,0.1020408163265306,50.0,0.001637535053305328,flask
179.59183673469389,0.12244897959183673,50.0,0.004028232768177986,flask
179.59183673469389,0.14285714285714285,50.0,0.31691205501556396,flask
179.59183673469389,0.16326530612244897,50.0,0.991804838180542,fastapi
179.59183673469389,0.18367346938775508,50.0,0.9997969269752502,fastapi
179.59183673469389,0.2040816326530612,50.0,0.9999899864196777,fastapi
179.59183673469389,0.22448979591836732,50.0,0.9999995231628418,fastapi
179.59183673469389,0.24489795918367346,50.0,1.0,fastapi
179.59183673469389,0.26530612244897955,50.0,1.0,fastapi
179.59183673469389,0.2857142857142857,50.0,1.0,fastapi
179.59183673469389,0.3061224489795918,50.0,1.0,fastapi
179.59183673469389,0.32653061224489793,50.0,1.0,fastapi
179.59183673469389,0.3469387755102041,50.0,1.0,fastapi
179.59183673469389,0.36734693877551017,50.0,1.0,fastapi
179.59183673469389,0.3877551020408163,50.0,1.0,fastapi
179.59183673469389,0.4081632653061224,50.0,1.0,fastapi
179.59183673469389,0.42857142857142855,50.0,1.0,fastapi
179.59183673469389,0.44897959183673464,50.0,1.0,fastapi
179.59183673469389,0.4693877551020408,50.0,1.0,fastapi
179.59183673469389,0.4897959183673469,50.0,1.0,fastapi
179.59183673469389,0.5102040816326531,50.0,1.0,fastapi
179.59183673469389,0.5306122448979591,50.0,1.0,fastapi
179.59183673469389,0.5510204081632653,50.0,1.0,fastapi
179.59183673469389,0.5714285714285714,50.0,1.0,fastapi
179.59183673469389,0.5918367346938775,50.0,1.0,fastapi
179.59183673469389,0.6122448979591836,50.0,1.0,fastapi
179.59183673469389,0.6326530612244897,50.0,1.0,fastapi
179.59183673469389,0.6530612244897959,50.0,1.0,fastapi
179.59183673469389,0.673469387755102,50.0,1.0,fastapi
179.59183673469389,0.6938775510204082,50.0,1.0,fastapi
179.59183673469389,0.7142857142857142,50.0,1.0,fastapi
179.59183673469389,0.7346938775510203,50.0,1.0,fastapi
179.59183673469389,0.7551020408163265,50.0,1.0,fastapi
179.59183673469389,0.7755102040816326,50.0,1.0,fastapi
179.59183673469389,0.7959183673469387,50.0,1.0,fastapi
179.59183673469389,0.8163265306122448,50.0,1.0,fastapi
179.59183673469389,0.836734693877551,50.0,1.0,fastapi
179.59183673469389,0.8571428571428571,50.0,1.0,fastapi
179.59183673469389,0.8775510204081632,50.0,1.0,fastapi
179.59183673469389,0.8979591836734693,50.0,1.0,fastapi
179.59183673469389,0.9183673469387754,50.0,1.0,fastapi
179.59183673469389,0.9387755102040816,50.0,1.0,fastapi
179.59183673469389,0.9591836734693877,50.0,1.0,fastapi
179.59183673469389,0.9795918367346939,50.0,1.0,fastapi
179.59183673469389,1.0,50.0,1.0,fastapi
183.67346938775512,0.0,50.0,2.175321424147114e-05,flask
183.67346938775512,0.02040816326530612,50.0,5.294329093885608e-05,flask
183.67346938775512,0.04081632653061224,50.0,0.00012567320663947612,flask
183.67346938775512,0.061224489795918366,50.0,0.00029828445985913277,flask
183.67346938775512,0.08163265306122448,50.0,0.0007078102789819241,flask
183.67346938775512,0.1020408163265306,50.0,0.0016786428168416023,flask
183.67346938775512,0.12244897959183673,50.0,0.004095352254807949,flask
183.67346938775512,0.14285714285714285,50.0,0.3133974075317383,flask
183.67346938775512,0.16326530612244897,50.0,0.9916495084762573,fastapi
183.67346938775512,0.18367346938775508,50.0,0.9997963309288025,fastapi
183.67346938775512,0.2040816326530612,50.0,0.9999899864196777,fastapi
183.67346938775512,0.22448979591836732,50.0,0.9999995231628418,fastapi
183.67346938775512,0.24489795918367346,50.0,1.0,fastapi
183.67346938775512,0.26530612244897955,50.0,1.0,fastapi
183.67346938775512,0.2857142857142857,50.0,1.0,fastapi
183.67346938775512,0.3061224489795918,50.0,1.0,fastapi
183.67346938775512,0.32653061224489793,50.0,1.0,fastapi
183.67346938775512,0.3469387755102041,50.0,1.0,fastapi
183.67346938775512,0.36734693877551017,50.0,1.0,fastapi
183.67346938775512,0.3877551020408163,50.0,1.0,fastapi
183.67346938775512,0.4081632653061224,50.0,1.0,fastapi
183.67346938775512,0.42857142857142855,50.0,1.0,fastapi
183.67346938775512,0.44897959183673464,50.0,1.0,fastapi
183.67346938775512,0.4693877551020408,50.0,1.0,fastapi
183.67346938775512,0.4897959183673469,50.0,1.0,fastapi
183.67346938775512,0.5102040816326531,50.0,1.0,fastapi
183.67346938775512,0.5306122448979591,50.0,1.0,fastapi
183.67346938775512,0.5510204081632653,50.0,1.0,fastapi
183.67346938775512,0.5714285714285714,50.0,1.0,fastapi
183.67346938775512,0.5918367346938775,50.0,1.0,fastapi
183.67346938775512,0.6122448979591836,50.0,1.0,fastapi
183.67346938775512,0.6326530612244897,50.0,1.0,fastapi
183.67346938775512,0.6530612244897959,50.0,1.0,fastapi
183.67346938775512,0.673469387755102,50.0,1.0,fastapi
183.67346938775512,0.6938775510204082,50.0,1.0,fastapi
183.67346938775512,0.7142857142857142,50.0,1.0,fastapi
183.67346938775512,0.7346938775510203,50.0,1.0,fastapi
183.67346938775512,0.7551020408163265,50.0,1.0,fastapi
183.67346938775512,0.7755102040816326,50.0,1.0,fastapi
183.67346938775512,0.7959183673469387,50.0,1.0,fastapi
183.67346938775512,0.8163265306122448,50.0,1.0,fastapi
183.67346938775512,0.836734693877551,50.0,1.0,fastapi
183.67346938775512,0.8571428571428571,50.0,1.0,fastapi
183.67346938775512,0.8775510204081632,50.0,1.0,fastapi
183.67346938775512,0.8979591836734693,50.0,1.0,fastapi
183.67346938775512,0.9183673469387754,50.0,1.0,fastapi
183.67346938775512,0.9387755102040816,50.0,1.0,fastapi
183.67346938775512,0.9591836734693877,50.0,1.0,fastapi
183.67346938775512,0.9795918367346939,50.0,1.0,fastapi
183.67346938775512,1.0,50.0,1.0,fastapi
187.75510204081633,0.0,50.0,2.233486702607479e-05,flask
187.75510204081633,0.02040816326530612,50.0,5.42745110578835e-05,flask
187.75510204081633,0.04081632653061224,50.0,0.00012883292220067233,flask
187.75510204081633,0.061224489795918366,50.0,0.00030578242149204016,flask
187.75510204081633,0.08163265306122448,50.0,0.000725595629774034,flask
187.75510204081633,0.1020408163265306,50.0,0.0017207805067300797,flask
187.75510204081633,0.12244897959183673,50.0,0.004007648676633835,flask
187.75510204081633,0.14285714285714285,50.0,0.3099041283130646,flask
187.75510204081633,0.16326530612244897,50.0,0.9914912581443787,fastapi
187.75510204081633,0.18367346938775508,50.0,0.9997957348823547,fastapi
187.75510204081633,0.2040816326530612,50.0,0.9999899864196777,fastapi
187.75510204081633,0.22448979591836732,50.0,0.9999995231628418,fastapi
187.75510204081633,0.24489795918367346,50.0,1.0,fastapi
187.75510204081633,0.26530612244897955,50.0,1.0,fastapi
187.75510204081633,0.2857142857142857,50.0,1.0,fastapi
187.75510204081633,0.3061224489795918,50.0,1.0,fastapi
187.75510204081633,0.32653061224489793,50.0,1.0,fastapi
187.75510204081633,0.3469387755102041,50.0,1.0,fastapi
187.75510204081633,0.36734693877551017,50.0,1.0,fastapi
187.75510204081633,0.3877551020408163,50.0,1.0,fastapi
187.75510204081633,0.4081632653061224,50.0,1.0,fastapi
187.75510204081633,0.42857142857142855,50.0,1.0,fastapi
187.75510204081633,0.44897959183673464,50.0,1.0,fastapi
187.75510204081633,0.4693877551020408,50.0,1.0,fastapi
187.75510204081633,0.4897959183673469,50.0,1.0,fastapi
187.75510204081633,0.5102040816326531,50.0,1.0,fastapi
187.75510204081633,0.5306122448979591,50.0,1.0,fastapi
187.75510204081633,0.5510204081632653,50.0,1.0,fastapi
187.75510204081633,0.5714285714285714,50.0,1.0,fastapi
187.75510204081633,0.5918367346938775,50.0,1.0,fastapi
187.75510204081633,0.6122448979591836,50.0,1.0,fastapi
187.75510204081633,0.6326530612244897,50.0,1.0,fastapi
187.75510204081633,0.6530612244897959,50.0,1.0,fastapi
187.75510204081633,0.673469387755102,50.0,1.0,fastapi
187.75510204081633,0.6938775510204082,50.0,1.0,fastapi
187.75510204081633,0.7142857142857142,50.0,1.0,fastapi
187.75510204081633,0.7346938775510203,50.0,1.0,fastapi
187.75510204081633,0.7551020408163265,50.0,1.0,fastapi
187.75510204081633,0.7755102040816326,50.0,1.0,fastapi
187.75510204081633,0.7959183673469387,50.0,1.0,fastapi
187.75510204081633,0.8163265306122448,50.0,1.0,fastapi
187.75510204081633,0.836734693877551,50.0,1.0,fastapi
187.75510204081633,0.8571428571428571,50.0,1.0,fastapi
187.75510204081633,0.8775510204081632,50.0,1.0,fastapi
187.75510204081633,0.8979591836734693,50.0,1.0,fastapi
187.75510204081633,0.9183673469387754,50.0,1.0,fastapi
187.75510204081633,0.9387755102040816,50.0,1.0,fastapi
187.75510204081633,0.9591836734693877,50.0,1.0,fastapi
187.75510204081633,0.9795918367346939,50.0,1.0,fastapi
187.75510204081633,1.0,50.0,1.0,fastapi
191.83673469387756,0.0,50.0,2.2932097635930404e-05,flask
191.83673469387756,0.02040816326530612,50.0,5.563914601225406e-05,flask
191.83673469387756,0.04081632653061224,50.0,0.00013207194569986314,flask
191.83673469387756,0.061224489795918366,50.0,0.0003134697035420686,flask
191.83673469387756,0.08163265306122448,50.0,0.0007438272587023675,flask
191.83673469387756,0.1020408163265306,50.0,0.001763974316418171,flask
191.83673469387756,0.12244897959183673,50.0,0.003921810071915388,flask
191.83673469387756,0.14285714285714285,50.0,0.30643194913864136,flask
191.83673469387756,0.16326530612244897,50.0,0.9913299083709717,fastapi
191.83673469387756,0.18367346938775508,50.0,0.999795138835907,fastapi
191.83673469387756,0.2040816326530612,50.0,0.9999898672103882,fastapi
191.83673469387756,0.22448979591836732,50.0,0.9999995231628418,fastapi
191.83673469387756,0.24489795918367346,50.0,1.0,fastapi
191.83673469387756,0.26530612244897955,50.0,1.0,fastapi
191.83673469387756,0.2857142857142857,50.0,1.0,fastapi
191.83673469387756,0.3061224489795918,50.0,1.0,fastapi
191.83673469387756,0.32653061224489793,50.0,1.0,fastapi
191.83673469387756,0.3469387755102041,50.0,1.0,fastapi
191.83673469387756,0.36734693877551017,50.0,1.0,fastapi
191.83673469387756,0.3877551020408163,50.0,1.0,fastapi
191.83673469387756,0.4081632653061224,50.0,1.0,fastapi
191.83673469387756,0.42857142857142855,50.0,1.0,fastapi
191.83673469387756,0.44897959183673464,50.0,1.0,fastapi
191.83673469387756,0.4693877551020408,50.0,1.0,fastapi
191.83673469387756,0.4897959183673469,50.0,1.0,fastapi
191.83673469387756,0.5102040816326531,50.0,1.0,fastapi
191.83673469387756,0.5306122448979591,50.0,1.0,fastapi
191.83673469387756,0.5510204081632653,50.0,1.0,fastapi
191.83673469387756,0.5714285714285714,50.0,1.0,fastapi
191.83673469387756,0.5918367346938775,50.0,1.0,fastapi
191.83673469387756,0.6122448979591836,50.0,1.0,fastapi
191.83673469387756,0.6326530612244897,50.0,1.0,fastapi
191.83673469387756,0.6530612244897959,50.0,1.0,fastapi
191.83673469387756,0.673469387755102,50.0,1.0,fastapi
191.83673469387756,0.6938775510204082,50.0,1.0,fastapi
191.83673469387756,0.7142857142857142,50.0,1.0,fastapi
191.83673469387756,0.7346938775510203,50.0,1.0,fastapi
191.83673469387756,0.7551020408163265,50.0,1.0,fastapi
191.83673469387756,0.7755102040816326,50.0,1.0,fastapi
191.83673469387756,0.7959183673469387,50.0,1.0,fastapi
191.83673469387756,0.8163265306122448,50.0,1.0,fastapi
191.83673469387756,0.836734693877551,50.0,1.0,fastapi
191.83673469387756,0.8571428571428571,50.0,1.0,fastapi
191.83673469387756,0.8775510204081632,50.0,1.0,fastapi
191.83673469387756,0.8979591836734693,50.0,1.0,fastapi
191.83673469387756,0.9183673469387754,50.0,1.0,fastapi
191.83673469387756,0.9387755102040816,50.0,1.0,fastapi
191.83673469387756,0.9591836734693877,50.0,1.0,fastapi
191.83673469387756,0.9795918367346939,50.0,1.0,fastapi
191.83673469387756,1.0,50.0,1.0,fastapi
195.9183673469388,0.0,50.0,2.3545275325886905e-05,flask
195.9183673469388,0.02040816326530612,50.0,5.7038196246139705e-05,flask
195.9183673469388,0.04081632653061224,50.0,0.0001353925181319937,flask
195.9183673469388,0.061224489795918366,50.0,0.00032134950743056834,flask
195.9183673469388,0.08163265306122448,50.0,0.0007625177386216819,flask
195.9183673469388,0.1020408163265306,50.0,0.0017881111707538366,flask
195.9183673469388,0.12244897959183673,50.0,0.0038378085009753704,flask
195.9183673469388,0.14285714285714285,50.0,0.3029822111129761,flask
195.9183673469388,0.16326530612244897,50.0,0.9911656975746155,fastapi
195.9183673469388,0.18367346938775508,50.0,0.9997946619987488,fastapi
195.9183673469388,0.2040816326530612,50.0,0.9999898672103882,fastapi
195.9183673469388,0.22448979591836732,50.0,0.9999995231628418,fastapi
195.9183673469388,0.24489795918367346,50.0,1.0,fastapi
195.9183673469388,0.26530612244897955,50.0,1.0,fastapi
195.9183673469388,0.2857142857142857,50.0,1.0,fastapi
195.9183673469388,0.3061224489795918,50.0,1.0,fastapi
195.9183673469388,0.32653061224489793,50.0,1.0,fastapi
195.9183673469388,0.3469387755102041,50.0,1.0,fastapi
195.9183673469388,0.36734693877551017,50.0,1.0,fastapi
195.9183673469388,0.3877551020408163,50.0,1.0,fastapi
195.9183673469388,0.4081632653061224,50.0,1.0,fastapi
195.9183673469388,0.42857142857142855,50.0,1.0,fastapi
195.9183673469388,0.44897959183673464,50.0,1.0,fastapi
195.9183673469388,0.4693877551020408,50.0,1.0,fastapi
195.9183673469388,0.4897959183673469,50.0,1.0,fastapi
195.9183673469388,0.5102040816326531,50.0,1.0,fastapi
195.9183673469388,0.5306122448979591,50.0,1.0,fastapi
195.9183673469388,0.5510204081632653,50.0,1.0,fastapi
195.9183673469388,0.5714285714285714,50.0,1.0,fastapi
195.9183673469388,0.5918367346938775,50.0,1.0,fastapi
195.9183673469388,0.6122448979591836,50.0,1.0,fastapi
195.9183673469388,0.6326530612244897,50.0,1.0,fastapi
195.9183673469388,0.6530612244897959,50.0,1.0,fastapi
195.9183673469388,0.673469387755102,50.0,1.0,fastapi
195.9183673469388,0.6938775510204082,50.0,1.0,fastapi
195.9183673469388,0.7142857142857142,50.0,1.0,fastapi
195.9183673469388,0.7346938775510203,50.0,1.0,fastapi
195.9183673469388,0.7551020408163265,50.0,1.0,fastapi
195.9183673469388,0.7755102040816326,50.0,1.0,fastapi
195.9183673469388,0.7959183673469387,50.0,1.0,fastapi
195.9183673469388,0.8163265306122448,50.0,1.0,fastapi
195.9183673469388,0.836734693877551,50.0,1.0,fastapi
195.9183673469388,0.8571428571428571,50.0,1.0,fastapi
195.9183673469388,0.8775510204081632,50.0,1.0,fastapi
195.9183673469388,0.8979591836734693,50.0,1.0,fastapi
195.9183673469388,0.9183673469387754,50.0,1.0,fastapi
195.9183673469388,0.9387755102040816,50.0,1.0,fastapi
195.9183673469388,0.9591836734693877,50.0,1.0,fastapi
195.9183673469388,0.9795918367346939,50.0,1.0,fastapi
195.9183673469388,1.0,50.0,1.0,fastapi
200.0,0.0,50.0,2.4174847567337565e-05,flask
200.0,0.02040816326530612,50.0,5.847237116540782e-05,flask
200.0,0.04081632653061224,50.0,0.00013879683683626354,flask
200.0,0.061224489795918366,50.0,0.0003294273919891566,flask
200.0,0.08163265306122448,50.0,0.000781676615588367,flask
200.0,0.1020408163265306,50.0,0.0017363399965688586,flask
200.0,0.12244897959183673,50.0,0.0037651367019861937,flask
200.0,0.14285714285714285,50.0,0.29955416917800903,flask
200.0,0.16326530612244897,50.0,0.9909982681274414,fastapi
200.0,0.18367346938775508,50.0,0.999794065952301,fastapi
200.0,0.2040816326530612,50.0,0.9999898672103882,fastapi
200.0,0.22448979591836732,50.0,0.9999995231628418,fastapi
200.0,0.24489795918367346,50.0,1.0,fastapi
200.0,0.26530612244897955,50.0,1.0,fastapi
200.0,0.2857142857142857,50.0,1.0,fastapi
200.0,0.3061224489795918,50.0,1.0,fastapi
200.0,0.32653061224489793,50.0,1.0,fastapi
200.0,0.3469387755102041,50.0,1.0,fastapi
200.0,0.36734693877551017,50.0,1.0,fastapi
200.0,0.3877551020408163,50.0,1.0,fastapi
200.0,0.4081632653061224,50.0,1.0,fastapi
200.0,0.42857142857142855,50.0,1.0,fastapi
200.0,0.44897959183673464,50.0,1.0,fastapi
200.0,0.4693877551020408,50.0,1.0,fastapi
200.0,0.4897959183673469,50.0,1.0,fastapi
200.0,0.5102040816326531,50.0,1.0,fastapi
200.0,0.5306122448979591,50.0,1.0,fastapi
200.0,0.5510204081632653,50.0,1.0,fastapi
200.0,0.5714285714285714,50.0,1.0,fastapi
200.0,0.5918367346938775,50.0,1.0,fastapi
200.0,0.6122448979591836,50.0,1.0,fastapi
200.0,0.6326530612244897,50.0,1.0,fastapi
200.0,0.6530612244897959,50.0,1.0,fastapi
200.0,0.673469387755102,50.0,1.0,fastapi
200.0,0.6938775510204082,50.0,1.0,fastapi
200.0,0.7142857142857142,50.0,1.0,fastapi
200.0,0.7346938775510203,50.0,1.0,fastapi
200.0,0.7551020408163265,50.0,1.0,fastapi
200.0,0.7755102040816326,50.0,1.0,fastapi
200.0,0.7959183673469387,50.0,1.0,fastapi
200.0,0.8163265306122448,50.0,1.0,fastapi
200.0,0.836734693877551,50.0,1.0,fastapi
200.0,0.8571428571428571,50.0,1.0,fastapi
200.0,0.8775510204081632,50.0,1.0,fastapi
200.0,0.8979591836734693,50.0,1.0,fastapi
200.0,0.9183673469387754,50.0,1.0,fastapi
200.0,0.9387755102040816,50.0,1.0,fastapi
200.0,0.9591836734693877,50.0,1.0,fastapi
200.0,0.9795918367346939,50.0,1.0,fastapi
200.0,1.0,50.0,1.0,fastapi
