current_load,io_intensity,cpu_usage,best_backend
102,0.031194676397583568,52.22894733111719,0
179,0.08936325162722271,35.997351817666946,0
92,0.2942015843270769,1.603640003064577,1
14,0.1829149868174836,56.244894127141876,0
106,0.21582375459229589,12.376066608401104,1
71,0.012133770591370215,8.00413240914406,0
188,0.16027966233293106,75.54990686967872,1
20,0.020883310684222903,0.9506202418105625,0
102,0.1750767615065199,95.90084436087261,1
121,0.27702354639446186,51.52553641125769,1
74,0.2908415478451183,98.30164307061484,1
87,0.166760275862788,5.7997572472708425,1
116,0.14287939352314263,58.35295488659133,1
99,0.28405495733206326,34.93270359759112,1
103,0.20534685127904156,84.34824928142858,1
151,0.028820791066138746,36.122273523428625,0
130,0.1450604175235743,26.04875790573491,1
149,0.07967105535464812,85.75531270999133,0
52,0.14624325322011766,37.4653091653261,1
1,0.1420850158818449,1.6833319860561469,0
87,0.17882199281627517,39.028910083933376,1
157,0.11346344220128285,65.45222690109419,1
37,0.05763843034221913,25.435953880638184,0
129,0.15607863603108732,43.19875924251573,1
191,0.250758836460271,5.671513828222552,1
187,0.20256354613960467,58.80927915139572,1
20,0.10812668111831258,75.62949238603937,0
160,0.2813016766000686,41.33125614011103,1
57,0.27454019566226284,42.023263280146004,1
21,0.07071103582138864,8.828249858491644,0
88,0.02143109968490526,20.194086451198256,0
48,0.22497952542172103,15.467530312791267,0
58,0.2500069757912544,48.16877686615379,1
169,0.290680724125893,52.925554095075015,1
187,0.2680525542856101,94.894013128426,1
14,0.18415508277986029,7.323150427723391,0
189,0.16371517837159044,59.98679731550472,1
189,0.018073904866150025,52.64985273282413,0
174,0.08153036958498557,51.62330979358292,0
189,0.14328827800254867,87.31592873828265,1
50,0.19226613102423468,20.55384706954865,0
107,0.1716030316623391,4.077327434137146,1
54,0.22536443700769024,67.22715076341925,1
63,0.09113240995724184,34.515746413598016,0
130,0.17383625621921725,1.7589916212524592,1
50,0.035561250583329714,25.13740072904138,0
134,0.12996300183913,30.932677421681188,1
20,0.2275466415568343,61.683837678424204,0
72,0.21108624749442276,17.25857940492721,1
166,0.2972863937799319,41.3054347953398,1
17,0.09058842653644923,48.247544441783255,0
131,0.15447489676045395,45.92373913640909,1
88,0.10556381999445903,97.39407666667817,1
59,0.13777490307716067,4.550423779029611,1
13,0.25851553766212254,95.09681864523994,0
8,0.2084206318046611,58.19372139940333,0
89,0.26590794549079866,79.57277149698383,1
52,0.06901822141624707,43.039261801607545,0
129,0.263274724174017,45.38378812569805,1
83,0.02733105951173148,87.93264990158237,0
91,0.2676937913267742,89.59344962919022,1
110,0.10543139604361108,23.868888143129762,1
187,0.10123041369007926,19.924187858461817,1
198,0.15850568724261255,49.62351738699511,1
171,0.2828001544397372,90.02770271276917,1
7,0.023856595757607554,32.23550934061763,0
174,0.11214698277051613,65.20146153391313,1
34,0.25840587671816734,70.81516877406011,0
80,0.12485579845628535,77.86746648941558,1
163,0.06775550030314943,56.392445792096325,0
49,0.13319031258610942,40.24551782789696,0
103,0.12181022543258409,96.70159887989729,1
131,0.275470698425344,61.133075330285266,1
1,0.23096096896549814,72.85652116332709,0
133,0.15648351116576184,34.49828456958783,1
53,0.29662746434925563,66.99491810030801,1
105,0.14493048407001777,25.779766216412593,1
3,0.026888970937879814,24.509691752863617,0
53,0.08605955332634561,71.47222018094264,0
190,0.13646043926360066,52.13947362629351,1
145,0.05550176100237483,68.32766104223897,0
43,0.2847938866339725,26.94384907480917,0
161,0.2323861803671542,59.87233410567304,1
189,0.08780328812405407,44.393364970311254,0
13,0.1813333147201956,59.69602868455279,0
94,0.21922025556177588,29.087973224421937,1
47,0.2829708893829714,71.54509636491238,0
14,0.2656742512608691,80.59293661594656,0
199,0.15940574558008197,25.991647385772364,1
189,0.23464925973997508,30.062055985564207,1
39,0.17302197860999965,66.1154269719093,0
81,0.17028412811320662,69.55851743035441,1
110,0.04327516791807565,70.409968439745,0
52,0.046579920824684096,68.26985047758369,0
23,0.16356474835651266,39.28077169525388,0
153,0.0879698480439119,39.48536744036784,0
187,0.016100701713535902,25.481762364438143,0
123,0.21962336913106156,15.683369989636297,1
40,0.01942111304014784,69.25773793969057,0
156,0.1826302839201758,9.318878597231283,1
14,0.16636620029692117,93.77922867867817,0
44,0.29095626026756327,82.66863036714514,0
64,0.15042181041081606,85.7505739957256,1
88,0.02844441654956123,90.66688146151903,0
70,0.16998951066387388,40.86049707232401,1
8,0.2539178894786694,84.6700723350401,0
87,0.29908629244161755,15.806130029164933,1
128,0.134799520369831,2.1641794608235676,1
135,0.10288663532405531,78.48913946638501,1
62,0.27292945611607966,7.47966479969393,1
138,0.0654602174320752,98.85246673259216,0
80,0.18847438535954872,67.4796429601556,1
135,0.12765718301247483,75.34497102421055,1
162,0.021913885837111034,24.580385627786594,0
162,0.11071365754865234,67.38653939196881,1
32,0.08691627152577562,4.321993725495721,0
122,0.20896643464361117,83.78257199236009,1
4,0.28514924433065625,16.962409303157244,0
40,0.08773368433980494,69.73580668337705,0
27,0.2453251223539877,22.448050123272832,0
134,0.02605434691213876,6.845316942604274,0
200,0.16605509291154583,48.14936785493943,1
71,0.030459518475869425,16.928621027278943,0
11,0.2808695674278854,72.94439883265498,0
161,0.23224187136164315,23.756584338348485,1
32,0.20080547424933176,34.24725562358289,0
47,0.24892995067115264,56.743925126447294,0
150,0.19778074071534732,28.496827757731158,1
61,0.2909938751805444,37.79881162099616,1
36,0.21704780488078373,81.56217710403867,0
98,0.2781509967788516,17.920984956102572,1
171,0.15996824868308504,8.220158948193369,1
103,0.04394867976474017,32.835778513301925,0
34,0.16317153921267497,42.437676701387815,0
192,0.046793120138297055,54.265928213656764,0
100,0.18182310896115747,37.24236961750071,1
174,0.14992298755302225,78.99117002228051,1
130,0.1905468653715067,3.9319487668473263,1
0,0.012913624505901163,43.1767538198558,0
4,0.06650374258005558,38.22559146564046,0
141,0.15248582525451795,64.7578490806859,1
102,0.2856460328608491,96.6276251897396,1
26,0.12124662170299592,51.037540662886215,0
136,0.13306788755555404,98.68768469417205,1
14,0.21726186581192042,30.224939491319745,0
89,0.18509989961297424,3.0868132542461013,1
41,0.09668858352851663,16.566316747641274,0
123,0.12913675471455405,39.51248847745673,1
178,0.0731329416685974,31.63339091885522,0
62,0.29014622314776045,9.705413098337768,1
95,0.04788397065163432,43.266010769071684,0
51,0.11783266752426162,33.81157716595627,1
95,0.017493301943803247,12.261922045743844,0
131,0.07431605266072845,29.61171306119089,0
150,0.23633663013024492,88.64360553553905,1
142,0.06834081736377504,30.204886548934017,0
170,0.033218386733400024,71.39554232420517,0
28,0.14759142215491175,61.20470796577556,0
35,0.012891078073010364,42.718116240837176,0
12,0.034582184783636616,23.902563680366917,0
159,0.24421150217326276,36.901469934594544,1
70,0.23372727000928584,59.210721347104275,1
186,0.27539025791741983,35.07532147493549,1
85,0.25780947641411733,21.489643357423184,1
27,0.20812091333954724,11.64627488916321,0
65,0.025176528617192225,87.97669379095653,0
169,0.23702609921613066,44.031297575190564,1
44,0.2551981351437625,62.520832174293005,0
61,0.24173382227386678,49.041036113680526,1
184,0.15745892023932756,87.25665183579633,1
133,0.07754153320834967,54.69348524482108,0
27,0.2551456929497307,48.07814179491133,0
27,0.22087721482464015,92.46009904217127,0
107,0.29442074057276696,71.96895960453546,1
43,0.05515085334922054,11.154990734685732,0
83,0.07544272908509596,17.770446119681406,0
29,0.07142146346563577,78.71228629394419,0
189,0.23983653261018764,83.58513211799543,1
74,0.06420311597053427,54.51908290902965,0
127,0.029331350648758768,55.44552278666393,0
91,0.2995826339098323,63.19329628514445,1
189,0.017196991319093254,43.911577428263946,0
128,0.252220777446071,68.01991234839039,1
120,0.1159563840496893,10.848125756641569,1
26,0.2540684833297664,96.12792423673864,0
189,0.17083994245123205,75.01548237949217,1
120,0.2714730565510444,63.11742040090069,1
115,0.27859596606024173,31.63220570094807,1
2,0.012638472571425039,16.095548745672914,0
102,0.03186953103790859,40.934296382894466,0
197,0.08260403157554808,66.15767405740584,0
199,0.2041014707454155,63.370974342311094,1
154,0.26759893698833676,38.26411550655715,1
136,0.1433831658752492,61.328639383312975,1
61,0.18602220371953698,81.37482955675476,1
164,0.06466495731071273,2.6284772337607065,0
50,0.24344038182568875,45.06210479302757,0
171,0.2905251522925062,75.85552284667911,1
151,0.08789369054523326,54.61444704633772,0
58,0.15349952596415845,65.147608792907,1
117,0.0349736720468484,51.6676392605342,0
159,0.17214963037426084,99.1874544682311,1
95,0.15580719813553737,5.462153648903822,1
179,0.0518865804049725,49.10448217723773,0
112,0.13819920180424175,9.141654911451768,1
61,0.10689034910510334,15.978556211357041,1
185,0.1613309538385049,38.30383504182618,1
51,0.17983975727435175,15.554009150048731,1
11,0.012463717796090758,96.3687165956651,0
38,0.23069173505537105,94.67897767251591,0
129,0.21677414463990483,33.61096462206038,1
130,0.11622305199989143,63.97477120376796,1
112,0.025351421314957295,53.37533205937861,0
100,0.2289304365376646,81.55869805157685,1
112,0.2870007965386584,62.74456098169422,1
183,0.0796439628463841,0.0252454490562104,0
80,0.10382213798374097,76.31743856097388,1
186,0.06330573794972633,74.68481212961181,0
112,0.1773114757700035,50.972270556648105,1
1,0.05490400444776193,90.29189732330538,0
129,0.11329624360380003,90.84462056904016,1
53,0.21213377404093625,52.39116767043972,1
86,0.17243363507271103,60.79882311965377,1
128,0.1220741436551012,99.65220719246723,1
146,0.13187238452418715,29.88202348114175,1
125,0.17301215596073655,32.461724231147734,1
129,0.011700771087276778,18.277390266349634,0
52,0.032767861851546856,89.5866939157868,0
171,0.26556483965127337,74.44883899492663,1
159,0.03258490683647432,10.56428488702419,0
197,0.2149730429010465,98.17673511979656,1
159,0.2768110675916252,73.09617081611161,1
67,0.08849824524750201,85.05221096049745,0
182,0.11744251674725913,4.8150789173200925,1
183,0.17498720769496773,50.49609189421677,1
122,0.26569560119518953,69.85982867270393,1
144,0.28315262030552185,54.29465845718413,1
37,0.22447334195226773,66.66474656992774,0
23,0.035119730647861266,81.78740635904725,0
68,0.20405470510510673,37.43370629601962,1
115,0.128988079343072,84.86686756187098,1
97,0.14650328985240785,16.291610476529073,1
197,0.02425303320010134,27.088605502637474,0
138,0.06540802041044387,4.334561992732578,0
143,0.23924894618475784,36.44268113352511,1
96,0.14164806158387933,37.99095448241203,1
200,0.09748205007303315,80.52705972072509,0
123,0.12136553144983785,65.3130670289656,1
186,0.25777585886444726,43.672255815566665,1
69,0.2272097150474375,65.21139786237482,1
92,0.08897146518251399,5.278335051569116,0
2,0.044075533661588256,18.027153601837608,0
147,0.08307948427678079,62.6947855241755,0
186,0.27701937080587274,64.13668192253023,1
163,0.17866076297642905,77.41346587074271,1
146,0.16470926053598703,40.29997590536022,1
89,0.18295414391081383,72.25540966161562,1
194,0.1161481970664894,68.39803325601895,1
146,0.24406103589265868,96.33933783698491,1
147,0.16175301229707245,21.513022642467917,1
95,0.04385689180295071,55.16795637526395,0
198,0.04742888620042826,60.17644421104693,0
51,0.16568915248575933,99.86478849342207,1
160,0.28160536324054336,20.11841421666517,1
167,0.09942211528609762,52.32180199672922,0
127,0.2621669389691733,34.618530771363886,1
38,0.231587720107875,52.58929685789998,0
81,0.08186560844300297,23.212860210310595,0
103,0.02053881701171031,4.761237842748811,0
128,0.03953570689129099,57.25654538976889,0
10,0.22126324081575766,33.58543158608322,0
184,0.06790422403178753,18.194140174843366,0
177,0.11766856694656419,32.393556607803376,1
150,0.1554927581418632,4.928020144774492,1
158,0.22038576885054723,95.04422340901033,1
41,0.04283705474514636,58.114791497326046,0
98,0.12784625753046383,81.47686813470249,1
6,0.15067114365138168,42.31181975477304,0
143,0.1668398485517465,90.33146675661857,1
89,0.24732458600461282,48.33182215522533,1
111,0.0597866765625329,57.39453222006694,0
59,0.24427112102972046,49.179398006265686,1
112,0.21093474403202914,73.32782958676516,1
1,0.1712025361176982,56.665607760206235,0
128,0.21286308241674584,27.159892358039773,1
47,0.12948514429598035,14.55395313226463,0
139,0.050135299930756126,60.612438888297774,0
196,0.2030719196769565,48.91799615470362,1
36,0.16215496893883044,9.597569669611294,0
159,0.1954186921574049,39.56174657932684,1
8,0.1080196464982621,51.47764220004536,0
98,0.2729913074285524,82.689323382559,1
146,0.18033726188691732,7.610105583336235,1
47,0.03476672044435341,34.84953482460029,0
130,0.1404431573042843,82.26561227103853,1
147,0.22934325587565393,64.84239317715787,1
151,0.240299022902359,28.995832180378677,1
53,0.15343314530149005,84.53351220226423,1
119,0.2694767955410773,49.329358056269236,1
160,0.08762384678634628,49.83518913104605,0
151,0.1290736221990973,97.65873392003843,1
115,0.2705931040650013,94.71165032363784,1
74,0.2699144477767579,35.85326833698439,1
112,0.20885670295915745,14.05791286630823,1
199,0.25910435866544385,32.5666732278094,1
163,0.03574424741730747,3.048326031138804,0
165,0.2608485431002551,2.0767886710391203,1
103,0.10297977289956575,39.55221362514192,1
83,0.06171613860418273,94.10198226972342,0
111,0.07941725253919343,87.13573412322077,0
98,0.13121086732402726,51.1442833917623,1
152,0.08284568133529549,56.52263811708307,0
92,0.10296459994478471,0.5933496746056477,1
145,0.0491437609607762,21.55011558337655,0
127,0.09589126201210955,2.4774126934383744,0
109,0.17596230621718034,75.45395326953876,1
81,0.13813757534640855,14.564579602649774,1
193,0.11054844075841423,86.90471024768169,1
53,0.22647111736856304,64.33243136757882,1
162,0.2691178917040622,22.941867651571336,1
188,0.22946887464169513,15.772031708324974,1
168,0.10628020361412695,62.762470092305314,1
160,0.22588822867289057,90.08369802823235,1
67,0.05407425291747485,71.83602189143816,0
32,0.047792216546474364,34.85466516033776,0
141,0.11023184074048607,58.73835952686471,1
20,0.24423368702277654,31.076169537242137,0
47,0.08144099170026753,99.91495667786589,0
147,0.028343488580617082,74.88391884618511,0
127,0.04819576520984298,61.438163975675366,0
135,0.25903604087357823,42.32591427658292,1
134,0.1937971525767134,61.81522902595573,1
194,0.08342833737729323,34.16160624673348,0
144,0.17103578934517258,2.8864839458030755,1
127,0.16299809050335162,39.508852235663284,1
32,0.20007643374779177,93.0480819579867,0
175,0.07762439078226872,62.63010947738658,0
186,0.2606768662863753,8.39557030709016,1
114,0.09971688300320371,88.49936133950258,0
118,0.21129817965310868,26.887484934151484,1
21,0.01467614744794232,24.376949308272742,0
157,0.11807056766930268,29.70909687803208,1
37,0.11199584720805439,57.720223612595746,0
108,0.1676104842890742,54.46880934339766,1
50,0.031093515915386984,49.141375462288174,0
181,0.2391380983805714,71.7536863512627,1
7,0.07315643251259486,31.6537731334959,0
26,0.20634096631578294,78.2064521572431,0
26,0.24293151574078703,17.532167837859912,0
20,0.17294431731003881,78.26207890770092,0
29,0.2248561299493758,66.38101052502829,0
96,0.2019394905423516,68.32083095475865,1
27,0.1131036411740822,48.155339712726,0
110,0.24456897631973393,66.70015326808647,1
191,0.0954633972668031,7.97970465594574,0
196,0.17565174614793996,85.15511170493673,1
60,0.22616534435104646,5.5547233487646,1
47,0.1198972138456272,14.874150987149747,0
146,0.09780260620905325,57.67897084972363,0
3,0.14321034295011859,73.94114554566914,0
34,0.24720941336125454,7.625156434625346,0
191,0.27967731131224277,92.07648141223198,1
48,0.16807418972936813,97.36076488006987,0
16,0.20182519954385902,60.595017300771104,0
171,0.2719493504492851,48.12434553768365,1
157,0.03857858690975329,74.13949722797497,0
45,0.07730278758118785,32.835735232720545,0
116,0.21558100181295892,49.32644341051065,1
5,0.2488858939545669,91.61510268144013,0
98,0.2585384182158676,95.56554252415336,1
123,0.13038108128793044,92.7069116051185,1
36,0.035908571664641384,26.244806696384014,0
23,0.13695662841688977,23.24690402167634,0
92,0.07691303116004558,29.766450592931427,0
45,0.09444697194902099,44.131111238846024,0
180,0.23395759148287668,31.41674127919636,1
94,0.03190285494750719,37.4212795739058,0
98,0.2499985530694036,62.063695212075956,1
187,0.13402403488900902,76.2525677093976,1
115,0.18285854001917257,73.5558198267917,1
190,0.035999147058346906,81.4423567079152,0
159,0.10783413272361109,3.218440321540217,1
160,0.036013266514305274,4.773378967875608,0
66,0.28884767963552177,78.93829606886294,1
127,0.2441058783046126,53.307882232463186,1
17,0.14329349876337347,57.81406737621203,0
24,0.07484473901386461,5.2586860214377085,0
53,0.28070198052245715,25.53138011712709,1
57,0.1099330127608218,63.83543048854777,1
66,0.05668548518933868,85.91818901106761,0
103,0.1733176726516469,91.69833971814026,1
173,0.28369449489999665,50.04194958350817,1
23,0.011110784245093546,54.54742327381976,0
113,0.07905620454365962,83.3049631068991,0
31,0.2821498157190182,53.762460074735465,0
174,0.059614930388576994,51.685852553731735,0
85,0.04284060097554776,90.50840377609536,0
150,0.1753542925819433,78.993272105588,1
193,0.2599347087555006,90.90725263612946,1
126,0.14836184713123857,21.82470547811538,1
154,0.29842363443851216,52.43754866553567,1
129,0.20695979286601793,84.24721285933579,1
16,0.03148172309102984,11.114782746710894,0
103,0.29792131818777284,79.46621542939619,1
160,0.12828932866625523,18.297338341486945,1
136,0.09334673481518993,80.81187549853212,0
42,0.17178496323758682,61.200093755686815,0
175,0.09824920162805063,19.323599148486714,0
38,0.035072677064844175,47.33541793328011,0
169,0.010414219492961249,68.19051664607716,0
25,0.14037917234687608,63.38529008835424,0
98,0.25269039244571173,42.72471962317044,1
49,0.1759714038327222,89.9366528920927,0
152,0.2997701166935978,51.92634144878443,1
151,0.09318552723768798,50.58672985286884,0
12,0.09133196878041604,6.225058994145427,0
59,0.05632734346784382,92.2120389797637,0
134,0.0575784405969472,17.7116568678373,0
56,0.09270411284291386,52.83446934365542,0
35,0.23992361312932287,80.35676014003101,0
172,0.27266946928456987,21.545327695564332,1
19,0.29277527921522756,52.73732899708411,0
64,0.07736399968797125,24.068490922334085,0
7,0.2655762882280866,75.96949977999118,0
143,0.10519397589042773,56.43411678731507,1
141,0.04272375790989648,85.59758603951435,0
114,0.262307228400848,89.45580028773828,1
142,0.19447063404664938,64.87334824453981,1
91,0.0577719598635079,72.53912461589445,0
97,0.13465106467877072,54.92200998868637,1
65,0.0933047315143496,38.44287330673829,0
31,0.22367042492595712,64.81179230208346,0
190,0.14149070688103774,90.82886234873288,1
85,0.29689118408085163,41.668038043143795,1
50,0.02587604485528258,31.441002637379533,0
152,0.11295442717951153,38.84369385525741,1
185,0.14975104846189344,43.53976302115996,1
62,0.15590873087701274,7.356102897771621,1
189,0.10162138849183465,49.84418404349944,1
124,0.2214796722382947,49.43142480500596,1
149,0.2636766513118027,58.84438276405232,1
57,0.28222859757358026,36.28200304713315,1
57,0.2434770792718626,61.31075959555897,1
85,0.2566682572189138,87.8216310274203,1
48,0.1696581371797987,95.54709904951643,0
179,0.24950758566377623,58.36122161410496,1
169,0.09801613365290614,4.2590953970313095,0
69,0.12555884101167217,96.92359972671089,1
14,0.10190477400737784,70.58620608962562,0
53,0.14554232727989838,33.59636485536521,1
187,0.09281808870920454,14.715770096372339,0
100,0.2888673182537896,14.341861223627495,1
7,0.10072494212164375,16.774440613960273,0
52,0.03843291605217255,4.5572521613820305,0
59,0.1627769781546199,90.21541886529116,1
107,0.026558732749101144,54.076823282733635,0
4,0.042057518229488354,69.99594127138373,0
102,0.07362292286691141,82.81085092683075,0
195,0.1446615724658211,79.15410063332003,1
5,0.13564277036961808,88.26056237288415,0
108,0.24191063998080944,96.72546225249519,1
115,0.22444764962639288,43.90706147419395,1
93,0.13363230525730338,95.03354666683906,1
46,0.10677422019693267,72.32899483428163,0
98,0.10177594737783457,7.066819030807848,1
54,0.2344585753152626,68.17831212123454,1
167,0.025100997804168225,68.67166596048486,0
51,0.01371827835807569,90.58605637925271,0
143,0.24070787365872792,37.293213247009206,1
12,0.14837244903682428,58.49115002718178,0
113,0.04795553018053703,1.2187551011742515,0
123,0.07831412103240536,33.2075242181336,0
105,0.2804261463982409,6.224372615878093,1
157,0.2592558629312204,52.187297276489694,1
146,0.21583766456495204,81.74476505069532,1
144,0.1498453167978247,20.644269212906895,1
119,0.16089385159550185,52.74410455577785,1
62,0.292820915232348,20.400863651076705,1
18,0.29007342872644326,12.068846784624043,0
91,0.07242802327789194,51.09967919343424,0
57,0.24522032422854226,7.914862094972763,1
182,0.06720037318843487,58.735463113798936,0
89,0.07192586858634589,3.133746067672627,0
116,0.20606697990772727,10.671497186837552,1
61,0.12745031859038902,54.99974854873578,1
22,0.28014787806089086,59.14074128989139,0
126,0.03581282311984256,2.898693009375808,0
136,0.15834243583475296,57.33767880015584,1
139,0.27637124382850514,83.8502525323637,1
128,0.2721929615390565,72.2316177293954,1
57,0.055393471890564955,13.118510392079862,0
121,0.11632493302797237,59.24746475636149,1
0,0.1895452060135419,67.22525000742135,0
33,0.056224516583706634,3.7231201752291776,0
95,0.2907264298932642,85.53476686836227,1
125,0.2752773053310215,90.62673972898303,1
117,0.05841555191999606,85.04522733622586,0
47,0.04513508376568577,82.46314679891132,0
88,0.034768460014396936,74.49651984608933,0
116,0.273738662570623,63.34320312819601,1
128,0.06615090484068362,67.86270049882519,0
15,0.13072262927786285,80.6395293334983,0
188,0.14016689603908086,66.24984583613046,1
191,0.1837132028219346,32.7726956682071,1
190,0.030803249686753235,37.59611021613539,0
68,0.07575999904614962,89.70574683722921,0
21,0.28013221220648854,1.7122085797161901,0
92,0.27343893110788514,69.8820581244282,1
194,0.23657428774765074,95.47775524252154,1
75,0.015626361229282477,70.62281699579736,0
153,0.1048319628638696,99.3911988231782,1
143,0.19210803324944326,68.75449055283308,1
178,0.08980516141430794,3.4363029216861074,0
85,0.27378014156559544,82.70098816469236,1
184,0.19382794393140815,28.46299119393191,1
28,0.030852948021769223,44.60572256644409,0
68,0.27361162076235385,31.20919159070821,1
46,0.2877523308711045,26.855410620967945,0
93,0.03253660133360039,43.14057036697854,0
189,0.16438446810978133,37.87514484406738,1
196,0.09797564184210941,63.33385818425894,0
143,0.12392333217960667,81.31512009875107,1
175,0.062098853207049144,29.708865318724076,0
84,0.17764090958359963,21.372115282201744,1
38,0.28781401244217825,66.68952708703422,0
99,0.15589105407876663,67.03200658307816,1
32,0.034045228604399534,90.11312392861718,0
100,0.18980038670844843,1.5945686453310848,1
22,0.10866466839086453,85.30406621165099,0
9,0.25821830498147635,52.100217294835694,0
68,0.13605666301177635,62.130208917209885,1
99,0.06592348659325122,9.137144056141477,0
33,0.06542063058043203,43.261493287204566,0
179,0.2329416124091365,22.73024072385238,1
137,0.08702040350913436,25.422503008250906,0
146,0.23249768430617465,50.40951146760274,1
185,0.06970732012231382,81.24559504031123,0
95,0.10328904692337972,74.37809301448561,1
0,0.14499122200751283,59.09999590859538,0
68,0.2835267964111007,53.9418192753467,1
3,0.28020211317860916,42.73060432344899,0
15,0.06999284387246346,97.27099735613864,0
23,0.1138835219604911,56.01925542342333,0
79,0.05332582265159397,25.396639831222213,0
1,0.15789567300091417,23.009079204003957,0
127,0.14356893970145332,61.13530307751418,1
159,0.2712204471107124,52.28275273109288,1
83,0.27970155955941106,0.7697802954712785,1
151,0.12123454339211469,83.00653721957794,1
139,0.15260400347550693,70.41223542324346,1
177,0.2699085122523786,66.18292896781035,1
162,0.24394526424606783,6.878065769765895,1
123,0.011060330289948291,36.20558501724914,0
32,0.10281727361323892,93.53822607327862,0
160,0.1323145301614765,86.25892413413638,1
188,0.07661772226813719,28.554293786953345,0
178,0.06787576860982224,15.705888409913872,0
170,0.0209575069127471,44.90879571685771,0
100,0.19657722027023056,35.58303786676609,1
11,0.08612798424011803,68.22263767059911,0
66,0.025180681745080796,96.64348100843196,0
64,0.07698400005313845,36.300144998256144,0
160,0.24255504632247668,6.2224172652242,1
167,0.2569318626774985,89.76140083423853,1
73,0.15008921110605777,3.7949730239870805,1
42,0.13066049441851899,95.2765897153333,0
43,0.2935775711155167,66.45794280090398,0
28,0.06816375128054027,94.16892084419491,0
140,0.07245419202783646,19.965968664897826,0
11,0.09464148134055592,4.069979525380763,0
94,0.06009962230151532,48.82099782764918,0
45,0.1200160234792141,45.06234145701252,0
129,0.2741419258270286,33.14922732548828,1
34,0.18845087378228653,95.76564743886975,0
80,0.12946449909755645,82.25837321614323,1
89,0.28097913042565226,66.15820213755933,1
7,0.024054627417988472,16.285829163782772,0
92,0.0709800915915398,73.43234082185248,0
153,0.1741076954795101,72.70124546997239,1
89,0.18851026072602195,42.506817361600746,1
161,0.02147167690315781,92.47859097140136,0
114,0.1268812397930683,16.697788222901046,1
104,0.1982546498009531,26.73375624116643,1
134,0.21244045845698645,6.322433925063365,1
195,0.19506057172971808,79.54509581775875,1
57,0.10296333506466811,62.17593860953973,1
113,0.037120835843393755,31.494030568124952,0
74,0.13386260946160689,16.38136635943154,1
156,0.047338786836736084,4.0147770028740375,0
119,0.28481086097099345,16.674556862593658,1
163,0.14779955114656218,45.32846463376582,1
20,0.10200516056349158,24.717696901060616,0
163,0.23222818062448103,25.89821774319667,1
137,0.15440509184885653,87.55763666677143,1
100,0.09990986696361051,51.513767346110065,0
200,0.24547064529333248,72.92519731284146,1
151,0.26147412379032536,3.571094902814309,1
191,0.20517236822371632,36.51633556780287,1
176,0.023619682498223514,47.91693473954418,0
98,0.1742336352482943,18.64168552101847,1
35,0.23135552447921165,12.019154144553868,0
95,0.04958587350423883,87.03037784998425,0
151,0.07631451790153497,93.94316270997966,0
150,0.26592358046975956,7.880669804540741,1
189,0.01583529933739147,34.90187125424431,0
36,0.22829086996953304,95.82856281444737,0
11,0.14739425482918264,8.31617331324649,0
112,0.139563926063486,64.36413728787262,1
182,0.012057994423517281,97.22213709670055,0
12,0.2476254869802829,97.82236685813746,0
22,0.11434922118460426,47.122333090374326,0
98,0.16682203307715743,16.27491077823806,1
104,0.20641719903734124,20.208431497743884,1
29,0.21376257716699557,88.96013951243947,0
16,0.2872342170595609,91.1683004329736,0
112,0.16408858643861662,60.78796438735547,1
61,0.12591866978258398,76.61763994699113,1
83,0.2865740516825953,73.99312514704081,1
111,0.1962119681574011,66.1821597989107,1
85,0.09646360332020112,82.72769548719391,0
140,0.046674631167035636,68.54066230403211,0
186,0.25434080542490256,53.400230574749926,1
18,0.11503266481030394,23.69563625881568,0
176,0.20153621919568504,74.3888144118619,1
99,0.14653676161611046,47.34378678382745,1
139,0.06768963614056112,29.479168400750932,0
188,0.18448911649993488,80.19462757417753,1
146,0.02759808999569787,69.67136003530283,0
75,0.12986931336264573,93.73395631247,1
8,0.1685183325024646,16.544164001887772,0
198,0.13645362249438792,64.91892846364932,1
27,0.22711493082278733,24.423946808817597,0
127,0.2500982368181406,90.35829853016418,1
51,0.23366049146962162,9.949941425661567,1
82,0.02125575486542261,65.61618064448773,0
110,0.06629734342933194,79.10857215280299,0
143,0.16561617768649456,35.49178403647072,1
116,0.2810983917287023,95.41380793838093,1
68,0.25213746476511384,85.07306845860373,1
98,0.2543350074220225,29.46182996849034,1
139,0.0979303761903057,0.7541092715998676,0
24,0.13453989015282375,29.665717611806087,0
179,0.14650472472162185,28.131047047074254,1
122,0.05563775917147402,88.9964607500909,0
52,0.01900975777089233,96.71211782547475,0
150,0.2846018408435499,7.043998597026036,1
143,0.07980664984241694,47.12948285333167,0
56,0.07958518207985307,54.833199852979575,0
38,0.034179925592940266,9.29116613297033,0
108,0.2792672480636958,37.74977091375226,1
180,0.17812376333253388,31.70824173929506,1
41,0.2034406885663526,53.60563543270873,0
185,0.2743572973062852,66.1190899731938,1
166,0.11022984898122895,70.34851104965666,1
141,0.19023712023004438,13.675502361338754,1
121,0.021251841871377363,81.29477019446215,0
132,0.0641640331870275,67.8542029790759,0
162,0.2510612834760833,88.90749167467196,1
74,0.23236282333811736,44.93360594354341,1
145,0.11168638052257258,89.38897627221915,1
75,0.1192750820545216,86.57741223560754,1
8,0.16473078573053804,43.84093323592696,0
73,0.010069891358689019,38.114331529297864,0
185,0.07996085745102807,93.28120149702568,0
144,0.07038722449638218,71.51647345384376,0
6,0.0826400545574314,92.82453464380757,0
173,0.24371269433469797,79.69747788958131,1
140,0.0911054183984685,60.92974392914143,0
167,0.06554118339454296,11.585277700376452,0
169,0.15623640362997915,29.148067257909847,1
136,0.2610370605480922,96.88424070983915,1
177,0.07999141411287496,31.942209871420445,0
26,0.03277551040991162,9.325486978537079,0
121,0.11335737339640276,70.75533559193198,1
193,0.22681902912384355,73.40042545436842,1
4,0.16970025796149044,28.545772028715078,0
28,0.24687007717656076,29.767197934630374,0
164,0.28828172280667785,46.88929855087839,1
165,0.23987211825796895,2.178894976225554,1
82,0.18510289286468848,78.93230103611636,1
135,0.15306906053519034,31.70887872741256,1
108,0.021620035040997333,85.37631020019776,0
64,0.29545337385607195,80.26304216000338,1
85,0.12120952554676231,66.14020331187831,1
144,0.054146182035891374,32.48748670992887,0
70,0.20334556806497245,51.631656166117004,1
44,0.0924436038376832,44.4829257597959,0
131,0.1798756985700038,33.888188624867425,1
35,0.18016269327493145,84.81362893031782,0
69,0.13926164806183206,48.35070745776653,1
158,0.25247439850806236,83.27230977971465,1
18,0.08684044785107847,10.521847414182428,0
188,0.14010345156914292,14.102478860033575,1
107,0.16593071729138173,97.73203051129768,1
181,0.2024511690225169,58.77684626060896,1
166,0.23735183664662093,50.9769673499049,1
90,0.12449411203469425,52.31560631441117,1
89,0.19735361378801283,21.526877403285983,1
18,0.053677176389870546,71.87039495019731,0
38,0.28046794915731876,8.478062372975437,0
125,0.12108705386209101,57.33237131030232,1
194,0.22156121237316714,57.076879658590144,1
172,0.01589891374583152,91.4188424133511,0
140,0.06950427144239402,52.61828101048604,0
125,0.15125393785383762,13.706269597417952,1
57,0.2646932156423805,57.27532592481626,1
147,0.16290399348569637,9.132764436533236,1
199,0.27966243986522493,20.379383529992168,1
60,0.15030110000901095,3.1108584187416133,1
126,0.15223023805342548,51.32935824594983,1
104,0.044726568665154245,8.453261529357237,0
166,0.24277031080414374,46.9394378531329,1
0,0.08161996961544811,93.29450353241441,0
130,0.2708876219179714,71.97614130193321,1
91,0.27413902389581485,7.741167422529305,1
189,0.2835599324435034,22.420981220884318,1
190,0.1608668418398961,67.36624198934342,1
112,0.20635719758725685,89.47018610241837,1
152,0.2357696052178824,3.291858676395376,1
55,0.04799423940863502,81.2451131720594,0
160,0.1842775865492742,56.18138803383087,1
165,0.019946391377960386,54.60913252963926,0
116,0.1542941641827305,95.78131827533579,1
133,0.054904377669865945,74.7644612596773,0
57,0.06304764852900456,85.0118868056112,0
43,0.11586379434085443,35.39955695446667,0
172,0.13540677834778586,55.43640408284099,1
159,0.1907200031143343,61.54056774277707,1
172,0.03158424134716954,32.158394036246506,0
60,0.15607061075885895,57.024812494739955,1
46,0.06296128777339932,23.665537947971384,0
148,0.17645280075920514,14.337567106823956,1
79,0.1948473375557432,37.39702592773326,1
117,0.17144568440032762,73.9289628746437,1
163,0.22410569803870922,91.61871480738876,1
146,0.10732668082986137,45.77140514982325,1
19,0.23188091157360796,64.28236882754317,0
184,0.13550245369537617,10.303713097510048,1
145,0.15041350451355306,90.44637585523287,1
46,0.1979496169057107,56.86042135699344,0
48,0.015323931359774948,78.0338247625157,0
13,0.19965832421187202,79.44412009213939,0
142,0.18938969323091345,25.648052636810593,1
158,0.09985566385845117,52.91744531818495,0
0,0.03488034262085195,96.04797515609775,0
116,0.03637128047478193,8.963454482082778,0
53,0.27773488662571627,68.30498980295634,1
117,0.20989100315549275,96.2264078035172,1
2,0.04685975799351471,30.057710805402216,0
143,0.11344971909958283,86.14479214043482,1
184,0.18182006823146296,93.36575454082717,1
11,0.2523157944762881,74.7086209394825,0
73,0.022661669326772473,23.132831230695828,0
15,0.07862360812630256,33.40007188265939,0
199,0.2680272071856602,3.580929441773073,1
101,0.01265800955330678,83.14532342453552,0
151,0.06840573981022734,84.961118651108,0
155,0.28811701103216014,63.271030996619274,1
116,0.1878865354914296,35.252785126385135,1
7,0.08588469632487686,7.681102763992054,0
121,0.029427417374795803,75.30576099149094,0
91,0.018175488729694426,72.65261936099229,0
163,0.0809760730947089,91.2602521738901,0
89,0.265630887680784,73.05320210053623,1
135,0.13061495974627774,82.86949422440019,1
185,0.21889667705813795,74.59546179039995,1
59,0.27630266026018774,63.06871883123164,1
177,0.1283317338648168,42.696639419100926,1
27,0.06547043760084514,90.21173086422777,0
100,0.15996419994850664,65.09685719074699,1
40,0.2733442692473578,39.835532196590904,0
191,0.24326858009993316,8.346929518195722,1
154,0.029090654575314595,29.07048559043821,0
190,0.21084611202249873,54.37267348301648,1
144,0.1758502815130966,27.563537001619455,1
200,0.2731643211404634,22.123534791790213,1
160,0.045519610886586195,52.73935140878472,0
156,0.1648704728293504,16.98203458957346,1
140,0.26504418111844874,80.04100633251035,1
45,0.12890689815510548,48.4368151342658,0
34,0.14977852614253145,57.386277396265015,0
133,0.030433596523417906,14.738326759734854,0
81,0.09066165573018413,32.457633562936735,0
114,0.10410692825899472,41.008968326115294,1
196,0.2840855101360172,80.8212830516503,1
46,0.09197353455693612,77.01595230861525,0
152,0.14365193322819908,22.297747478768137,1
193,0.20467828283364112,61.61790816070077,1
9,0.05703317799828444,24.34563577719976,0
55,0.1510682922711436,98.82471556902453,1
29,0.2241763214480132,95.21238781308706,0
108,0.26138801177784915,56.32647205206205,1
4,0.19161518965210375,69.8902571894143,0
118,0.20402551944191488,80.1430382208645,1
32,0.046622207049524994,72.09984200449038,0
117,0.28427518420144066,69.98286910824208,1
64,0.04844648247049988,95.8554007949528,0
145,0.2346551517827215,59.64561063072833,1
176,0.08679673331571244,63.630267181905566,0
10,0.28074201167336293,84.92687504381811,0
84,0.21878826641714907,66.98908678584068,1
25,0.228605976763727,73.29326220175226,0
62,0.07352716018736616,23.416868619664243,0
85,0.13848159322419665,37.126692411507086,1
58,0.18916582643089305,14.730134571189302,1
26,0.23329234927991427,50.57654423348055,0
176,0.04014821901459297,45.57274006802463,0
160,0.28908594177181324,99.71628142794569,1
97,0.26816399446082123,61.120865281554245,1
104,0.08840109124371945,78.64448231944233,0
98,0.24860047047937625,33.401467075765424,1
128,0.1603139376815488,83.15453313427965,1
148,0.14392387965298542,61.50849664876834,1
54,0.10118589068530756,69.69923315984384,1
5,0.17848089012316182,29.443077794945438,0
196,0.22166784413404333,54.863839169557714,1
94,0.1291705424391999,63.40369734136087,1
132,0.1924735659724047,58.909467581658106,1
101,0.21280074713503808,91.51937114245665,1
2,0.2162253269344329,89.82726644925535,0
180,0.02507016845804227,97.09840578768706,0
22,0.25932686364866936,66.74280060069894,0
52,0.1428934612818639,97.19141301256846,1
164,0.08610066369190218,83.24780000319089,0
82,0.08011170716910765,27.08321403399593,0
144,0.15007409272474564,42.74356695512971,1
84,0.26718114644599816,23.83924421890098,1
77,0.1197207986879676,0.41971608305652053,1
200,0.22742046656722756,18.80487531469086,1
109,0.038077431986293396,0.4060586286875667,0
0,0.1480564436238079,71.983846135049,0
50,0.29758898071389334,42.553429772119955,0
172,0.2334269628097777,31.257472707785826,1
3,0.07105326164777777,76.1720891095188,0
189,0.1554180273723941,83.2486774619645,1
192,0.0777511814580843,97.52995386498799,0
112,0.12877266890612768,64.20135846752412,1
31,0.23622436688313977,46.15289585400517,0
33,0.23365519643421706,30.52643016074359,0
91,0.07614910959169167,22.231820921422628,0
94,0.27744476226490944,21.29259504826012,1
71,0.18184477300179977,40.91893747197987,1
38,0.1201780443789842,99.17863552879298,0
153,0.15556131842644957,0.08536974374032669,1
161,0.18547066349694566,19.72058972310008,1
181,0.17236825423527777,18.839298240357383,1
117,0.15105746030549166,71.71194855322923,1
2,0.15643051318592602,35.248472759806184,0
122,0.06115945402408699,45.726080459182064,0
49,0.24569254224835702,14.862413046990497,0
11,0.16711049278289444,40.49970388769477,0
192,0.048013159894363895,10.319981190583604,0
53,0.2321855594590056,53.304328788858314,1
132,0.28040875372943175,9.793836538285595,1
56,0.284719000778719,79.05083811731562,1
144,0.11701514239924009,56.660171754048946,1
111,0.04929989333261867,72.39678737735169,0
46,0.1603358917235889,41.85163866526839,0
150,0.042656676511274,38.14912932422273,0
84,0.280856351368659,9.82088890488636,1
141,0.06323809193299233,52.38556070428226,0
65,0.08330209938583757,51.4502164857092,0
74,0.12792459279664142,46.81020444496053,1
178,0.12111769588214646,74.05183646824493,1
102,0.2404522387953878,83.25044000323545,1
165,0.14233187795977909,75.07896749485082,1
191,0.0595227954009677,14.386574280684384,0
37,0.08749086969096148,62.205950928210804,0
49,0.1576428817043814,8.032310568953339,0
97,0.05276163605357912,69.46222874404765,0
81,0.1873801459373441,38.18390965611267,1
29,0.1740667188998323,13.24989562662866,0
78,0.21726367175085473,86.20508569761279,1
90,0.2819343384600166,61.400833903893734,1
178,0.27455382271933515,35.47249679475275,1
190,0.28436192923996106,3.0727179650499536,1
51,0.08096752313687326,53.731025900361054,0
165,0.04815393892541284,92.32258784862326,0
78,0.09766024314397005,59.637983270236575,0
29,0.2695747001022312,97.16506046194931,0
105,0.29189550764081157,13.645111827045852,1
50,0.259204235810438,56.83051045948368,0
80,0.041905139126987644,79.81250480064294,0
132,0.28475411943734,52.55407311257162,1
28,0.13277382793172793,9.106635598747259,0
131,0.012699984321082568,58.28860015472177,0
137,0.13829418481697614,61.173790584247165,1
183,0.023360059205885603,72.87092484753526,0
144,0.16772459713672408,76.12115151654739,1
73,0.10818066795674487,77.07726882106071,1
16,0.14729613074227413,66.3444393638966,0
83,0.18781940461550395,21.581118641865814,1
68,0.2619523177871679,40.42357558394794,1
33,0.20195145717685928,77.61299726143986,0
5,0.1358741718586724,95.34269834008133,0
52,0.24763407756440586,7.8946964836622,1
193,0.27261881989620834,53.55366777971948,1
125,0.04473039026533719,31.252227132430644,0
42,0.1642605634903095,22.539389431682977,0
114,0.09250846832530879,50.5810683519715,0
110,0.023647747384314743,60.60893405565368,0
150,0.20387854158305574,0.9772231419481248,1
182,0.26020352546317543,78.02065722011909,1
79,0.057241769798444274,81.98821312594477,0
94,0.24559996071093113,96.5510824567933,1
117,0.2574847627257131,18.064373322469496,1
143,0.2751587283732802,59.4552562360948,1
7,0.08693267583495519,42.66253734763945,0
131,0.27214638890506787,33.48278515553507,1
103,0.10299219887356534,56.56334514375047,1
131,0.17017802390209583,78.23830932235502,1
183,0.024647166541361815,2.305278344521011,0
24,0.022725515626935644,96.94001125661867,0
194,0.21890823169233883,80.98815857057107,1
95,0.1388991936135594,75.11537036455785,1
194,0.08432478885707308,76.03873821805036,0
154,0.06521991384722395,38.90607096186526,0
92,0.20428651234917325,75.16205508448137,1
159,0.010116447767348564,38.67702086029576,0
177,0.24370843906708772,89.8706829574793,1
60,0.032982385777679354,17.722238330646967,0
121,0.06553198832335463,29.234742421515147,0
50,0.12200855463673597,55.13375426990761,0
146,0.15060903451767005,31.921103588727252,1
20,0.11294858358604312,42.42372452952734,0
4,0.10300652784544521,49.24226893985947,0
91,0.2895356435012246,85.63533488135087,1
169,0.19605810756058434,52.31922536086928,1
60,0.01679555705654258,36.24598486145605,0
21,0.13475101344885082,24.77361640351158,0
148,0.26375252292575135,40.867597879219716,1
69,0.0974222940590937,51.57361044143699,0
0,0.03742133998457259,74.61148572032363,0
132,0.22993158376107614,12.104877617233868,1
11,0.18574401126146356,22.16091882391509,0
89,0.17539062726968613,37.96540158686732,1
45,0.025537202286148298,36.03984051195146,0
33,0.05074471284070002,39.174808760521174,0
176,0.190539324901803,79.35212646403245,1
77,0.07026891402306237,32.41544029621731,0
44,0.15618032312704305,50.189818040266466,0
154,0.1680156889485241,62.39070328578965,1
72,0.09221708517857241,23.21785501836051,0
25,0.2850432951070329,71.86953871475389,0
46,0.2543145909823168,54.711131973828095,0
120,0.21948831721351156,44.678116303137806,1
55,0.03261822125872863,80.97840267383138,0
93,0.04077770559961564,24.3495259185182,0
106,0.15290659030083714,88.31759706143232,1
62,0.05660687126538585,56.104873536670375,0
47,0.29369698442354747,60.91748793796582,0
60,0.05597086786794874,87.50589641689427,0
80,0.15136567228455244,81.75826878493359,1
25,0.11559510648403656,60.156206882190034,0
35,0.1954220622216884,75.31877038481741,0
0,0.047420558577933224,43.33194902328968,0
7,0.13479176413229335,54.737775349974626,0
112,0.08966445951407165,6.207013670851113,0
98,0.2674479421547895,8.985791800004684,1
179,0.021769856519061576,82.9425404186332,0
46,0.27498097326187315,5.967165568249666,0
126,0.2515683001803701,16.939912563260727,1
55,0.09629550776783646,79.58326589504415,0
13,0.23889428985636035,0.1145950628256287,0
27,0.019051932498236793,28.24043288458643,0
77,0.2903910095850841,58.40386578266218,1
129,0.1627125333510389,59.544993146929656,1
108,0.09795149755897911,77.71529082294735,0
153,0.11514913165245634,50.592625449217046,1
13,0.029257552503544233,50.94018695309703,0
186,0.29691135907219135,72.53105755407005,1
55,0.021394664093700812,49.86244632662835,0
114,0.19992306571287913,60.849108656361686,1
6,0.1383934190348729,89.7774068255051,0
2,0.28518570327472736,40.145100761237195,0
110,0.08133992468897058,38.512507091922224,0
150,0.1643051789420233,0.35489918647713115,1
106,0.14988330048899837,61.342626152123195,1
17,0.21383126877452938,2.977190740713198,0
37,0.029722967266201945,50.41484897283163,0
114,0.0661988477067729,80.42337890322267,0
14,0.07222379782692645,54.99210705196631,0
191,0.22406371890409,26.9636165216676,1
118,0.06485022193475462,78.61684214493712,0
27,0.17631261152838323,26.971700408253884,0
38,0.07242070794527657,73.30317809458987,0
184,0.2598712355243537,61.02584551902312,1
16,0.28323378180199515,16.999629674800122,0
85,0.16036296273324974,90.51338748441857,1
125,0.11216957642066169,20.06436829571957,1
43,0.07787675475507475,98.95870741406698,0
24,0.024436490441682692,0.7310488654940772,0
144,0.08786502209727365,26.348337714290302,0
12,0.1997283761841422,19.986029727419886,0
24,0.16474891007967113,1.3993410170462628,0
67,0.2837719707014689,73.23679001473155,1
137,0.12492040612259316,69.34258020995962,1
66,0.2112203692752344,79.23509643549305,1
108,0.1519035967677852,25.669854646456525,1
145,0.15864710261802137,44.43351670829699,1
110,0.08765455123519406,65.91135216215474,0
110,0.14193572528417991,43.976850388814356,1
33,0.1465276491336851,69.73257703179158,0
110,0.21492633130719083,63.397340844044216,1
7,0.282785599763973,11.464780302217648,0
167,0.10550317046992623,78.1043121076968,1
112,0.02223813588857655,72.06763590925182,0
82,0.1539255863951855,65.58343876174052,1
41,0.16789378632325888,15.509360627100232,0
168,0.05884775982825542,26.799644879536366,0
100,0.23053473582005934,39.31770315876004,1
5,0.29562944144803255,27.992962165644343,0
179,0.28427466793245365,22.781029067613147,1
25,0.06716075125885913,80.53576701617757,0
63,0.2638553395712206,63.823224636020235,1
186,0.21430315455938856,56.547213155025034,1
183,0.14161550350400437,22.595271085325386,1
58,0.1667771883541714,91.80765622686413,1
108,0.25638405074491283,19.118303909731626,1
197,0.1492391324951282,79.4950932824677,1
120,0.11823013704048678,96.6672666705293,1
32,0.15304177297753588,72.70927292242361,0
180,0.17794764317016423,99.28587751846297,1
149,0.06483251959572116,65.10511169779467,0
20,0.2712632417774273,21.746034360389498,0
197,0.20551421516058802,20.38194937165113,1
69,0.19364798602787178,32.456428425547635,1
111,0.03885390559238506,0.7130020221006061,0
3,0.1852104420700516,68.16984700828345,0
93,0.04507859204916278,26.866778462782758,0
74,0.03282232580666573,81.51832322927528,0
189,0.16292015973629406,35.917265055930024,1
61,0.12680780487348353,47.99564934633127,1
93,0.18075497834530474,96.56889165603693,1
94,0.03587442873659919,24.21721230472771,0
151,0.13498508822570493,72.12540974297396,1
54,0.06068814736309581,75.51177893054172,0
136,0.2962590249179938,22.099815752363515,1
130,0.17273356160620057,50.099683661219565,1
30,0.2093566896728515,35.020192531296836,0
39,0.10437130139795625,77.19062434000892,0
35,0.0374742852860098,62.24833190290374,0
151,0.2930025502072256,47.598305486054706,1
5,0.09301512026112312,77.93632650477183,0
65,0.1329043737003365,23.515557000841703,1
74,0.19846053729374674,75.3621880584359,1
3,0.017162216328972274,86.53743120928243,0
78,0.2449751478500132,87.86215968075724,1
133,0.16560767510829988,78.36735930196038,1
117,0.09068298424995841,40.80141669982687,0
112,0.02786631573481608,98.1808022717827,0
93,0.05712454048758801,37.95936438224399,0
178,0.2695598190674967,63.86253991024257,1
61,0.2089470249414084,16.107417806946867,1
184,0.08247149927469805,98.04488986363927,0
193,0.02902422183405856,70.39859218646633,0
78,0.21027844059212453,75.33775452463684,1
135,0.17599824053065188,6.577670341114461,1
25,0.12731066209288816,76.34178142206719,0
178,0.1154473202651185,77.47234292206014,1
172,0.0728761400194414,67.17727263622298,0
43,0.2041872643958801,29.190961379034363,0
132,0.29149372806022245,48.96900421608815,1
69,0.060957421292679496,11.043437130871647,0
153,0.18316381980449598,47.15870664591526,1
117,0.1330136661663331,24.382385260040486,1
67,0.13953972930595282,34.909698649408206,1
18,0.08370271123706617,16.26004084036986,0
19,0.24928911394181152,23.005436774689702,0
112,0.15072412520269993,7.656864182011624,1
139,0.16758769713749658,91.99013664369214,1
46,0.09838066471122446,53.04106879754033,0
0,0.06272445504341542,39.67419712627397,0
89,0.03491401257881794,53.50292127687839,0
141,0.2170945508682256,62.829322848155265,1
63,0.06690794168947813,92.18787933693491,0
37,0.21012185271475134,17.869295228631334,0
36,0.12320916935361662,29.55524986352176,0
125,0.13057469228699892,97.57893363441147,1
138,0.1460614738669038,37.11929866485244,1
99,0.11663546735698752,2.2561650757327634,1
76,0.039179793394551125,14.764349263715882,0
2,0.09979322490082526,2.633870174855202,0
160,0.20248296460124213,98.99231424207284,1
133,0.20307747642597257,27.887084899122307,1
177,0.09300504909959835,92.3542756936226,0
9,0.1434297617017295,99.58862757597157,0
4,0.06609969612346187,59.984122114311425,0
150,0.07100790364365236,3.3196315065561754,0
137,0.01668365563791615,8.159163038692697,0
171,0.27005649947324595,48.158905510787775,1
129,0.0711049328717228,40.6172012911486,0
12,0.07598482431157436,60.61773057817676,0
167,0.09108441546708822,43.884780971136394,0
129,0.04694834079167441,93.40768492714844,0
83,0.1953862361225952,53.473971541351105,1
64,0.0317914564215001,69.37260614624422,0
62,0.048918703634641576,89.64852726424965,0
100,0.19697945071112694,14.687187583320737,1
72,0.10850157993961838,22.973465411852857,1
16,0.2153048697433448,10.731866047401507,0
8,0.17165317595434118,13.963839922991228,0
142,0.08424614018783878,51.258396693423315,0
151,0.19874010564190514,32.1179258967464,1
37,0.04371936728493539,42.31728395267549,0
162,0.1655590110932088,98.24898317940618,1
93,0.13677295046306004,15.67043477959481,1
94,0.08768333901705781,54.081207079807555,0
48,0.18516144934445503,9.887115505365095,0
68,0.2626867417786819,31.84963132638786,1
61,0.29968236293129225,52.75259236745986,1
187,0.1862512029355931,94.66317459653378,1
177,0.12736470355545934,39.122822128348304,1
77,0.07531005906269846,6.490669621466982,0
116,0.08455786592458239,38.81614479603169,0
119,0.14904194366343204,14.574117587397772,1
136,0.11651053337140567,22.998961329144528,1
161,0.27500621156123384,61.809062316499045,1
75,0.11680568562015575,6.742386620368168,1
34,0.11829893143217628,46.472375625003735,0
0,0.12122500860585331,60.94615860107644,0
39,0.2526198610066208,42.185839236749686,0
63,0.19872861304560152,1.912635062373036,1
149,0.18810896659247886,98.55193569028654,1
59,0.10690147649132002,36.71157673405353,1
63,0.24719221128140742,77.85771869332669,1
92,0.02112551979315333,32.56464921874532,0
71,0.2625311799780528,47.50167569934188,1
10,0.1586974709402396,38.84636426109965,0
104,0.12549256811038972,34.25392295096077,1
13,0.15417851140812885,2.1851377207778744,0
59,0.203550503854811,36.00209378545035,1
29,0.013701973690190234,88.94899903995301,0
34,0.26275003837289185,69.03933385936837,0
164,0.13955446234030391,14.542285909543985,1
4,0.10946029071302266,59.115500462273914,0
82,0.050091214033876556,89.22308599488716,0
122,0.13744495856394823,70.00340409648554,1
77,0.15393360367246986,14.868439235669673,1
153,0.12705754140310854,86.78324967344967,1
61,0.20681142720980014,30.154401328886536,1
131,0.13205999334017554,45.40761443123418,1
88,0.28881109757550627,52.61427596891464,1
41,0.18379048016884164,85.05066043781953,0
88,0.24416860133905358,93.16074951476611,1
145,0.04171321190174886,92.9652877790556,0
39,0.12521447495431265,0.795418127854064,0
71,0.10768583341967428,92.18884855854571,1
38,0.1751498925596116,5.438696600157233,0
103,0.2597229208178134,26.577365681743537,1
13,0.03271808315098193,51.49878547278329,0
31,0.03104669143296613,47.9925689004394,0
178,0.25659213536570363,60.470979388739195,1
124,0.07172652495112365,47.94462287370058,0
165,0.20393844379044598,93.43756796404207,1
96,0.1674346583846335,24.0548848214587,1
22,0.25153914251729653,27.402469403848585,0
62,0.046275783852557026,92.07379356930562,0
142,0.04763706005955727,7.673951374525623,0
152,0.17147732448070918,60.956082190480984,1
144,0.28444980947392756,68.17359520656107,1
193,0.13034934992751873,50.55417234297395,1
52,0.10481320907386152,69.42318788231373,1
103,0.1859399037273869,17.2754646011967,1
103,0.279830094158059,85.26322327715398,1
178,0.2527090715249408,14.002568946988559,1
38,0.29869024711263376,40.08124443157497,0
178,0.016544889128689358,7.52576013082058,0
197,0.042728861966701046,54.521107881740015,0
133,0.18674565137632038,66.97458074256392,1
66,0.2479671674068164,94.12216350952906,1
134,0.09272085926896229,73.93361958960008,0
178,0.07937121552992343,54.11029164541511,0
199,0.23822298182054824,93.26170171703338,1
41,0.026350737617437156,47.843683804087654,0
191,0.11712096779894966,56.12056530988694,1
14,0.15668467455177562,59.60985276700958,0
110,0.17250111556159378,40.99797258865669,1
156,0.2212983954699053,83.84826905658241,1
32,0.11290525979489087,18.517593884505914,0
154,0.1876784599556361,55.4842190371608,1
163,0.17975887260937734,72.2233256187194,1
156,0.16880866918958665,90.39761718765772,1
37,0.19574015501124153,88.39183964342784,0
184,0.08524025960974212,50.874028943014196,0
96,0.0345481385395424,64.31614511633417,0
154,0.044588784891525596,39.423773612930106,0
182,0.0751288909696313,46.81777628802003,0
32,0.15505740130160772,90.62657925730495,0
195,0.2537283976583458,93.0703993192474,1
85,0.2133750692056314,89.54140580670197,1
65,0.23882177521859366,13.837086181363823,1
9,0.11178293093856649,85.00840213306363,0
4,0.12734958507807953,94.83637310214803,0
122,0.12416774693727771,36.124969457360464,1
73,0.06564322347730543,51.864628942166924,0
96,0.027752830861635887,77.90952558129959,0
117,0.18136566691989578,56.207813756564875,1
37,0.29687283819196997,99.34835217062495,0
140,0.05838061443557622,45.57133651568284,0
158,0.02353859777078939,71.39427112073776,0
46,0.23606418772894056,79.25911401965442,0
108,0.08324994193857001,49.41004157584394,0
179,0.2505967035523492,85.69838057113758,1
183,0.21414163344000947,54.61545912071964,1
14,0.2842453257447333,41.16507968016314,0
156,0.12858889836943488,10.782367385194702,1
135,0.2019712534406839,39.34135763504242,1
4,0.1448078864358485,73.39364547332842,0
156,0.19287072221947762,92.12864116801073,1
46,0.14038368274224383,25.167940386031027,0
67,0.0647033514629817,35.52355173305026,0
75,0.15729025064098046,15.39609941044262,1
172,0.16328941841685826,69.07228942289689,1
129,0.2450751159954467,96.01884300099253,1
154,0.22330100468013855,64.09522198481756,1
94,0.2024995709430188,61.70765300062263,1
114,0.042882257710246036,55.34899305004339,0
163,0.21897872429247736,8.845574068553653,1
35,0.15508849534280927,72.95038264293837,0
25,0.2692888654707862,60.20495435493508,0
42,0.2767625708978574,66.1476768856287,0
26,0.02599541127451778,89.88110930274216,0
68,0.24798605250279884,78.39607870610179,1
147,0.02093224322257448,78.0915252154526,0
10,0.11647919145155655,92.71837688793477,0
73,0.16726699293011293,98.99349514629996,1
103,0.05294923160186696,58.128273196105965,0
37,0.22643100564503227,10.888161603116576,0
133,0.012422864209920186,45.91299077754364,0
199,0.058893724045870684,78.76011464616444,0
22,0.17843108065750796,2.772532476184919,0
46,0.21717239299081478,5.688743835614907,0
89,0.2758264997812357,6.715778238282133,1
45,0.21459402906104091,73.10357583283108,0
106,0.20481598837391113,50.116662856317205,1
139,0.12435893244169263,36.889794352059354,1
140,0.010372483402772411,10.5617045261736,0
103,0.04484618503333036,73.22402502058891,0
189,0.16502081797925136,32.101981055089965,1
110,0.2057876668948817,26.53240700646672,1
103,0.1310600023299741,65.2319201553551,1
59,0.22189691334323317,55.90108925968418,1
170,0.16134006564633183,36.24106418133016,1
99,0.03151109672235054,64.1487470805588,0
67,0.06568471278070516,27.12215203841182,0
132,0.2535994847407434,79.48302616043267,1
119,0.22022469652108745,22.931895030765393,1
36,0.26948097623362355,15.883769538201564,0
71,0.0440916022450716,78.24394094988749,0
126,0.2971645350383714,70.78920306979332,1
105,0.07072794704548074,18.263897570179843,0
91,0.013416164123126182,11.624575268993798,0
30,0.2992526523255307,83.83990884866921,0
121,0.0915114267790828,77.6598482196688,0
136,0.20372564122864237,32.725737369966424,1
50,0.06123787111112851,65.81974082133667,0
28,0.1782662743377511,12.41601865478108,0
39,0.27217014607182216,50.70476590476781,0
40,0.10285253855424718,1.8730292060419873,0
10,0.20437365305286417,39.16018809215554,0
150,0.06449204075154079,7.484282147140508,0
0,0.19119066562843032,47.51471801568825,0
45,0.10757060202707794,42.16816468528943,0
100,0.07125039499050598,44.4385026638056,0
148,0.10082279470405418,4.5331302047994075,1
89,0.06186390986726181,36.16163412818324,0
109,0.271555671272986,75.64838490999165,1
163,0.12518419703196737,36.891437335362006,1
181,0.08113099844256652,71.51719526095806,0
56,0.14003827389462054,36.94787236337332,1
0,0.1029554883738837,42.323944149018644,0
62,0.22588158360586452,56.38921128292661,1
181,0.29165377444679336,95.06819368070825,1
54,0.13702976044231757,10.886044664665517,1
114,0.2596996859919497,3.291376866117368,1
167,0.17410029133228966,60.79571838100451,1
142,0.055598342877327706,94.90970889284263,0
148,0.21028059520358905,98.97231325547149,1
174,0.15889600416648783,48.41642473920018,1
200,0.19867589174310998,46.80816210850984,1
52,0.2680093496457828,64.49637707451961,1
136,0.13772602549025337,55.56347572049698,1
179,0.27134151073303314,63.40880576141181,1
56,0.22769401414167992,87.39994255378943,1
116,0.1516954285046156,74.63061694876093,1
153,0.18493441934080945,49.687739168679556,1
168,0.1044185284305133,46.186445900016956,1
34,0.2952432169242445,63.9601748513116,0
62,0.20353183728461482,45.57062844202975,1
24,0.02271558722402267,45.77793512656398,0
89,0.10472035266692253,1.6305901786504817,1
74,0.19076118579012666,17.40641374073084,1
37,0.026336650561779543,48.851363999575305,0
129,0.016926415482551402,82.26534590503691,0
134,0.14050702946306273,27.872700672712412,1
161,0.10648015211087429,52.2643433131149,1
90,0.1371065963296181,34.49620847592322,1
16,0.08618105986520148,10.480398953958902,0
127,0.057768146613464466,95.82984830713006,0
170,0.20985157352429792,85.46738702503018,1
186,0.15922562371766213,7.84924244669064,1
107,0.06804472126231638,71.97872624682846,0
178,0.1026809336153995,34.75799043575002,1
181,0.1816242932223645,99.48498070617926,1
151,0.030946510999018573,30.23985198289777,0
24,0.05276137268719207,23.87384453625999,0
198,0.031241225191143134,56.78905483054052,0
179,0.24557202648709447,83.51261633432041,1
197,0.2281986776314827,19.2518871819798,1
87,0.22846075024498455,70.94027697193313,1
160,0.21773434960804813,6.1406583141121684,1
176,0.20412177286426206,91.89347431104973,1
28,0.14832765545967075,8.107491614729877,0
62,0.19626066741706333,91.42313763441625,1
149,0.021124850888512646,49.08072494527028,0
153,0.19022468257046754,44.80911127959198,1
155,0.23558453460569437,97.33070795003765,1
113,0.15510392451147315,99.0384177698219,1
48,0.1136788652438987,65.0178125961012,0
198,0.09045375309228394,12.71192918570485,0
80,0.1964125945470039,50.61700856552025,1
83,0.21091234760267352,52.916310095566246,1
104,0.2625806039601373,51.44464281353097,1
176,0.1092768839136873,56.94918385200097,1
147,0.2332339691418198,1.8724713794390668,1
117,0.172793189014908,71.12272814705024,1
85,0.26602258229664294,71.23943019529881,1
62,0.16306551140573003,11.546977517788793,1
188,0.1601126502354105,57.02394424458007,1
103,0.17758435361786365,56.83611824357746,1
48,0.22730145299130597,68.24504201904001,0
70,0.28976023886025365,8.539769213508109,1
0,0.031333372722572035,62.65033072660964,0
140,0.025496034693394974,28.075195074634117,0
178,0.28188959784812817,50.70029904961719,1
122,0.16366393140027977,77.33235527040767,1
183,0.18832187422441146,70.56459363630132,1
61,0.14990284446247137,11.890301767799338,1
31,0.0371606612561676,59.118478711607324,0
157,0.2327459197414133,96.91165309407386,1
28,0.2266951470756902,15.676943733500226,0
48,0.10039396323291547,85.29070877254149,0
172,0.0988093811162361,70.2548080553777,0
29,0.2529740004626003,77.40033129097597,0
143,0.030983604744984718,28.195832714264547,0
167,0.2655204930234041,28.788892937984244,1
18,0.08443189006981518,90.6019455776488,0
17,0.18196557684909323,35.98320320925586,0
0,0.28143831191051555,6.3015390692810485,0
77,0.20665552544562746,60.059670357945,1
114,0.1301846456154406,12.481766904184266,1
174,0.2099649205825704,79.65962414079083,1
193,0.10975409453174734,64.17464425010574,1
112,0.09040494074126397,87.47265052212082,0
113,0.2990381506010571,78.48372497826352,1
165,0.22772916704213844,11.211364833819616,1
178,0.1969687934407271,38.10706764344223,1
62,0.11303399653360244,77.45602499145873,1
131,0.024256640454963965,41.73414732663257,0
128,0.019006494050195125,97.23654847799783,0
7,0.17071256408015165,73.57404498934493,0
156,0.2309894891013248,1.5499916690321025,1
54,0.16583996522871797,87.99856915608363,1
102,0.2538276708623432,10.08047848685576,1
130,0.019693694597034274,14.052372418008584,0
31,0.11635810216352262,73.44924006110509,0
9,0.07875041344051162,86.49685594304802,0
109,0.1397091607655654,53.6349627899556,1
161,0.03098915402629552,28.904973294577918,0
123,0.28669817605561104,35.131554525317554,1
86,0.07474406631011465,34.2889329596056,0
54,0.2774692548902396,32.667810380951224,1
31,0.13350901496063772,24.29096718216498,0
177,0.29580199864401324,60.88670946292331,1
134,0.1706769312034611,90.04053185650672,1
92,0.27994153061098415,30.708241308334117,1
7,0.011551206721324625,18.66942974614121,0
64,0.22698925379246102,83.85776663714249,1
56,0.2718846893997295,74.17833308897033,1
66,0.05051896442389668,93.08370315599105,0
186,0.03787649700232393,16.551973560490964,0
71,0.1331260560839271,14.425131411659153,1
53,0.28076688277855116,54.14293943049967,1
66,0.16729210245522724,61.443365483509524,1
50,0.1629623744793023,48.017344185958954,0
96,0.05092657430680334,59.89666363238755,0
91,0.010228958217033448,18.037976887507135,0
7,0.24494062631618374,47.96137541640834,0
161,0.035396623266009085,65.80925609396678,0
34,0.19381644743324394,43.270644924870375,0
95,0.27523877180940554,67.94473358165979,1
87,0.070509054815945,45.11912805538396,0
77,0.20292912250870412,33.35995808422773,1
31,0.03282258724517774,30.360504708709236,0
119,0.18508899171290777,41.0902058988588,1
45,0.057540199076428794,2.3089622682200828,0
143,0.22342653254940162,66.85251384461137,1
195,0.09735707549023337,84.51056409802618,0
164,0.1443833925533474,35.462709444311855,1
181,0.1838348571880103,4.603313614171856,1
141,0.059669289093209475,98.67755973855577,0
54,0.22507496739911007,26.369825545106696,1
175,0.09776569878467621,12.6621121690773,0
6,0.2020878393746985,36.97525079730279,0
73,0.05590208470281836,73.85570406335566,0
6,0.20955412116984157,29.39165968905657,0
160,0.047174541115033906,57.47032039194878,0
150,0.13335338391829524,41.55599944371422,1
84,0.08168976138427426,11.776399227661848,0
146,0.22702882233417293,33.028701249211025,1
111,0.08599015130699361,72.48705057140667,0
124,0.26569801885466493,61.20038973314457,1
146,0.2686278613079177,11.9778379883561,1
35,0.06696798141460789,16.332240971430856,0
28,0.18801532405224003,64.07333593074455,0
187,0.03543811609878965,81.34154143208688,0
81,0.12354575888447246,34.94744959581693,1
1,0.21686330155536895,59.53107518434501,0
128,0.20123274158647572,17.064358875210527,1
46,0.1911631941279163,31.137633690532386,0
196,0.09193685046210863,2.02702056730526,0
147,0.11962723533597656,76.82759477995226,1
10,0.03985438196308299,40.10098197729668,0
129,0.21851661792574428,81.61255736539539,1
194,0.15612775106946933,70.83729960227262,1
118,0.21554203338023983,82.8744265728477,1
139,0.0821936221910931,28.56586695828828,0
19,0.10408708630416919,18.510873042784525,0
4,0.10692244780543324,97.19056826516706,0
36,0.017465298826692698,71.73277870408695,0
165,0.10890388312088081,83.40422679266703,1
136,0.2429583263202297,1.3133373709933727,1
52,0.27021656376742414,35.446162029588656,1
171,0.16028331153441897,74.28166905773317,1
98,0.14209549161357388,7.7982832989983315,1
85,0.018939139422817372,56.733992956893566,0
107,0.26496925789976095,42.907276745500326,1
23,0.013772961893503088,1.7616507141107296,0
80,0.28397752326096143,23.59755771194514,1
157,0.15187271211954628,28.47919890667142,1
119,0.10916100313667071,11.185994634632246,1
58,0.2780233461043714,63.15369097426604,1
127,0.017073388001928053,24.239787625188903,0
113,0.17861321951203527,27.761949961938836,1
114,0.16919043210480791,89.82385982001475,1
13,0.0736029163513008,46.71230926931395,0
8,0.13437735509156107,39.21281469692723,0
39,0.19915656172369336,72.38710383147172,0
193,0.22086804709575897,90.96137968829122,1
24,0.010207889024908138,2.5036336237443835,0
102,0.2816874947263944,44.82388465553965,1
200,0.057712357993915595,61.07813560779473,0
21,0.07773832592448415,31.85630981259896,0
3,0.08640729925121597,77.24077221232417,0
153,0.02096783960009024,97.14770702702738,0
185,0.045685115841194224,94.34273662502832,0
28,0.29604147765380695,26.598253937994187,0
108,0.10141285383941295,22.6338278437486,1
97,0.043437316198324305,95.7490531021221,0
36,0.04102746574064076,45.862848743146586,0
74,0.21864339062429183,20.829772308469174,1
69,0.2578249125694658,70.69969636304182,1
145,0.08451616685745625,28.442032390379158,0
127,0.016063758577218142,26.724697507105233,0
84,0.07469610534915318,87.92490430777848,0
41,0.02638955033105963,16.247915337690344,0
99,0.03998453162271204,6.4392946466236385,0
40,0.13513735475581629,26.918644017168724,0
165,0.07667632754987344,60.69454128382038,0
33,0.15962430477237277,12.308785340327056,0
16,0.08351318844458519,47.15946722767937,0
164,0.28275581731985483,62.73371104253198,1
152,0.2727237506986167,84.87369925931739,1
121,0.17437377045303515,22.986959120225436,1
75,0.11278295767634197,81.73463233827894,1
86,0.1205325957900733,23.49062611312386,1
116,0.12943716211190412,67.67665412396406,1
105,0.22099800341913375,43.06735714824551,1
85,0.140975308700463,11.468124237867016,1
26,0.25845168448671024,71.42634628218487,0
56,0.28378748791980574,21.77626185490178,1
30,0.1074243844798908,17.662342602459148,0
133,0.17260139959894724,35.83229285893832,1
167,0.03756639568144368,65.32902447594834,0
97,0.0681360238522441,23.39964787906278,0
11,0.12990507234594642,18.366153878188573,0
52,0.06979878761151587,0.9953625713364334,0
198,0.2642025423287281,47.16430971017236,1
137,0.05590301425713844,42.86455693151827,0
172,0.14214163825039666,23.38677436373763,1
144,0.18565277973336394,5.365216400969075,1
153,0.21064053336664487,42.92558745958369,1
189,0.12109011722068694,78.82051110716313,1
121,0.26203872993017124,71.5282131327177,1
45,0.1748125538125984,86.07948898601703,0
63,0.13745725632979003,0.9582687713155624,1
129,0.02949978387509062,96.64193168045985,0
53,0.14475994584909785,34.14122526274483,1
106,0.24801339383656176,99.03977960919647,1
192,0.18821689528418148,25.261946060177465,1
50,0.2513271115814443,47.15363875782448,0
180,0.15326338447379864,35.392767657530364,1
35,0.044353894477399736,35.57607149943026,0
114,0.013955555292405511,84.22820987482157,0
25,0.09793366854839143,74.64189397373387,0
28,0.2124172367343598,99.21514352300481,0
148,0.23917537214309117,61.35146827175125,1
10,0.09576832203989552,46.32566043945027,0
39,0.15373963705614166,9.007386294689113,0
10,0.13212448228588367,99.65614195138568,0
163,0.12905160746191408,55.15306529322829,1
112,0.07709112682804363,70.04774696901418,0
186,0.049547620458542926,40.67423871913114,0
38,0.0670396818870518,54.77157081792359,0
53,0.026046392277370364,94.25777318928871,0
97,0.06745791512883734,16.641943793160273,0
54,0.012668260311360043,29.23725843302546,0
110,0.1919049361844337,15.205972777803234,1
151,0.10174886814242802,79.22159038047747,1
149,0.2922119663138035,6.204526042182956,1
68,0.06617794472512638,8.16316498513383,0
55,0.11029028538978222,29.84941127873687,1
32,0.11377393600604462,51.41881809210113,0
35,0.012450933858113557,40.62748005595866,0
147,0.2533703063814431,4.481631067080727,1
80,0.01927839344185417,95.74915578709515,0
189,0.28265215207148,95.28695203580837,1
108,0.26870156181715,27.93563232407599,1
200,0.16530135566492943,73.15256152685815,1
153,0.1676427167242747,57.857541138322375,1
193,0.19959559765728532,23.747669500562406,1
72,0.1222445034611172,26.217155174161544,1
200,0.1976944621853781,49.11531743104505,1
39,0.022982832719661193,41.923694149736015,0
16,0.025673811931420702,29.122932823126423,0
128,0.14259682168966786,80.75115963051489,1
60,0.16939046732075014,48.14629176373849,1
170,0.2674671156973875,65.48480623891278,1
103,0.04035158383328991,18.927350016787546,0
41,0.2485678988862279,53.35076625164867,0
24,0.07091372781470018,31.79760494466215,0
38,0.12428425806790923,52.64136103948782,0
34,0.10181470609994973,78.08258334109281,0
130,0.12604502913096569,76.89132100912617,1
107,0.053643694441049806,35.422067803427595,0
171,0.15603532157703093,69.42771170796391,1
178,0.2424763510510965,94.12899503942769,1
101,0.13804486300988011,62.56693299249064,1
97,0.15227793701047773,14.841012338263715,1
11,0.2561425997315811,67.97086292790951,0
18,0.21475685324502894,10.490438634931131,0
100,0.15223177847073757,87.21104087930271,1
43,0.0847317379748621,51.66604958019403,0
186,0.2666287565850403,38.514073631157956,1
48,0.17733591649026192,5.700659464969238,0
188,0.07413280693210107,38.078373459210965,0
16,0.08804472826502299,90.32066679157894,0
73,0.2429085957915113,2.098299628630318,1
56,0.02280221300536208,47.464815778180494,0
54,0.2977067342383578,93.11580911106223,1
46,0.04780198711728961,39.48409997650211,0
11,0.24085987236511183,42.81756874621504,0
61,0.12448484186378803,57.85600551991199,1
79,0.1527426931533654,46.293733357718345,1
82,0.26538866746472756,16.86016912375524,1
7,0.12974424498087184,1.8555539069860405,0
148,0.165873188565238,60.98116579787016,1
80,0.024296902098659284,92.08065870078121,0
117,0.010680767421561415,10.636413302716562,0
197,0.0809919631705005,21.095271925275338,0
199,0.2073690969464425,37.02294858249735,1
24,0.04516681907414964,80.87422290211197,0
88,0.04299096805331933,26.92603164709776,0
11,0.12917857633041194,88.20544042787685,0
142,0.19787274119638568,5.495787465006641,1
58,0.21650087775189983,94.09566212589348,1
153,0.061750695488528684,56.07470778737649,0
108,0.03308056273789231,65.87776784877045,0
25,0.2827151398442078,36.76895225363531,0
46,0.08559325094300949,78.19942855110604,0
31,0.2574704843065299,16.656625008440606,0
9,0.26041252063421727,4.891182527848703,0
15,0.2340315516111379,39.551694310755714,0
198,0.05896174592924532,85.36957139810394,0
144,0.24832242318371808,75.49268366376947,1
150,0.23308266218006013,51.7155970488958,1
25,0.18304966713080295,57.21377471653535,0
85,0.10778859019899628,12.989282629875543,1
134,0.08612749523729778,84.06815086175821,0
13,0.0453478715033041,78.6959682964197,0
78,0.1578295494012527,65.64703938869427,1
116,0.1797256538978555,46.61910363289385,1
6,0.11420830724957828,96.44592682795124,0
136,0.14785412962745187,87.90319718764711,1
114,0.11541919263708733,64.44304935146185,1
175,0.19589175662300337,37.18009977172879,1
71,0.2713651702610034,61.802227868151235,1
58,0.05753687599361401,57.544092653066535,0
81,0.12060855487190578,39.42419878349164,1
115,0.05085189514574978,30.667397168807607,0
166,0.1912336934182713,40.701079223732236,1
145,0.22137244775169276,57.391140603339785,1
186,0.2802546924532622,42.81348447110944,1
102,0.09087285861567981,26.357448820138384,0
16,0.28556124970097474,76.09633177608087,0
13,0.028346174827995688,53.14674959574129,0
158,0.18487402037573056,6.767516322559997,1
151,0.02656848860956569,36.83165056261255,0
107,0.269194514450964,88.49134572119935,1
187,0.1636446265503157,75.52365311999519,1
44,0.20411102172121087,32.324678394400706,0
97,0.2511564385140312,93.81831520445091,1
130,0.05359008052035094,7.660290835821016,0
36,0.021191552962058817,96.1234703892189,0
170,0.2648755323147271,24.570509248467566,1
167,0.10133063596309042,0.9094180302419264,1
182,0.04740388329887792,43.38080365183268,0
107,0.1458537587552551,35.897042968700866,1
38,0.18350876195184546,53.90890052067938,0
14,0.018981474992527933,79.67728605698454,0
119,0.08971974089455544,84.24308021504471,0
3,0.019511963540299843,40.12299996116918,0
92,0.1318972628666947,42.98457437063502,1
152,0.26957900842921084,14.817773032947368,1
140,0.29496919933313503,4.7547608881163494,1
160,0.19474379051605198,64.12149902350247,1
15,0.05687493119753162,6.4437625552692275,0
169,0.27269632309979863,73.38301194214559,1
107,0.15971186872801754,53.90901450222475,1
125,0.05458730050984625,19.85829782260834,0
193,0.2773007341409818,53.95229435126496,1
54,0.22966602470969985,18.299771660209885,1
169,0.22219452908971393,43.8737207510412,1
33,0.21566240410037735,79.95603162422289,0
157,0.06809854811796827,46.19192934106374,0
12,0.07119194059518255,14.869931829754822,0
140,0.20960496954390395,72.38286818229452,1
17,0.07371959753201508,18.676841627000883,0
159,0.13721479207288417,73.85498743701095,1
95,0.23678052942224298,47.93522892158333,1
122,0.23734623024837387,45.37417590943016,1
38,0.1414459140324993,85.14350378574747,0
45,0.23973508209982106,70.86035243406687,0
28,0.25320032089743644,3.291079695493926,0
189,0.19988496787243545,29.617431460160237,1
61,0.07624349716944184,87.09206608498987,0
184,0.08946341631180878,1.832616854519864,0
15,0.10130393506853325,54.52534462619704,0
183,0.04387319124284608,72.78256691739439,0
120,0.08921628990728407,62.18560854845758,0
9,0.07076057505063431,76.05322021044364,0
157,0.14204533744449463,72.56918489147458,1
152,0.2734468888829568,69.20306951531133,1
102,0.04029929185864784,82.15398609256522,0
83,0.2188776979447447,64.56906684495384,1
132,0.20931207127980703,40.241849425698206,1
64,0.03776871761237372,47.19091099145876,0
176,0.277545997422682,71.67247826814506,1
2,0.1748569386254777,87.63060296667939,0
172,0.11548040112934842,27.221880083977567,1
141,0.22939618921363894,34.207679597107074,1
119,0.08463598293647387,93.07393963624126,0
157,0.21111785274343292,57.85117924094454,1
67,0.021516250195951693,17.896181713500102,0
145,0.25342833090668887,66.36951389123827,1
189,0.13996954563618236,99.07621555393796,1
36,0.1946409451638031,82.34535644704,0
152,0.07415896774393825,74.57411365514027,0
175,0.2063513766709499,20.804665426626922,1
192,0.2339496800090502,87.61397846840072,1
180,0.14723182419647562,52.57888435355464,1
72,0.18914080797792035,88.92900220719557,1
142,0.14233451790849558,32.98278294248793,1
48,0.2692864970847752,6.205105263543276,0
120,0.15438206234915255,47.59759686597461,1
87,0.25412452561835747,26.983760481787765,1
195,0.24239209689837207,71.52292897762982,1
139,0.1290463981910234,95.71065528560324,1
186,0.07672450263866776,69.0974151151564,0
36,0.1277638184423336,88.69339297092034,0
60,0.24960303897481384,45.30240136012063,1
170,0.07601343538762377,77.16407371953017,0
123,0.1620865402987473,84.30434366717034,1
197,0.24376805690861678,71.08756275835424,1
38,0.11250846778722984,50.777728606956465,0
183,0.19624079473078224,62.586610961536806,1
62,0.0812331564741562,70.05069956788803,0
45,0.04169103915676638,25.30844032214269,0
87,0.24037142527692834,80.95792609149848,1
10,0.03870090078852498,95.03245389672733,0
61,0.08870060457307952,46.5239315179936,0
76,0.2579817323792576,70.10671831098773,1
152,0.11047609325281348,73.7025905790354,1
198,0.2921831513591067,66.22475475214803,1
51,0.2941229570844193,54.71151083286355,1
3,0.08780004593153143,88.16479545748106,0
58,0.02188368445246823,44.892670926889444,0
71,0.21446835241955994,6.110295648660358,1
147,0.14078608576801968,84.45563757121603,1
92,0.03921832474827712,67.39812723165507,0
62,0.2151816175036324,84.92586264996466,1
53,0.019040723642457152,13.85474424446943,0
116,0.2623570402427502,3.075294050971633,1
109,0.05020923344285808,93.43745403825014,0
73,0.04692044483655025,14.772830585057427,0
106,0.06094496641088951,80.96523320704519,0
56,0.2884772439626993,82.32099421806357,1
168,0.21101911447361535,70.8705200549003,1
2,0.24239774528445465,13.126221109287094,0
119,0.12531414586249837,66.73986245608076,1
5,0.1075306909764371,88.90865833268656,0
4,0.07800036196711928,42.55316448008833,0
4,0.1493879282105986,41.351685437859885,0
53,0.17003033272490886,44.285830957941904,1
46,0.19321470465929905,8.227189067620644,0
176,0.0845643661596214,89.20255690299734,0
8,0.28510968346186727,86.91828639805104,0
98,0.05922996448006939,99.79093217902863,0
19,0.2900394206822596,58.518314149841345,0
121,0.014308275527176098,75.11916364513857,0
60,0.14952645062688522,20.267190630730468,1
122,0.1066766730538032,66.75288182241695,1
162,0.14024579003977272,64.97328487573907,1
177,0.17549272790442882,90.12087358416125,1
81,0.1363208558236856,83.07927228390741,1
61,0.13030558658746252,93.84664626177631,1
144,0.2224897904698589,86.88334727016075,1
2,0.20890411977507475,86.8693894898852,0
159,0.25164867179039585,6.372332668871827,1
12,0.0824881045594537,84.59619526959558,0
119,0.18676326782867844,60.747839450311815,1
124,0.1797064877639276,38.04444517659612,1
88,0.11722396515307973,5.651462438806232,1
72,0.15095668715177746,67.76737747680467,1
67,0.10099682155866133,32.820175053761744,1
141,0.05113487530892571,46.777626498603475,0
100,0.07200235109219251,68.17284370551343,0
97,0.04059895745634831,91.17745470241428,0
10,0.208090176805136,82.54369156049984,0
104,0.20161094400165394,45.059712910359984,1
183,0.2856758477581631,38.778315744637894,1
66,0.22160673995769997,23.977973884404747,1
122,0.02509329323927812,37.242675117596825,0
28,0.2664311004393967,11.10463872918983,0
136,0.2601757972542605,97.11055083647545,1
194,0.13856289302408262,57.391744395957886,1
152,0.17990028465309724,12.780584279521289,1
75,0.29306271641703047,35.28060092659058,1
169,0.16436826551596823,54.703914362065596,1
8,0.272543330229066,53.288563664086965,0
39,0.034081239764954065,3.5503368718632355,0
24,0.06540504192551802,95.08410342291114,0
4,0.13781893359798217,27.53756814749446,0
138,0.17957947441781835,1.6184668931891188,1
186,0.24670607704021205,7.644400895028247,1
123,0.2965960133915242,58.019490324797694,1
37,0.12276693397749375,13.778552067509686,0
71,0.023750534480624627,4.172479285350327,0
132,0.2423397359556442,37.962646641271135,1
175,0.18527040853401436,62.27611923401886,1
89,0.06757742907177848,11.183980484161237,0
145,0.15350025242021184,31.332783215131556,1
197,0.22526997120478007,41.776067162454225,1
36,0.2334194182499067,15.946009778676718,0
59,0.15488933947964098,50.60738984667101,1
175,0.09851221373736914,8.52140869017709,0
27,0.2923853487911631,4.651849634506866,0
196,0.2023751571773829,51.98353671551348,1
80,0.1283888806104266,24.789697275087562,1
113,0.09133433501934919,9.537380789802752,0
39,0.22201986507103302,42.39125874876323,0
44,0.08023319922219262,91.51407395173948,0
61,0.05979589680236957,72.41924466541549,0
92,0.1636518277990004,81.56159153470276,1
114,0.09409634386680113,87.19139887586364,0
185,0.19238249202784835,97.26277413964189,1
66,0.04420221571352771,76.3246573514173,0
55,0.19993292032452326,60.84079219394797,1
39,0.09215599311933363,36.54258803022472,0
97,0.010070450986008693,18.164323655771607,0
39,0.046811456725511146,68.66598739832943,0
90,0.28074845957217726,99.49499861219418,1
32,0.2615328453434538,46.735868461891904,0
5,0.07774661929050868,72.36793680928076,0
146,0.23572785231819243,49.50924499931561,1
79,0.18648576202045253,43.19334233634766,1
167,0.2915623663204621,41.030561355991516,1
91,0.11834564126487714,50.46246829316976,1
96,0.20762357762997966,36.689566186537505,1
58,0.02842535950293639,74.87733218218078,0
58,0.12491173057675771,87.42720265915166,1
47,0.2895071217445723,88.28853066451842,0
168,0.16630445359053495,22.769871342582594,1
12,0.09348505596710492,89.59091387314908,0
106,0.04487857930729599,34.155123185510504,0
44,0.21402321865264382,30.930766548529764,0
88,0.19700825259462076,72.6756057398236,1
180,0.11844222694509463,30.469634008628944,1
169,0.2857729920410919,5.296640560971011,1
99,0.016438815766476593,37.3617772310308,0
190,0.09807991697322947,72.1465600358349,0
154,0.2771101510268786,32.695842027017655,1
165,0.1030712771126377,62.95590559951465,1
187,0.0831533218179994,66.01194442631304,0
6,0.16492391888006172,73.37360117263562,0
132,0.24890250747695597,89.71304663109365,1
44,0.039912560654724705,43.256449926843146,0
57,0.28347600579726345,16.643207666245708,1
30,0.24057113554253756,31.892571543188943,0
22,0.06256257410995006,43.216725517398594,0
169,0.21648230874746718,71.38914693281131,1
137,0.12163802956489156,1.3122125561633502,1
159,0.1266654566421324,31.578538343987894,1
106,0.23715412680727124,77.98425810193169,1
180,0.28920759431441234,67.08577033306953,1
157,0.04673020312568624,73.17399735856051,0
38,0.13198276869485762,81.18107694391948,0
158,0.149473066344448,78.32357188779623,1
81,0.11913042691694929,68.21831661527781,1
99,0.11532484587770525,43.96615323705906,1
1,0.025157913592862995,98.35983288781539,0
76,0.20880619996316074,56.90731955900738,1
11,0.13650218096481317,20.27692093688391,0
38,0.06649020276673875,29.28128551047844,0
193,0.24664971566759983,69.35624559704699,1
12,0.2427426169639721,92.47395651994636,0
45,0.1510535721457792,17.872012920589754,0
154,0.09655069173285054,8.234649574578635,0
112,0.19504689048097118,88.15310480420061,1
16,0.09356411937544688,91.52779789128344,0
103,0.07844229979387649,27.63793453158995,0
97,0.22184924966763472,37.72857243712399,1
187,0.021694319519075703,66.01879974978584,0
191,0.03748285660003225,32.99300208424748,0
87,0.011968570466841036,87.71587082700529,0
108,0.05435352407787358,10.757870271386272,0
162,0.030007102526033246,3.798222096019521,0
69,0.29878268665617636,20.84862067427895,1
157,0.09375489128668597,28.6087778204969,0
198,0.05328772367408171,11.292659128887506,0
73,0.0798889148188162,6.569042934064672,0
62,0.28147641574663906,75.56077135017982,1
155,0.16084646467707475,16.427656590225737,1
59,0.11579724792927848,91.3922199066304,1
78,0.2632835227936736,36.7999661448096,1
36,0.12454717845921941,67.06058097213455,0
21,0.10715248528773176,22.540211476880025,0
195,0.0701119315394233,24.032276849186683,0
147,0.11956107893372932,57.47092028675753,1
95,0.10183846324490853,56.06429251459861,1
67,0.2064181481964609,76.87292280120813,1
191,0.09397898435451085,75.7813305694266,0
16,0.1773879264625428,67.0687764663661,0
11,0.029108727859272085,44.9130565893491,0
149,0.06547385544198916,89.06403862806171,0
144,0.12814752876729113,62.257849022129875,1
137,0.28171528363352166,99.01984904623572,1
117,0.11940307585755165,81.93698179343586,1
192,0.2025814951479519,4.430981123832622,1
21,0.08397529450220545,32.05939070803178,0
119,0.0468397370322372,57.18757164709517,0
49,0.026975614023214536,72.14695378714872,0
13,0.09856991457739787,55.033649776194146,0
191,0.05572169777110331,78.61304224621819,0
174,0.06046302992467602,28.26556527573446,0
28,0.2306201994322155,18.391205123282507,0
163,0.014593040574013522,5.391668378977011,0
179,0.17176493646327598,57.33137445715221,1
124,0.12004380037210478,68.85995206754953,1
6,0.15689949997347868,32.61497171193616,0
28,0.17322076879223483,61.35841848558766,0
138,0.10087663139261066,5.2157230853329235,1
32,0.09558156945344272,9.929334629680364,0
133,0.22268653630712265,70.17547722584983,1
110,0.26267032655513556,36.80697052172987,1
78,0.06584867341297308,67.13340311030056,0
159,0.0383094405551932,83.1721120279918,0
178,0.2703607838536875,85.26224374761169,1
57,0.11146968445774559,17.216764546445095,1
25,0.1698820432922161,48.62855723513465,0
173,0.11426751191080099,73.39267236324865,1
28,0.04648267754035488,77.39805962669104,0
3,0.18090617703484113,78.46759807288775,0
98,0.1622908470131926,22.816733438058446,1
140,0.06886813216544718,19.253481772377334,0
38,0.14104202294916057,59.00124682736959,0
14,0.24111477616453728,74.10857977382197,0
118,0.1812235699012885,31.913951553419327,1
28,0.0381060248494285,10.470515686242155,0
156,0.16892623419644917,71.67463829100775,1
74,0.2137941067939802,29.96978313800045,1
115,0.2398839876764179,16.636272431172184,1
31,0.19244409780393737,14.772352839713164,0
129,0.054270867716827285,31.49095475267163,0
174,0.2159502473111466,59.26780659137455,1
83,0.20642913536363974,35.84022386938166,1
21,0.017083796052783633,2.066185159343159,0
26,0.1294068236011705,9.690843467781107,0
194,0.10655557161908824,29.05032471986191,1
80,0.2041294986335566,65.9704482147092,1
125,0.072679385570167,9.851507346853383,0
183,0.18135285766253495,56.065685350068186,1
91,0.27482972892610996,11.988587082400425,1
20,0.24136268794049623,21.16153273493815,0
46,0.2772227435027938,17.218852755576275,0
100,0.29376673041048007,6.722863557081049,1
186,0.013094336831787203,67.13298173865903,0
83,0.1905949701494685,46.34035473860345,1
5,0.12972342535008285,83.10534408973382,0
146,0.2593578021971853,9.889083998231696,1
184,0.08302626358264818,14.473293333807224,0
196,0.2944985518433721,30.64577313504506,1
130,0.1879753111676867,76.58659869388082,1
0,0.24012584664636097,30.57588231556988,0
57,0.03482387031860281,40.84187074986926,0
123,0.06320278658007086,30.160356629716457,0
165,0.2299370651799189,8.022429180102996,1
14,0.016376091391403846,93.94336228961873,0
161,0.246894615909197,54.853899207118886,1
188,0.01404521542065432,78.78331881854967,0
162,0.20056446332776925,65.8357092185296,1
63,0.11587723686722369,51.425427906197505,1
24,0.18733350728856774,8.967825665938012,0
23,0.21184910802684298,64.27335452703043,0
11,0.1093178135640282,15.537035593683212,0
17,0.04130910995214231,41.43831693562766,0
14,0.030197301646997035,62.911314348043035,0
26,0.18079144654313886,78.22290004721233,0
71,0.16099005258289234,68.50451757086195,1
59,0.22523829264512843,67.15335290546288,1
173,0.15782329790114177,14.90422091752075,1
144,0.13250927910895494,34.61285400715879,1
92,0.12544528168850694,4.2912272660194155,1
52,0.017669601753323563,71.94768931764645,0
7,0.10731158849203055,95.2585981317419,0
78,0.2930458456821033,26.411039017907576,1
26,0.2633311171058557,8.769670916230933,0
173,0.10551963943992311,47.55700767536536,1
49,0.18046066746924794,85.66982231275688,0
198,0.2557160562052932,55.19741952717797,1
130,0.13796955765751992,4.67771501901133,1
92,0.015207780487543779,97.4272240527946,0
191,0.03160803392740562,82.86499099626006,0
171,0.1580138891911249,13.159407705151017,1
180,0.2911374189460047,92.17977565035089,1
23,0.21103076724347164,45.06882886051886,0
59,0.03056569551718516,37.18979905749412,0
121,0.0649146539796402,46.10533305271882,0
130,0.2336837115328865,83.45719568709472,1
147,0.25401753038731095,65.94796782867857,1
45,0.18913142999469135,5.924845239972754,0
14,0.1968827191926468,95.7604371116171,0
152,0.018217860611181545,14.778413347831776,0
198,0.2502737752786374,74.55679517353511,1
16,0.2385998103695406,63.6136530428131,0
125,0.08512019178997067,18.752804794656086,0
83,0.215516248789997,17.073207611304962,1
8,0.07230783586324945,87.03275937046921,0
165,0.02169574670493877,41.969492349959715,0
175,0.0683295973512094,65.45765141741386,0
187,0.06180237425874686,50.40710038566733,0
62,0.10794691905310569,72.73535170759595,1
116,0.13135035418088284,47.92423750393306,1
129,0.1574762785343353,28.73799152555684,1
87,0.14825862389741518,36.33833709964964,1
71,0.08849563572993391,85.90776944503426,0
138,0.018459493886481597,46.8034692922727,0
63,0.1854794704487737,21.344933224460927,1
71,0.12476600065573276,93.46053880772533,1
20,0.09661492564238941,79.6600456498377,0
17,0.2614129024208486,5.566614605619913,0
63,0.22655555926146634,99.89429619805178,1
81,0.2587520090280082,69.49266964401023,1
109,0.15354501046661367,16.026659904058693,1
94,0.047970063116765466,23.716768129859645,0
165,0.211904216475169,69.24454812415469,1
31,0.06976139618178082,77.9761055279122,0
10,0.13795660403659787,23.903594314980616,0
44,0.028850228795177665,25.696885389927083,0
32,0.2493394367026649,30.712069487206083,0
101,0.04652278590377517,59.80183648366367,0
168,0.2718982770442998,17.181617830127692,1
135,0.26062687465585155,10.42431988847775,1
10,0.14472900168738137,67.88640890855136,0
178,0.2258667792481573,77.90979397931702,1
87,0.18963907140726444,50.09294044165055,1
40,0.242891936277946,36.383271026838536,0
144,0.1352234792279145,43.20427135264764,1
75,0.2378844604308615,38.84078338719519,1
120,0.1441124769488929,95.99849082376753,1
45,0.2828800784744102,76.80899052191403,0
159,0.1510479092392928,20.808721485011027,1
79,0.14415958886078156,38.41891520539801,1
53,0.2376708398534187,54.40122913631098,1
85,0.24825753061064298,61.298586206368846,1
91,0.1708018431531395,46.81838960287671,1
147,0.06214136591357186,81.01266350119592,0
160,0.14564988697769807,76.76060194582317,1
167,0.29074102584380673,50.51579186281667,1
159,0.22836599598136367,85.44293867817304,1
96,0.24523715512494834,75.10895304423859,1
1,0.01951939465757964,77.85818487206433,0
32,0.14567924416390637,95.64007794334167,0
157,0.19752012876069105,26.646694120920266,1
160,0.2507094782521416,26.76481623668492,1
76,0.024289359539003727,88.89522556906401,0
115,0.2572072768361432,77.22263733856795,1
153,0.1690362716551544,92.65455414356273,1
149,0.06722105146705737,6.313016032445306,0
102,0.10200401277041299,62.77570772615966,1
193,0.09175957000795261,14.462833812344744,0
165,0.163949119943658,50.38971982925826,1
102,0.024988847174228227,15.574693185344424,0
89,0.055975485964977825,12.807850898487928,0
173,0.2456809825789769,1.2168345382033152,1
121,0.04845515731657521,63.023881238290436,0
142,0.07768491814285682,35.90226166900861,0
105,0.14147747562520563,10.518828487897169,1
118,0.15996505755286583,32.283777773130986,1
171,0.231447039088106,16.894409145158495,1
48,0.13972640373319445,94.16948315016595,0
103,0.23906074010030623,32.00048857613481,1
60,0.18932042904318266,33.39535232893899,1
194,0.04279892443290851,83.98580033995856,0
122,0.05533611713392319,64.77557612860042,0
133,0.13673978038043352,71.01716074030013,1
8,0.12509792399582148,63.60018039889606,0
5,0.2256278381948154,94.61962839485653,0
72,0.17841377054123203,20.700083155804517,1
102,0.12255859349065229,98.90392417557958,1
159,0.05952048220061183,83.09561775565132,0
40,0.07578275967439359,58.897258887634216,0
113,0.1768952953560271,66.2371624396249,1
7,0.13279725342093981,64.88258765006141,0
71,0.1593289775695949,5.8396224059153905,1
177,0.059496456237647766,21.80164985319386,0
91,0.20224281317992407,96.14708845247492,1
61,0.25723623484823044,53.43644288593793,1
83,0.08480245696820116,37.8353603261912,0
61,0.1525391254912297,76.2038463389075,1
110,0.2929029254160615,52.451894265580954,1
126,0.106640104759711,1.316277143189759,1
6,0.18256344002789074,73.62375967151179,0
83,0.03615675305807087,73.22175600528612,0
131,0.18574435071903853,16.51487121099744,1
133,0.03599321425833919,95.66600884242133,0
57,0.2881782762439084,22.390813154111434,1
21,0.2175421691009703,45.77493673821993,0
153,0.23856633855935486,11.473596126091469,1
126,0.2141902646237747,60.32823194505884,1
2,0.18102142046217506,37.54511200572125,0
126,0.14047470651479654,35.31734622097055,1
40,0.25892828013070807,82.69768772209473,0
187,0.28748234358748825,0.9561712850478243,1
105,0.1547204901421836,79.79467708924226,1
13,0.28014516425502595,57.14485657480787,0
11,0.17916654389667008,98.6098513480199,0
86,0.16613141419996563,58.9443220604249,1
11,0.14179999255705344,5.537913414795792,0
140,0.07069345084373475,5.064532644372632,0
24,0.011078701637237166,88.31529863718319,0
44,0.08003680578825775,84.12141455110532,0
121,0.1578197197650339,34.589007558202326,1
146,0.12018838615532823,61.80324841811372,1
54,0.1400607161207638,48.95913570556003,1
99,0.2943879836735744,96.71640551360522,1
172,0.11157898749410498,94.99609008768915,1
135,0.14113305241443128,98.38390085407745,1
118,0.04871950989231767,86.64487806342642,0
52,0.023907742406726416,90.95515907751013,0
182,0.23486875923182343,21.72787787671364,1
31,0.1754981207708738,83.10067889897745,0
50,0.23060439375272954,70.88571132042748,0
43,0.053460211677099974,96.27865088280701,0
81,0.17583034364298036,57.12618284426194,1
197,0.0835563175589989,8.516716671055635,0
145,0.07613792690100576,59.7398891187153,0
149,0.013342544075365724,68.65809280212878,0
36,0.04779880983503085,22.03210287124283,0
95,0.09968775233491164,39.41133835127284,0
55,0.04389484057137232,59.850341405167995,0
104,0.29589894771917186,37.41057373165055,1
58,0.09950346807194568,37.49477172386639,0
130,0.047793944543675165,13.30866391727974,0
155,0.06773387072010774,94.0746723077666,0
34,0.18043393621902817,75.04943844950965,0
188,0.028572621920788667,0.1243438866102009,0
92,0.2601058977409355,76.56132840221652,1
181,0.28883490697877273,73.97949926578588,1
190,0.08155675199354044,0.9730960155522994,0
96,0.1405276278913492,36.96042976137646,1
134,0.01641899079855415,60.674769032553066,0
75,0.19580596517089424,45.275065185803584,1
48,0.13003855683525076,77.79861187205073,0
93,0.08831695516945115,42.5458332634434,0
158,0.06998276207881646,15.386296945383704,0
185,0.19966669252104052,97.64156242738285,1
188,0.1307029389993712,24.20399927760466,1
23,0.06210119381867448,71.76923105413323,0
147,0.20984163363117897,14.315631166407194,1
36,0.17387096208064115,32.901261378393265,0
3,0.25901489592955385,44.20276084304238,0
107,0.04406801067418294,19.22320045270639,0
125,0.23784331456389227,44.99595763686095,1
19,0.20531986817700512,15.716282299174999,0
187,0.04335317168014837,55.90065389858901,0
151,0.211498011662799,66.3713252520194,1
49,0.13804871377515082,6.243428402801077,0
176,0.2840455878111945,87.11321210821681,1
178,0.0510672916791908,18.514088504203553,0
95,0.196421683336564,22.53624253203238,1
104,0.12077421318425431,66.13498400830629,1
163,0.28747625447135455,46.875106043441406,1
116,0.10569271963418016,49.93955991710657,1
97,0.28903391375262205,12.815498456313268,1
65,0.2714308968192172,80.57358218764082,1
78,0.08841113824009032,61.705424610421,0
161,0.24302711527966403,13.538204330945602,1
163,0.2987252185230167,37.3999367025596,1
5,0.08327227062967187,81.04099327350302,0
38,0.1366653791037627,56.83550459866207,0
169,0.1608524136043603,10.864877913293046,1
114,0.09553002938312063,37.27770457892867,0
185,0.01442680349734863,24.26943984557346,0
124,0.07383748081728272,51.746555365372636,0
11,0.09176169645910993,84.33611288719895,0
130,0.13864391338227428,43.62671348044198,1
17,0.05961971873988654,43.33420303683231,0
39,0.26324376344058503,90.5350902327037,0
20,0.21442422849208748,57.61854125072724,0
142,0.03470813849230197,56.61910873974069,0
98,0.1985268108305801,26.19098918753894,1
25,0.19956037815762992,60.77227478371263,0
7,0.287304140356652,57.59104674173964,0
99,0.010876052693286762,39.6851470341864,0
86,0.08190041044368408,99.06955658991805,0
41,0.27905952901884146,88.18909649480867,0
171,0.28031883546550207,74.95862900768155,1
13,0.21897006161748483,53.73455884130005,0
77,0.2320713631037866,46.20598018946303,1
1,0.036530057799597664,18.489739522319937,0
118,0.15902399208568774,30.57374740146237,1
36,0.07715906747380981,77.39607998232103,0
68,0.062553232647949,45.374895393755146,0
165,0.24498795674576643,88.22695165695013,1
40,0.049161059637358756,14.791113634552877,0
61,0.14590897472895173,50.83470960136365,1
59,0.28218768947994954,64.69656840213088,1
124,0.06389129611394934,51.684845630792594,0
110,0.293618092884088,88.92268915849871,1
13,0.2983435158707071,98.95632818291398,0
83,0.17112897485789685,11.583465834136975,1
129,0.05934139465137579,12.9954904076921,0
69,0.10167041750285973,13.032411356012108,1
144,0.13310292147619518,68.11770960705276,1
122,0.09970402506388464,37.26760954958379,0
88,0.09138431816418956,73.33146612659061,0
27,0.29194661567274366,40.54714728869787,0
65,0.054475799950566235,62.76067213320636,0
162,0.22266509352789005,76.98580056788936,1
4,0.010118983937360713,54.82159106549206,0
192,0.18289297412668928,53.95035904500061,1
167,0.2756234711466752,8.823432528563446,1
183,0.0935008872870335,41.07817429094348,0
163,0.06380253282473856,54.57771532249376,0
44,0.1989871405147438,46.198082566641,0
150,0.21665440811653403,90.07820001884255,1
46,0.2095288504960746,90.65306321194893,0
30,0.10260189520619846,82.19173805887617,0
138,0.08313869662620595,37.529807537311996,0
9,0.2872164519889928,71.72991516875344,0
194,0.27775685739827954,39.52884610696098,1
117,0.1426218168689179,23.259359897575905,1
13,0.2553962211847683,34.29026435508816,0
79,0.14117380851394584,7.096463328553549,1
92,0.13307281524102801,33.17775090046472,1
9,0.05546125480379545,46.07422172611716,0
75,0.1336577563826721,95.548089478083,1
93,0.16585091219394402,31.341058621962492,1
104,0.016526254954319076,90.24535392055206,0
0,0.13879277150086786,22.885827582349705,0
132,0.2365933033346081,19.096889775924943,1
19,0.20721335634853824,51.89954564321649,0
7,0.19419552677054114,67.2511369297406,0
170,0.2737710742467887,4.4332250802281425,1
0,0.015229282849316704,22.10658650472167,0
56,0.1715437999957479,45.568366650131644,1
63,0.23833116603881505,33.10043359831815,1
117,0.1669872609833675,71.26210793483219,1
27,0.10392971024830995,51.11605960413168,0
120,0.04951266387667358,16.035910560390022,0
106,0.2673932908266955,89.44653793150906,1
164,0.14652109379240486,29.290567548335954,1
174,0.2646534071258534,73.11311089644235,1
164,0.1798971155056188,77.99157791054098,1
48,0.2055157138183502,96.31577002561022,0
119,0.2432357347697505,49.85074665241014,1
43,0.20115510793403896,61.58355154644322,0
55,0.12543590379689193,33.48762934795337,1
155,0.1589536813393088,67.81792934120665,1
110,0.24288320215600515,46.33834858663197,1
133,0.11835858594816541,43.765236472442226,1
107,0.12255522246286414,85.54675291161054,1
188,0.03775013365682033,5.016884349868866,0
147,0.2752294862143068,88.19624278318685,1
113,0.0364005313341781,85.2069837828557,0
77,0.1979806614600812,50.63662535617891,1
129,0.12982639885281133,49.02028542056283,1
200,0.12762962317407828,36.18073680354902,1
36,0.20707003260607834,99.41737916817344,0
19,0.02945718246266483,11.116933275384122,0
25,0.18217467705591603,59.0215235628607,0
28,0.2338892179319829,68.1681590112417,0
0,0.2501816997871123,93.43300082169445,0
118,0.059453812924194833,78.02034968567615,0
34,0.27025152452267037,64.38472028115469,0
197,0.20028236663575824,11.681231681212267,1
58,0.265737892237998,37.37335168314674,1
68,0.1507314079619575,13.884164254798526,1
160,0.16718967007818858,88.12127324655137,1
178,0.2765211003383146,74.9621155563643,1
11,0.2709737675728548,75.75367867972292,0
19,0.13996665327701058,65.22565177735441,0
180,0.08957966317434769,50.70435369367097,0
42,0.1240194260236366,14.99710594634972,0
125,0.1224516552736274,32.96948867050518,1
49,0.09319139374501023,13.691579247689056,0
28,0.08788808525656029,72.49131428523432,0
184,0.2597082515791186,16.022877602200502,1
38,0.030259956998551885,70.21135501716856,0
183,0.2065072428088823,69.22553895959047,1
170,0.060117814922371164,45.93044789912889,0
177,0.10990670908427833,13.52286541180523,1
150,0.02784747989910269,31.48008261340367,0
171,0.08829235468808398,32.00931090755515,0
37,0.2328421106240002,70.03851331432934,0
83,0.266654444118705,11.374301941372433,1
150,0.07424287405168643,82.90686462160907,0
127,0.14442887338508734,76.1007290185914,1
125,0.14639397390178985,18.63069181742739,1
44,0.2633368386703229,71.91643817788894,0
51,0.23121172533398357,66.85131814678218,1
79,0.15879239332673445,74.81208001109263,1
177,0.20451668813681428,18.892855544869448,1
123,0.25573296563371634,15.759032215646862,1
118,0.012766296667408033,23.64839859227542,0
7,0.1268381090045141,36.58717031489756,0
84,0.2731005185103528,79.36649810358011,1
128,0.2246907789447459,73.792393747885,1
7,0.16742399855688164,92.54515922785332,0
156,0.16359691284018868,5.862955909861545,1
95,0.11085332830528695,1.1556281014185599,1
101,0.1609509547560392,69.91388297007991,1
4,0.20006112784440144,27.928749579416568,0
85,0.13132528114435,33.40788955338175,1
174,0.21710441245373044,54.68020259145122,1
33,0.25975734590551186,10.24131231267985,0
192,0.05485860597360974,64.26944165480496,0
54,0.1409486366170531,32.51474462311502,1
118,0.12832582647267352,63.271512430099165,1
170,0.20936479317442114,83.40069130733858,1
157,0.0824615649247995,17.111133333742966,0
113,0.1956727653361601,93.08730929145203,1
144,0.2644718801021315,53.068814106244375,1
25,0.13125816394015058,92.29277651739683,0
135,0.27419455299397383,20.773008220177815,1
46,0.29801748429070873,60.456266460423755,0
112,0.0407666944849061,40.38871173236047,0
75,0.077585424515609,77.42221911560132,0
71,0.285610127929807,60.590894321329635,1
88,0.28791502907960215,49.45154569583185,1
45,0.03833510986215996,91.29854064310086,0
195,0.014349565109369637,37.711706417168024,0
32,0.05671900674436245,21.99802048981815,0
0,0.298843707180852,60.81011868520917,0
146,0.06219988881709919,62.40284371728138,0
30,0.15573880594938672,43.90946215718754,0
141,0.2560411406648482,48.66100436893823,1
52,0.015916467099579838,95.95534142999,0
47,0.18530180485495323,73.26856913968012,0
68,0.09033738017219105,11.0601751482577,0
104,0.2600771257675222,21.213007087061097,1
89,0.09220373328658295,97.5576634435559,0
189,0.20915915888175357,72.64655537935313,1
193,0.2055236934097451,91.50451261446531,1
191,0.0742331291692956,30.386146398872206,0
197,0.020091767961821536,74.18668600865924,0
62,0.1286823763977652,71.40027085235114,1
72,0.0938660140701022,29.46899854393751,0
160,0.2446035473879755,55.08163254507053,1
168,0.24210561465205013,62.741511127029526,1
88,0.1425369461358614,48.1131810827465,1
175,0.18588854534373347,82.71787066580127,1
12,0.1852352596362083,83.28690417979895,0
72,0.24987586304401077,85.06005483015568,1
76,0.13325070009572726,80.34235690981629,1
158,0.08987953713924762,48.80834771971446,0
67,0.08686012626075876,38.14382981490072,0
97,0.16549576099183919,83.13762837143706,1
124,0.14025297879234164,49.02014585562669,1
101,0.13763502358563148,24.637139862798186,1
131,0.036429828336015095,50.73435323222163,0
101,0.21839508480015674,14.184982191924211,1
18,0.0719836395147541,69.16294905987989,0
197,0.06711655276052919,33.59212816239064,0
81,0.1296999128804441,26.06587984474543,1
140,0.0760557190691624,95.65087462347451,0
22,0.17931889751932445,77.68809957583076,0
82,0.11772436840699672,78.70695027239316,1
108,0.14018439955190914,62.372196927918345,1
74,0.16577910326516837,83.91728105102972,1
128,0.0690253015197234,75.91624811633812,0
87,0.05516797063100364,59.87737041336165,0
53,0.2653223518333454,96.11244018517174,1
198,0.1357798738211121,19.159494968442303,1
88,0.12950714679343636,94.33797189947511,1
142,0.020327523579124027,40.143816199886494,0
64,0.15441312775034405,52.839898340148665,1
75,0.17070921926719002,12.273931954430894,1
198,0.17206385257685328,54.01074389217909,1
142,0.21503903910363645,61.12067518581934,1
148,0.061469732147393416,99.7701541808524,0
146,0.08314470892687945,97.51924110715265,0
59,0.24511183491681968,96.63972918742873,1
92,0.2846794788845842,34.83880601020574,1
160,0.04942049673652298,99.12664987450435,0
48,0.15431837080651328,45.54781515951108,0
34,0.07211111329448018,85.18362587619005,0
171,0.027421218822944904,21.6319969018972,0
101,0.10439596805657926,50.583317965660235,1
10,0.051669411303421696,96.60120961276054,0
98,0.2158805912959314,94.70313969234276,1
199,0.1647803699647189,68.37348778214267,1
109,0.051711996587190154,79.78143225530599,0
73,0.012680060637599166,17.64266966024014,0
193,0.24436554421702167,72.16585494841574,1
173,0.06109637778763178,61.80508083353723,0
8,0.18580282624402214,9.155173575124609,0
2,0.10770735479225621,11.315900658967626,0
84,0.17979092211136033,10.844361775126188,1
25,0.10153955182487395,72.43569348298357,0
71,0.035212472600753705,14.171520824757245,0
47,0.07465550248174853,46.77322711144705,0
193,0.06453698427893191,35.698180587775774,0
197,0.13412561220749672,55.050414077021784,1
155,0.20090229719358563,70.64764872194029,1
116,0.08650376173444368,68.4722537221332,0
153,0.013500281237179206,51.55199159143766,0
152,0.1604918356367795,46.43348736103855,1
11,0.18567025191410189,39.781559512225876,0
132,0.2892324432605248,86.19099483043794,1
47,0.18094653289704157,33.085180487264495,0
36,0.14664004221966112,25.936582116749484,0
43,0.1762864715103341,74.33154936552712,0
14,0.27909118265998784,35.976346169672645,0
42,0.2502296622244774,84.69985997572684,0
175,0.1036638326755043,32.788871863714476,1
86,0.07880376546056979,70.19448245745882,0
69,0.08616374758616134,4.5109006285336095,0
45,0.1562821015174118,38.556288011032,0
107,0.22577434085628756,34.32301749675515,1
122,0.155933570083059,81.66787392759234,1
170,0.029660954790152648,96.70554032283101,0
20,0.21983840312759445,46.08812766929614,0
150,0.2437313373145766,82.4836277153758,1
106,0.09395438088471869,69.96947009573651,0
79,0.2025964643921716,96.73859876636932,1
46,0.13371165130577406,81.11085143428247,0
116,0.2678446131609584,7.747806596373053,1
123,0.2551154118666145,71.32817223822362,1
142,0.16237527950979624,53.549971542237365,1
24,0.2105366082859424,1.6436057932327164,0
35,0.26617141329641014,25.131295872544367,0
50,0.1537579329226999,92.1755245026893,0
14,0.10084271474175835,92.60613727867529,0
67,0.22856317999377856,79.88504602006344,1
20,0.0738192138875606,98.17796032779894,0
140,0.12267403292175218,80.65452246242049,1
18,0.26106089876097016,1.0204187285245192,0
33,0.22008247867810135,28.783434030151177,0
77,0.12710519152177477,3.0624182237762865,1
124,0.07227590569842364,9.410796873755945,0
195,0.11323083334134858,21.884081695077604,1
116,0.09239020327595555,50.355854632552244,0
51,0.06106589350371763,84.75320034620178,0
26,0.22556654493404044,86.1966756157108,0
156,0.08310026718654973,61.620185855729645,0
155,0.1417085663486515,92.8175939066235,1
34,0.12189923958247162,50.00623265902081,0
135,0.2948024398043329,88.90360441332015,1
143,0.12341675080298393,45.40652563320121,1
105,0.033194920011058886,27.722500742188227,0
163,0.03604946824590437,91.64129181004277,0
157,0.18131857919238878,38.793507567886934,1
145,0.18381543000409703,50.340410884446165,1
1,0.13144010723996993,32.88606325306772,0
176,0.13523467077048862,66.28376002907298,1
76,0.02564044902385265,99.50312250060355,0
131,0.15979848801288604,2.551354886476964,1
89,0.156374447860302,89.98480060071014,1
88,0.05336930238151391,0.3926056989265403,0
93,0.040113421972168994,36.422788114621106,0
6,0.045836022273852244,16.860680628951428,0
94,0.03929819148246497,75.73417806725513,0
107,0.18681537670566034,5.061084075717348,1
73,0.0669799691968464,55.34849535843279,0
38,0.0829147441343644,29.492613384531264,0
140,0.060335921803917524,13.367024886470213,0
158,0.2877722382900659,77.18182121026408,1
70,0.25783906431403225,21.74168342552567,1
190,0.07684350283194104,22.36752120549389,0
55,0.10499422523741653,27.5076785137923,1
169,0.07086892426844917,58.67667638280274,0
188,0.15264402824363887,65.96659316907483,1
41,0.01568705441753354,1.7602523701344963,0
183,0.20469672258007074,24.18696361137903,1
35,0.16171586344711608,43.09708425052828,0
83,0.2706052892073199,33.197695216123314,1
195,0.0576738784552401,88.41706585108861,0
117,0.24319168135772817,78.77087308864188,1
6,0.23966869419534756,62.58902155388275,0
53,0.04688254487289721,33.80424159970398,0
128,0.125582175001797,70.06723448461598,1
171,0.0593442659319099,84.36380128457944,0
119,0.08386894513268917,59.48303773589867,0
172,0.08634139070085785,78.44614668933791,0
105,0.1713085542674741,74.91049613997478,1
46,0.12930917021053498,57.17373111603222,0
122,0.2848425131618285,31.218321682151096,1
140,0.04664734116463149,74.57821580012718,0
118,0.29237071910655765,20.679636635760644,1
149,0.07688520566213654,77.94883464715338,0
117,0.2341334415507374,80.4546692142533,1
20,0.10830127859011819,82.2144879570373,0
136,0.05149360467102103,47.29159709784576,0
25,0.25878786372140955,19.248076777042165,0
8,0.09956966077857432,9.972360006606873,0
14,0.20106806722578424,74.33612504879243,0
9,0.1742686686751217,88.62613845298132,0
121,0.14680932972335356,65.08383588369067,1
120,0.15378764706807635,14.41600603883696,1
124,0.2223489950867634,93.4896448517574,1
169,0.035454145095797765,98.91020145393196,0
71,0.20377239196779248,43.33786099349219,1
151,0.2697855094055878,59.48252892737712,1
48,0.026758577135760603,77.72285200016577,0
153,0.05078946837776335,73.63897900500447,0
90,0.2178232616435891,96.77871919334493,1
36,0.1368116779909391,11.48830910787889,0
67,0.12702910003596962,58.07248661428057,1
49,0.049720324017828395,69.19314196730922,0
151,0.15696331180815853,89.00984241876701,1
18,0.0466981402469494,87.41096277181506,0
99,0.1482199323300567,97.799979356129,1
59,0.23144843669888043,51.207845393767904,1
166,0.08489666378727741,83.07608668132266,0
88,0.1494279887721209,42.72817081273277,1
145,0.2976846311250823,42.231387785603225,1
146,0.2091286227726708,25.334836447285902,1
163,0.25399346367850756,81.82372870192299,1
182,0.13030580590255827,98.58151058135157,1
68,0.23267966770649803,25.63417283472579,1
174,0.02174766015298333,5.6131588021072325,0
48,0.04564424293725104,81.55424374190073,0
107,0.06889047194681801,62.02300525347562,0
160,0.12656605813841368,95.96988005510045,1
118,0.2552660147144713,25.223921907695225,1
148,0.11041715472849983,7.1027658001281075,1
149,0.19984014611948422,49.24422608665016,1
175,0.21570114549301017,8.546602296514749,1
36,0.179992882685619,26.179000110270746,0
142,0.11360017076933948,12.597786081916828,1
162,0.17734546909692783,22.41321796600787,1
198,0.10925702190902639,10.614465282139186,1
159,0.0343233841800835,95.39059994272854,0
10,0.29791315367394416,27.85627134497355,0
137,0.046882911553428164,44.389758599256545,0
200,0.03098103131245663,89.86118076342223,0
77,0.2647739172700752,67.73215879614743,1
76,0.09753205165893958,61.80374805617743,0
184,0.1985861224813172,70.55631903608372,1
152,0.10541166160204751,82.88222571053818,1
1,0.12352173853039662,87.7669267851761,0
63,0.08601276188487098,64.26396706650264,0
34,0.10948276167997295,89.00072746940577,0
6,0.1291031161700975,53.539752742547684,0
84,0.21892066003677943,27.72908562684234,1
145,0.1583454963280896,88.00767088838444,1
66,0.2836339129755233,54.147282741308715,1
41,0.022145314213244897,90.61375875672343,0
117,0.15588981356328815,4.016781395058122,1
124,0.17942518876119826,39.75157515412355,1
166,0.27685712596153944,94.78050183624683,1
168,0.024255971850213998,24.965009275830276,0
23,0.17631487963121265,94.15362460384927,0
187,0.25755267927310754,95.390246112925,1
45,0.0801590411545786,88.2142314225861,0
18,0.26412478107194187,56.36680450932987,0
67,0.015522588689544628,64.69394490806386,0
101,0.22241184244878162,86.96169984498692,1
41,0.28060283413890935,77.58970823891845,0
31,0.20058732187561804,63.00938494554116,0
166,0.1373184807543299,98.22594078707027,1
108,0.023015494777088228,68.56766363336942,0
35,0.27683300586356235,97.54819924477611,0
96,0.1463859045805567,5.738847460709073,1
163,0.018409055857424923,13.896037074221246,0
130,0.21004811068534096,45.14588460004906,1
72,0.14973280353711488,38.487946088431514,1
135,0.046060142058299114,78.27348413570277,0
96,0.07213882469997528,16.061402646920374,0
122,0.02870229733219542,97.60951791114886,0
69,0.17654512651548632,31.5065875260914,1
168,0.1903885489830827,42.892370774015944,1
195,0.15666526652307886,27.474503244002292,1
12,0.24695961857075832,57.93636173265473,0
48,0.2596925581793239,5.862870042258395,0
59,0.18853107503810673,14.967750557044878,1
129,0.013699379115154859,74.57977034187242,0
187,0.21161660016684333,18.650058340480392,1
4,0.13121977290690195,23.551445155666283,0
171,0.17401167013565222,79.29822357248378,1
26,0.19823337458547646,9.33011783572536,0
159,0.11156861815485225,43.74738227708409,1
148,0.2759585664998203,2.3063386997226987,1
7,0.04885271135743655,34.680739931790384,0
199,0.20473842411150084,69.89814026107545,1
49,0.011264278187408324,9.01032797172283,0
66,0.2781488205675024,88.83346267787601,1
43,0.042626198639046535,90.9499042940716,0
124,0.03751642674279664,10.49903751251351,0
57,0.10657221358515082,99.07324363757766,1
2,0.11833422295133336,29.75295533954889,0
85,0.07214702097363479,8.410167113160604,0
69,0.17968528166886616,0.5067114497262271,1
129,0.13844508843216943,40.852289576386255,1
171,0.01991092082191535,62.98099857061177,0
1,0.10269909805403717,33.217924990331326,0
101,0.24502554493621945,83.67173654746227,1
34,0.21001344510994188,71.660627556505,0
97,0.22021254753816533,35.016153196803266,1
29,0.2124539079842218,73.43096666086046,0
115,0.10018217620107964,94.04877369692498,1
7,0.038902537402265,9.309599854301709,0
149,0.08901548336959783,30.610396015761687,0
43,0.25121773705369616,46.33259391166933,0
185,0.2943365313570906,49.79901277547686,1
35,0.15321563427505278,54.21956448860736,0
196,0.012813102927682243,30.062690653864856,0
76,0.05061299551892642,66.72596459823491,0
30,0.10340336684171707,64.50845035298298,0
46,0.1777897510919554,57.782150627161386,0
54,0.03177715728354105,11.376172171087662,0
105,0.28357361662586567,47.69678910959445,1
189,0.1158742652524762,35.622688748937556,1
157,0.2746494231981987,49.10384698381226,1
120,0.2363513227995363,92.1866435515026,1
54,0.22907680902951852,48.05313431584083,1
143,0.1859486781368473,1.3980791839511841,1
11,0.19176730694503494,43.88367380841309,0
144,0.19502093821271196,82.06481800493822,1
143,0.1923292022374188,78.00609232181682,1
139,0.17058118710552475,51.3390073528181,1
135,0.29606006536003776,24.97690128593153,1
2,0.22236426455345187,46.50886629145451,0
143,0.23531445263383113,56.37022194181917,1
29,0.26301421637426553,99.98714382741338,0
22,0.07253553119049624,64.41780901693774,0
91,0.03430320613756763,69.42649300626135,0
114,0.15003938661359362,49.1454143568052,1
103,0.1590834017295892,35.448955078252986,1
117,0.2504627161854761,81.29529836472061,1
4,0.13869723799187736,49.493232433923616,0
103,0.17554737740785067,99.4690129964525,1
107,0.16285057216890292,45.71205742680441,1
64,0.021078807289643404,6.800028364757738,0
120,0.18841232001310504,68.25781370900827,1
29,0.2501325528745331,4.664145092581107,0
148,0.055675158941983105,25.05015968847033,0
83,0.18235620283871276,35.373825277990335,1
197,0.18214705788946017,73.94835856213277,1
149,0.057613639576344036,49.423592640761285,0
199,0.04580443638191344,2.864593131025661,0
31,0.2942150634631806,61.68498512759222,0
160,0.12417855919938088,41.143623742666236,1
15,0.07595230132982349,92.18345099671072,0
37,0.05968411789176874,49.95623111402354,0
141,0.20360449693913815,70.89751459393389,1
35,0.18673913622491084,21.886849232954685,0
150,0.19663011566635108,76.09735645316532,1
113,0.03552174797832115,72.09553104836723,0
65,0.26912502921454673,90.40817085413082,1
104,0.12288725507462399,3.3821641719199214,1
84,0.1008771278648038,44.75006976174512,1
1,0.14408481970184436,67.91554027396302,0
200,0.12311915906681219,9.516390008021503,1
192,0.2604373309103523,41.06040671489124,1
74,0.27948568280738867,94.21466030661954,1
66,0.0980014327703858,43.59344908911282,0
179,0.2605413841633869,98.54047834806315,1
189,0.23664170756458947,5.6839061079819615,1
150,0.27993422497998094,71.78297761408913,1
153,0.08126759053390746,58.10162362482695,0
195,0.17731815353508393,50.05396771321254,1
54,0.08961792957472893,97.08474014850094,0
5,0.2489874022404685,12.965040049112863,0
162,0.011544015265608635,89.59989516809134,0
149,0.17379755723705487,69.12404111366102,1
170,0.10836899506885621,25.89960732996327,1
142,0.10357827505256785,90.16691456322934,1
85,0.19702283392082592,42.92949178610132,1
59,0.2569304903010582,81.42273280730709,1
100,0.1866666635040646,38.88365170474,1
11,0.2574201638075495,85.0930827433241,0
48,0.08673316244549868,63.66291184450487,0
41,0.16065553788184453,14.104663358372715,0
165,0.14065559632945204,64.96631634695275,1
81,0.013377020855897903,19.13447627018726,0
172,0.17147552151081463,41.19226278941627,1
34,0.20184205400239072,17.029558425203373,0
157,0.18165517728153033,2.2016115667118585,1
157,0.22352117064719224,21.18865394499575,1
133,0.17568846325139237,53.637202372412574,1
66,0.029357573906719503,48.156096777734604,0
79,0.04376920198456631,50.14970955360637,0
6,0.18297762748774618,24.768687844660132,0
179,0.08974396567235564,68.51612006141862,0
13,0.03309708742008209,70.42632868203458,0
72,0.13458479560007855,35.79678255596656,1
142,0.17075355344426005,88.11700884741744,1
148,0.10533633662138589,64.40232166355479,1
162,0.2189257736454756,71.30392752586317,1
65,0.19669347634936094,27.733991793893942,1
90,0.10651732471658486,0.06116351555870425,1
129,0.22891303338348257,86.53756121021095,1
162,0.19812156233458028,82.24243845798085,1
19,0.1948591598281916,12.319188804283021,0
9,0.17049403322824974,37.410513495630646,0
24,0.01330300374568031,66.13393083885826,0
193,0.21198708320829784,65.21108572187282,1
24,0.11905211942165536,86.03503348085565,0
53,0.2833568159460101,14.026816163542854,1
32,0.24721558361238954,42.99397477851188,0
163,0.18043139616408055,9.722441792642478,1
94,0.08313277472758812,38.959524843862816,0
13,0.0690780440505233,1.5107445587704382,0
64,0.10871160292648924,89.8273065110127,1
109,0.14820470363820537,52.70439968286811,1
79,0.09585899791129465,84.98022608023537,0
53,0.15932955366382,5.990470100336376,1
124,0.05795742339882392,22.745811047292065,0
179,0.293536715719395,25.937999522118062,1
130,0.04129812093984822,38.6691494638788,0
168,0.2802638004997679,80.28663723975461,1
133,0.2749376233067815,38.655787373149266,1
24,0.16235453972765443,20.4653529646327,0
140,0.22022397883246447,6.499026033876842,1
116,0.13645400641205047,7.949174835268746,1
135,0.19271002748730706,76.00472059609774,1
148,0.1087670218521244,44.4802991036633,1
195,0.09733611573777914,72.61811220000153,0
24,0.17768663798915899,68.22871217636975,0
78,0.1544576055133543,13.536246176025779,1
67,0.1780655470534945,14.28879341922672,1
172,0.09313156857323665,75.53420154341339,0
187,0.11641777122692862,72.12682934854172,1
11,0.0343304085823837,37.80307668743104,0
31,0.025160147958939658,7.742226333284008,0
127,0.0835025676051747,1.20980216984522,0
95,0.03153158920585827,28.815694946174485,0
91,0.0400946655040748,0.9222273587226937,0
140,0.24574923756424175,23.00726211037034,1
30,0.021273372134839895,41.95007402113385,0
77,0.20109341024107538,12.141576531195419,1
19,0.08904174715646614,10.427775783154624,0
145,0.2627482474053567,89.64374357187366,1
59,0.15064776252747486,58.547002902288924,1
190,0.09861717320506945,93.44556867627814,0
133,0.16011529134993602,34.58261637856792,1
159,0.12076782552312795,67.71449373291631,1
92,0.17364730875425075,20.469167462179037,1
42,0.04321453181464099,61.83403172799412,0
129,0.2991272458156398,12.958573000998442,1
59,0.13341120453204808,0.2080639176285759,1
150,0.1109868855151369,93.1531801409579,1
30,0.2159608560117168,55.489437617520935,0
4,0.11553082788364641,92.69406627820395,0
161,0.2516495484583397,33.383152370207206,1
9,0.14173851006452332,32.778606916175676,0
88,0.2186719398469761,40.06550017730317,1
129,0.0411614327681471,70.60409839581683,0
125,0.2553745638109824,56.58086341861742,1
10,0.22335821616565185,92.5354907099118,0
177,0.07139786575397004,2.5440901132439353,0
158,0.052132942826278124,70.81959379725365,0
55,0.10172478113043107,33.03276893665543,1
200,0.2930604699492522,18.023365181846117,1
82,0.084481156624447,51.039562252009894,0
136,0.14227689059452364,50.5063784179996,1
98,0.01870586545802753,13.70110286884284,0
148,0.12519598357420741,20.189605613288986,1
72,0.17568280447559978,40.81646649015549,1
155,0.2864061376273099,40.88114123923153,1
189,0.1598534530326187,31.75581396196847,1
114,0.24754112459152944,14.854515150998093,1
6,0.16866701634498116,0.4373679100979522,0
79,0.02182765389630025,97.02350624280206,0
143,0.10135239980503447,94.3499229703927,1
96,0.17690935727101995,48.36503791761352,1
3,0.28567225012002606,99.50517532750057,0
3,0.2591478043278576,67.36543307822433,0
102,0.07622312811186581,6.885753760754154,0
39,0.07383185070555741,11.771819908262737,0
16,0.06834016046303121,91.61108438696377,0
100,0.2775246799277259,63.00522021496284,1
102,0.257273184399499,84.31836266573511,1
123,0.23471619535335514,89.82696496338443,1
51,0.12389318312502598,44.79420112823861,1
51,0.15627040424664237,4.852595157669304,1
163,0.1446562059905943,18.828034889732205,1
123,0.08348545119221806,6.65719473024351,0
165,0.1564581333831424,18.873984569850734,1
177,0.018843998877298793,41.05329264558768,0
62,0.04822500831426316,11.819681051498543,0
115,0.26711098288899443,16.673324780534326,1
190,0.22798713243911273,44.58217820716792,1
61,0.13263183862713523,34.01709503884896,1
6,0.1599736050623244,46.765812418804096,0
154,0.11729967692839344,42.917202775906205,1
91,0.224826161476595,64.44780259798834,1
13,0.23741428197730308,93.71895488758545,0
198,0.23135270515891612,10.786433844424248,1
85,0.21955740020199038,9.926014930919491,1
132,0.06930625822091079,85.2806111090902,0
182,0.10801129397973884,50.63967046524591,1
129,0.14625517614526573,76.64050235684422,1
61,0.10592996751402012,21.542190360728142,1
148,0.2289326580459154,82.88625731675518,1
78,0.10551252203248684,92.38466241926959,1
148,0.05008730516774777,63.54830155464882,0
137,0.12572173109400817,10.587902147380223,1
57,0.29417518550689026,89.52948141563388,1
119,0.075505609750737,79.24877273700713,0
166,0.18752601109353642,75.08777765144899,1
132,0.13556218445351484,3.672818890591556,1
64,0.030597124618304723,79.89625252569712,0
12,0.15148421573943724,13.7951010468357,0
180,0.21362765530801062,22.23861761968884,1
81,0.15883379299006745,57.71348348692575,1
172,0.2629107584865085,26.498077291688304,1
159,0.09379173483069896,66.13482063119197,0
163,0.035012259678149825,60.80704476990816,0
187,0.28160402738082174,10.814959801326262,1
138,0.1196769413631835,65.60145795915064,1
190,0.1771576099215537,92.395490982493,1
148,0.2396809065777568,16.110990518583314,1
51,0.10405096252391836,59.70620209428874,1
182,0.21768771607150722,34.18653719366941,1
116,0.04927146644717013,45.961167177360394,0
25,0.09447518668959652,28.700017907896992,0
195,0.05196608447959077,35.41306363476953,0
33,0.24525686193639376,2.891182326655728,0
51,0.07456827821576775,98.15517379172206,0
111,0.21804703106751097,62.479992207274826,1
81,0.28355653520123925,50.07055904938853,1
179,0.16305394062997433,38.37153495003267,1
156,0.16660846575559943,53.937455882402766,1
165,0.1436997347483655,38.010599871580396,1
41,0.10450814158415639,35.99079274936733,0
20,0.14793995896822595,46.394654172201314,0
41,0.18481418435736022,27.59830336711908,0
140,0.2959375559294912,18.004989996678546,1
112,0.28195172220228504,55.66058981802935,1
104,0.26002435790500533,84.2765436150301,1
191,0.2678478553544089,15.28281777258923,1
16,0.14567626315469245,3.273434060421865,0
119,0.2006588548814648,24.681174515403615,1
136,0.2695693496515021,97.97206434538109,1
168,0.12395572184749237,82.87580737433393,1
128,0.28891111872018593,59.58660535285966,1
129,0.13057795800006305,92.9248915243136,1
59,0.18431397296403254,44.52791168372446,1
47,0.21584336684898786,98.3280602575174,0
28,0.2856716837920221,29.630204511928405,0
96,0.08093871947515714,24.03057495159391,0
9,0.22637798368920625,63.8048201147011,0
57,0.16103651998178384,37.81539679503604,1
187,0.0878815707799859,62.636554197625784,0
20,0.23521598354095324,30.49955183026858,0
27,0.1701444612504155,61.791825683799104,0
33,0.20168240798840598,27.574626058503636,0
7,0.10364130988759128,5.097206881888994,0
186,0.14956944603000547,91.21359019231834,1
199,0.18903273278653945,88.32052018734622,1
176,0.12742413613825476,97.0798149272672,1
78,0.06752803655583338,71.65271762214047,0
144,0.2888757427714382,68.2721177735303,1
187,0.15832558661235904,55.90030700748307,1
86,0.22283690738343315,12.594241635252267,1
87,0.12920368613125685,18.923531094927004,1
172,0.11298821156745772,28.94696886725362,1
68,0.12807764655546625,89.01563625733944,1
159,0.12866702669783844,17.296952460307512,1
171,0.16781223362316655,92.28731744878907,1
192,0.1676062622945953,52.27857330514172,1
86,0.15417460660603277,71.55696354730722,1
100,0.04908787762605705,11.024448668056653,0
7,0.15386188876515403,26.90335487759109,0
76,0.05904013112198893,95.85186081814263,0
199,0.046579378025771896,26.614994692973138,0
86,0.2804672580289386,29.65217203911461,1
42,0.18543550381283422,19.75973848410795,0
128,0.20125211685612943,12.907366530682951,1
108,0.1265201643966755,23.325764145399795,1
178,0.27360445865531063,64.23268919507984,1
151,0.194999841978103,45.536773350356356,1
151,0.23305926216184036,55.37558363378986,1
16,0.116883116018037,12.236482876602429,0
132,0.28840344543754637,80.21164471629001,1
147,0.24793377414591136,78.4094700579848,1
20,0.25764505427421763,2.158991114267539,0
57,0.05993633755346874,38.351509451030495,0
158,0.08857933028265365,6.877060197114782,0
109,0.09283171390823734,79.21057794149581,0
138,0.08856367474159263,73.72696831257043,0
179,0.2580683670102435,90.1988094293156,1
142,0.019246590610491714,23.64039589531146,0
134,0.03206899680442454,45.62958831277989,0
27,0.08943531248267207,18.448787716439774,0
50,0.06796316264833865,37.123493447411946,0
185,0.07723928802602602,52.2243251566884,0
4,0.24140352488345698,5.333078983858897,0
4,0.1733067122286936,71.48704106773852,0
93,0.011673491774960718,54.329336037107524,0
95,0.1345036020542166,82.89590172106733,1
7,0.12828662878660407,27.178050119119725,0
63,0.04304412813891762,90.33211052692545,0
137,0.20608111869442255,99.86942530304434,1
37,0.2136081846300524,91.92984383776745,0
110,0.21905903352510833,77.78924758331542,1
111,0.22125657421199169,81.23688028737807,1
80,0.010015319810366073,57.374424254458646,0
135,0.28663703311554944,19.01538629126105,1
103,0.24612054244585227,67.70406851477173,1
152,0.2721546920108927,71.27530020599315,1
72,0.014536555639155898,98.53851402679057,0
193,0.2808190507778644,54.13013162563218,1
177,0.24483867331955037,27.13690150250564,1
194,0.25279355145802257,68.36725217395067,1
48,0.037053341569370866,97.93758196664545,0
35,0.2242456283863933,17.7213908269094,0
125,0.28837583999620636,32.59979185356027,1
67,0.2067787290112666,54.188095377268105,1
77,0.17546280734113587,17.02146348820048,1
104,0.2842326065472091,2.2220639519938357,1
168,0.13845176530298645,33.69831224412506,1
121,0.18379513423003882,86.53708015010581,1
118,0.1481381051133662,4.346839932371482,1
189,0.28052540419448674,42.89290590169175,1
113,0.032064570761997105,76.22007729260825,0
9,0.15532471323935096,95.31825969108853,0
148,0.20921620800177712,98.54753990044323,1
163,0.2396528961424487,42.19693806087417,1
139,0.17907540775879954,95.03842943791176,1
90,0.27358614579522167,3.541897328086374,1
1,0.2831775195963228,74.59169379985563,0
117,0.02865257472613922,64.27460346336129,0
12,0.12668745646699855,24.95218575861523,0
180,0.016803116299134786,50.73185006796489,0
159,0.10553083063858844,12.955373776049562,1
94,0.16569178321147462,87.1597150951561,1
143,0.27413052984788516,35.78980855456479,1
31,0.2555007535149668,62.60444704657166,0
31,0.04697492073487586,15.877628628726226,0
123,0.03697880867485975,20.61648446312071,0
10,0.18088752823943344,99.19563708031521,0
9,0.16431421201304697,75.30863944413294,0
14,0.0872495160147069,96.19718697740709,0
16,0.2708413945206122,29.585116521204412,0
167,0.2789362587438505,16.45628766198204,1
145,0.12675731711864716,50.306846347883095,1
182,0.26818774156292086,49.466828222734335,1
200,0.12134517933626204,17.494651375798785,1
152,0.22367688123061305,73.32195695814102,1
58,0.14802324308884,36.17775344387341,1
77,0.04554911538708307,18.63652309305173,0
123,0.27910091835873624,33.19833945432884,1
113,0.14168801207948561,56.36586996350152,1
21,0.22300124169349705,72.64709321804432,0
157,0.11648040618507471,48.18908860574845,1
171,0.015475454787108052,52.55949898283735,0
31,0.03915380402063241,13.89459359427484,0
178,0.15390364905207807,91.46909247082321,1
173,0.2100896635666451,92.87241979920444,1
112,0.10707324470799091,68.34265904180037,1
119,0.21169165316151858,1.7631408934024706,1
148,0.21260432093526724,53.70742159033261,1
121,0.21414141312507093,62.92189720886135,1
31,0.15283133766594745,99.465422295811,0
118,0.27531698353523615,99.60669551947969,1
38,0.15186699021437852,85.76112353255574,0
11,0.14057690611402507,6.383099202611353,0
174,0.06782043751308182,95.32763907787299,0
17,0.09921997533333758,61.26612471519991,0
148,0.022277002830307972,80.08867704791794,0
140,0.19372523514868936,40.719284968585356,1
148,0.08207536573885693,31.96694712345898,0
125,0.09820502380078487,46.3244145483808,0
135,0.23353621128265314,14.687451296882692,1
45,0.10489414311682162,35.7066138753306,0
103,0.08023680868381122,85.76174997682786,0
134,0.059026747248774665,3.795048626088149,0
150,0.2347089366327672,15.087804682460447,1
85,0.047614814817107796,12.511615964948552,0
149,0.14158859047260253,40.307554270022806,1
88,0.15700973366238638,99.69869008908617,1
21,0.20934307467885724,17.33579302113827,0
91,0.19365220987656867,14.548264959926016,1
28,0.24510899515410067,91.50557297761544,0
12,0.022977915838609062,88.20505169659657,0
1,0.09596781018602518,3.224036999655444,0
28,0.09123889444486012,75.1705960179315,0
179,0.05234490262171138,65.54657014764295,0
26,0.0938616936183685,76.7740809852709,0
49,0.09983194110144199,49.45024547959221,0
94,0.1613464939589687,99.13792184482956,1
150,0.20247429888861426,4.384701871096319,1
87,0.12051914894742607,23.437158640380574,1
43,0.21864636708088053,39.65459869736151,0
21,0.10748794818807818,44.97779415657032,0
170,0.09418226642128048,92.13674026995187,0
164,0.16694453619853705,56.000436407725886,1
188,0.016877744488679278,4.511099552039388,0
96,0.03313884585386011,40.78629634256619,0
183,0.13121116764009283,41.64904123690699,1
2,0.28344468630360936,96.54909384377848,0
190,0.21923841615459286,59.919709102110815,1
117,0.035556705155161746,63.56510711589388,0
18,0.25543222370645335,71.32530312512708,0
22,0.22236722347637247,77.00393156821232,0
156,0.1871744924537694,63.50510702024892,1
29,0.24788495857666143,23.71943511339355,0
38,0.12719185584545756,87.40459143411641,0
107,0.07423530474761729,73.21198004106301,0
110,0.1584867828415402,74.18704850969559,1
24,0.16916410912210741,99.65567392347492,0
127,0.1661146478828745,80.2526534863316,1
110,0.17387139952923053,82.91514031551532,1
135,0.2851244262893624,95.14055157101583,1
105,0.2716512306979071,15.113399984889387,1
185,0.26395794060209243,49.772737647806785,1
143,0.24241087516350188,58.05670235907876,1
71,0.28359415110693276,32.927572922245766,1
128,0.03856344608702694,83.94033438945056,0
107,0.08688574581926445,76.24196216457234,0
4,0.1535662242398296,72.08830745081241,0
2,0.2554950030057875,99.71494397581668,0
192,0.15649805634159242,25.938137340839052,1
131,0.2269300744090607,73.54572516754213,1
103,0.0502983725221857,55.14044749059006,0
63,0.08320000576320244,31.298918249387608,0
105,0.222215067560925,16.058687072312583,1
97,0.05777286257743997,89.58838370675471,0
9,0.11189322104992874,59.54554827078453,0
148,0.0868112147659357,82.49338376407947,0
127,0.11145989132451875,54.53449840015448,1
45,0.21541397423261138,21.997708065401955,0
154,0.11667568253141228,33.75488131003252,1
65,0.17102636355630266,38.153884247354654,1
168,0.0389802443457788,97.29348125037023,0
111,0.24345513103804206,0.56332783813825,1
12,0.1172677014379562,98.5666023024507,0
136,0.1980749061196693,98.04616351098306,1
163,0.22036298448193145,99.61507905301366,1
85,0.0708016674123931,47.658817891963466,0
89,0.2665557456364715,96.38089696209995,1
57,0.18870503296601635,39.559918184982735,1
53,0.13433029110792963,2.629444066838671,1
11,0.06287720323768366,22.434718637176452,0
13,0.28326727199134993,94.52962449373847,0
120,0.22896977919817127,1.376469333539998,1
161,0.07032712319264217,54.599413542297505,0
180,0.1079361246700251,7.560158889467905,1
120,0.24480553484554124,28.63965784275785,1
19,0.21174652233244828,8.809285071188667,0
74,0.23207744488756005,85.95286211130563,1
143,0.1379483196417504,59.10707096477058,1
69,0.21777811616622839,90.21064657183129,1
55,0.12208317963053496,68.83531995402284,1
100,0.07126624591207696,97.10291312450997,0
185,0.1934763401039944,50.98776547604066,1
131,0.2930440384236503,63.871058176287455,1
110,0.10007428170464558,57.63088198890566,1
124,0.1436811817416365,48.426042944661276,1
131,0.20546039761025753,84.59593654230126,1
19,0.16703682181552149,64.45251356703602,0
137,0.25459406075562424,80.13122648554727,1
23,0.2309053848761596,78.63639366024132,0
153,0.026906189120083537,19.10451606552953,0
36,0.29954215783789445,65.01635325176437,0
53,0.2281967115786455,19.96480191813341,1
102,0.2605319617252928,58.332047824377085,1
148,0.19884733650765044,67.74346844463005,1
37,0.25832268713356105,99.72350715875868,0
173,0.04259106272932573,3.054197814973836,0
3,0.11084397231220151,9.124239411372093,0
187,0.26416207364530286,7.702669637123149,1
56,0.06848001126739874,39.836128626674004,0
172,0.03269020858820659,82.15883614858137,0
19,0.2385544925841135,84.40563327871357,0
16,0.2522909851365559,73.69795957211517,0
118,0.05716914327507117,89.68782418299477,0
70,0.2577603350069875,32.28599441694525,1
3,0.20916266072317918,8.815464425229912,0
13,0.16082397813280933,5.8153027989850115,0
2,0.25077255590660164,85.21327196193863,0
79,0.13158228230250008,73.04362943536913,1
185,0.06625824730478519,69.8615306011121,0
54,0.09260727621707794,33.967633854566884,0
131,0.1564975653050613,37.99051886182262,1
119,0.16408592987522097,95.81135288993192,1
23,0.24361843966795774,6.380474409793502,0
161,0.23949228985917698,77.37317369377926,1
157,0.1785963015893267,30.963332370839314,1
81,0.23642779017598814,3.9054618412556086,1
146,0.06561430290516458,74.25701107424561,0
158,0.02451871285705536,33.09118856783746,0
187,0.26335380856406304,72.21475187427966,1
59,0.03191080319120317,70.765438311812,0
146,0.0815396446257592,53.47868754331151,0
48,0.21164249539107152,77.73731292105488,0
62,0.12873990191191964,58.103832417124345,1
109,0.2641310512754975,28.66368528482607,1
149,0.09641414045205815,73.4115301064419,0
151,0.013442690534114196,58.913981587772355,0
108,0.09719013576261579,1.2727281689920544,0
75,0.17764176426360118,90.16441777703093,1
29,0.11902212886695505,54.56436183243134,0
57,0.16511309917003902,86.86272654795317,1
116,0.26421345446215544,88.27368389822446,1
158,0.2746206657268069,44.49666567350885,1
99,0.0871324787496925,50.765999645123095,0
191,0.14402073724827122,41.57543876756019,1
18,0.16925176442002085,44.94367753080455,0
175,0.28524261249759164,89.51471589717278,1
172,0.29959902255767157,78.8144013967911,1
93,0.07826810216404272,12.652567631557798,0
182,0.22082416269028646,61.03077815400959,1
112,0.11962900804762658,99.59066403863423,1
182,0.012351377097001836,59.555070123248576,0
145,0.012683231506411683,78.58716255931056,0
62,0.14356414219305416,76.9061473381171,1
115,0.15161712477125705,35.03175258723286,1
112,0.016545212006298368,37.18493027039589,0
46,0.20920895086454772,72.40764217904032,0
56,0.0952609826925364,49.99835316048351,0
117,0.17236899944542533,57.0570709130388,1
44,0.09726653121797144,71.29057903648376,0
160,0.05846895131209908,77.75750270390502,0
144,0.12808038419367382,27.151657773307136,1
197,0.07735927578924522,14.679375943696293,0
3,0.16509228330655873,29.179464672372525,0
147,0.06766027378307918,50.753832509207555,0
46,0.15743773322694185,34.21413172970391,0
142,0.05563976931197159,56.83627588475938,0
197,0.20458266575087763,5.346572412562844,1
46,0.22864192848801296,50.97504116137672,0
77,0.0420143279324808,36.79849069377079,0
123,0.14566269949082836,53.46667548928824,1
74,0.030552793189913337,42.253335488497676,0
102,0.18347290920718068,28.422585063754248,1
136,0.08667724639959715,90.41079054576358,0
89,0.16301109248322526,18.47649884213569,1
143,0.16006369272144444,68.13655755805597,1
68,0.2780627603962021,92.4644712582414,1
60,0.16923413454492964,53.86699596854331,1
137,0.17906955911831154,87.6408488579482,1
49,0.12647940647167027,12.485147843328438,0
2,0.28523308492301686,49.37887702564081,0
106,0.2353839137374868,45.70252804809394,1
112,0.09276753418782405,0.8118807036994857,0
93,0.25482077987510726,44.325734135933445,1
117,0.13539494445367609,36.90297563825978,1
197,0.2503134716247422,66.97987277746154,1
80,0.24863753980511558,93.83297785765185,1
108,0.06477235416122777,8.579108826203651,0
50,0.2133309281012373,32.74763867146231,0
146,0.094286461098894,44.40647373942519,0
169,0.09627287429787378,45.51853780343833,0
34,0.0959409422953684,77.48097208422537,0
45,0.22041479179238496,44.33956658334408,0
153,0.07664955211983546,2.7161301453653364,0
68,0.010262692221366165,71.01040945928312,0
92,0.2174186875099636,88.48296951456717,1
63,0.05964357571218633,51.39047125496729,0
164,0.04029989463927205,58.11085216985054,0
48,0.07887967497227742,16.29364389690461,0
148,0.12017115147358415,22.064594467895702,1
73,0.1480128349672282,23.517023912461177,1
191,0.022925311806662938,43.07419748812953,0
4,0.2914662664619345,92.8145220895642,0
99,0.21765828549167185,52.1784766714886,1
69,0.10372627894405748,19.209764520135263,1
89,0.10242220461276522,26.608773586894962,1
3,0.14007733931685323,38.401502972718426,0
125,0.19161099860127956,62.325897569279945,1
38,0.05244818931080065,44.00331530040054,0
162,0.06478964599183618,39.24448441769249,0
128,0.25923602902172976,56.47286003989947,1
23,0.08431392792783103,24.183499495446547,0
56,0.12025654941280146,7.8903272584582185,1
99,0.26266883677553393,2.4414314822222116,1
69,0.20231287052594854,25.125916346712707,1
40,0.1090964450090896,9.159203414446871,0
181,0.20827286826014002,33.63406385207668,1
173,0.015708132460609977,77.29335403597555,0
59,0.2233363714032959,71.62943304868384,1
107,0.15123465174970946,61.09276227880288,1
187,0.24582282271249375,85.25002438794787,1
56,0.2868449190818758,28.20676245442767,1
30,0.2784786793534248,88.50537530299657,0
83,0.27368686260204883,39.923916966917915,1
151,0.15852928722082726,40.08933182666266,1
35,0.11444121310029202,40.53516136255215,0
157,0.1448602441718951,9.809436624098144,1
151,0.2100698409608746,97.54904983310557,1
107,0.26635935529264415,13.85067778251592,1
105,0.07002602787003466,34.088572446918455,0
157,0.27627601595389384,31.930032032675715,1
85,0.24640226727126782,7.467943281670964,1
134,0.293868244401688,15.226013011187668,1
162,0.26527301425168925,4.485833618538582,1
182,0.09118182561065293,29.240449356051347,0
13,0.04072721428977383,86.66569240289064,0
119,0.0425499108775607,33.94422057373845,0
137,0.09445476238770006,12.369183206737922,0
79,0.18811327995551638,64.5693868383918,1
143,0.24325289456818003,99.66009120549106,1
181,0.27078258902465374,23.232378953192757,1
105,0.19088848146707751,27.957100537056945,1
69,0.011633080696935581,97.18470542807886,0
43,0.06403186519037471,17.877628755048715,0
72,0.0389205991174767,51.12140674591639,0
44,0.1153640979150129,23.965213301609488,0
183,0.15539178815378632,93.23518979012438,1
106,0.022585181787782647,98.1521014576294,0
83,0.11105861298074003,81.46978461200153,1
81,0.061962105641343544,31.478381581281056,0
106,0.19765034821507343,40.3487475280505,1
184,0.1446389871040586,24.230568366642135,1
20,0.15364211761083355,89.07579670089915,0
195,0.13403061852970372,91.45582776881581,1
177,0.28724571604110444,41.887066224604716,1
160,0.07227318628525334,65.65330699030018,0
6,0.15983263535472356,16.555317977469386,0
69,0.2234450368259474,43.493590036340905,1
126,0.17148487980902313,63.149910667349765,1
142,0.2794160568578723,38.54031185180196,1
159,0.11961082313597239,35.75995256864599,1
147,0.14446598367422162,0.09989922669426665,1
142,0.03567147141227124,80.42934637771141,0
175,0.18660974220505927,88.93376120214482,1
198,0.09358147084995073,96.94635295458322,0
148,0.056489621459514965,71.92713850692155,0
169,0.16791407494230734,54.87923123698846,1
153,0.1643699763801741,26.92845198087094,1
119,0.032002775954973785,99.92994759634985,0
127,0.2124824815133971,58.97528545321056,1
141,0.19089393528874732,68.11540723304462,1
56,0.06481501199648418,68.24061619553177,0
164,0.14613611002467272,84.52517957571814,1
57,0.21889364577878237,0.967253884691921,1
20,0.1635363647569702,22.02469404313718,0
81,0.12469183209323535,66.5534000170014,1
68,0.10347815284347364,89.51457368245677,1
130,0.18701422132677553,68.53387819213562,1
86,0.28234152250996974,41.34912914936801,1
164,0.2048060037384702,36.15554958702616,1
48,0.031676312054531496,73.79480082833204,0
146,0.1435986423098188,74.12376971371934,1
114,0.268338998138082,60.70579925056904,1
88,0.03739410348231519,29.146702409733706,0
84,0.2967739565198875,92.51548183905436,1
127,0.2852301241571722,55.18799421186391,1
139,0.032699599411664,79.04923562483306,0
188,0.2806898629303709,21.430826216183164,1
168,0.11530845117524403,34.40407886147278,1
160,0.2549656584520001,87.45795163873424,1
177,0.13133116793684874,5.010702993996841,1
116,0.1378479826837296,51.23153112566621,1
195,0.19393049638348736,48.170547984400905,1
126,0.23459845159003517,75.12301889080821,1
70,0.019798853774992103,28.18937705993324,0
85,0.18201523870286893,21.906682185959948,1
32,0.06415256828823758,92.61328387732337,0
80,0.11032536018032885,57.17096519584648,1
151,0.11091091318501277,10.46895682836545,1
60,0.14602749866413456,19.303616221432108,1
60,0.10689955944409027,99.88260595142484,1
97,0.041134724350693645,19.560899625219243,0
27,0.05223233417238091,61.047551135367875,0
185,0.019697015812718325,42.01280789956181,0
42,0.14637223474533875,88.55990948498354,0
168,0.28678983150736664,75.51685922953277,1
166,0.0435458148579538,59.69513962618158,0
85,0.2844167029708938,1.0738981797982494,1
176,0.22267483927230713,87.97952074934597,1
16,0.19487465285090733,44.466747083871624,0
97,0.19713054904383323,93.15776530185765,1
197,0.2497510180349218,49.553901285420125,1
197,0.0410067606701482,69.42244891827255,0
97,0.1563787538340071,6.929264946664215,1
64,0.21215643009561996,74.51516535267858,1
73,0.18017792907133345,33.79960313119229,1
84,0.2515059305967554,35.135901433178084,1
4,0.03095879561329193,11.865584470938995,0
1,0.21030330145475812,14.685714864020227,0
21,0.16486804181156814,18.575905620621015,0
111,0.11995665055418357,32.82061685714224,1
56,0.10867974484786894,89.19699127756054,1
65,0.19004146350451592,36.82602382300805,1
73,0.2683886586468368,72.43627065632184,1
97,0.15389101856932344,8.27475038898714,1
143,0.24916971758230683,59.10987992719926,1
111,0.12662535073475056,48.189123127043956,1
178,0.039694394210021196,97.79579469545045,0
124,0.027836663573005176,84.62077698789629,0
166,0.024886967683866494,45.48297724386497,0
85,0.12024354116772427,77.51427640453387,1
75,0.1077989477423942,19.303874129377753,1
87,0.21820173685054514,56.23363273917781,1
167,0.2254182354596111,7.461905556870818,1
37,0.02474765096178455,34.80890322516831,0
187,0.07412574623781433,22.58621816221703,0
58,0.0895359365460809,71.8909815325211,0
137,0.16880747540141472,49.00906912143614,1
98,0.051909414933015575,75.10704788480105,0
191,0.04884295362600011,51.52954376314456,0
62,0.28369877787030784,8.648444215163853,1
48,0.24321884311635647,73.53676497325267,0
191,0.062389921606439386,83.32292639878057,0
31,0.12790466429259237,90.35312259127926,0
134,0.113130379784694,57.199194530670816,1
20,0.2393911814789681,75.3585358999495,0
19,0.1579617457786554,75.20443368826271,0
153,0.047076423728105436,15.574975979894434,0
126,0.22430769831531072,16.422068745957073,1
67,0.12509751368522648,7.088550580912612,1
109,0.08624803181332263,31.991363514030148,0
115,0.11889460038600883,47.350858774106456,1
142,0.15434940344599993,99.78978527542169,1
119,0.10950349976093272,43.099334206816955,1
78,0.08015267405160977,72.62425885073709,0
115,0.1255655883531543,69.33970262725346,1
91,0.01556014411747049,20.44819502505796,0
13,0.23402437536793103,5.850715144943641,0
154,0.05957401913459988,54.60067515335874,0
124,0.0227323379528848,70.03055923144761,0
167,0.19957262094247297,99.8251790186256,1
57,0.23444147735886495,35.861105228117076,1
27,0.24601044816192452,89.63645620810968,0
25,0.15311766297157398,38.19324558691864,0
112,0.06955677356009574,68.94117084305128,0
190,0.22379602640244975,59.825293051705195,1
65,0.21291679237475777,5.297879330259692,1
152,0.08141851288992023,7.83884269702585,0
130,0.27198824920021,2.0764089724460977,1
199,0.04026772284402041,37.083408459398946,0
43,0.29497958948148445,74.58010487660107,0
96,0.2594718651834647,17.275539399072272,1
41,0.2094906071889318,60.58529683838958,0
5,0.28223746760115154,28.882778003107788,0
166,0.21947023881387526,79.6992623979072,1
179,0.06523252913871332,79.8396149002991,0
22,0.1382252800527154,77.54145149664235,0
88,0.030735877056174254,52.48335138013768,0
122,0.12300065246355345,28.456671007985168,1
177,0.2250648757237905,80.94440438786346,1
170,0.12206857176993703,18.61005619392415,1
146,0.10578531088575888,28.975960202865604,1
196,0.18265315952799044,18.39477061606216,1
50,0.2629393134096795,67.42101603876478,0
10,0.023799125838372605,68.6236028115818,0
11,0.12178642606292325,65.25099927867531,0
73,0.055889815126426184,41.56014668646678,0
7,0.2116527327122422,10.017100720143324,0
151,0.04066012252502911,91.11695845150211,0
40,0.20279424998827092,50.77309640122382,0
163,0.09299245253139311,40.69721949110915,0
84,0.06768587598379516,58.88248932482932,0
71,0.28154224176924575,19.27904358191058,1
54,0.015372127256327202,13.254877910487439,0
136,0.136955408847975,40.552522145794356,1
46,0.016271827813920198,22.722069409991054,0
142,0.15024198395025543,24.429029453716456,1
175,0.1553037395603813,89.25114877785293,1
103,0.10328211670447662,53.07591771858249,1
41,0.048326915482256864,48.34690643233511,0
59,0.11915238594299783,68.94795937285974,1
197,0.20495625258044414,95.15481136767396,1
11,0.23689478450689314,11.219856447056408,0
129,0.16391767469256127,83.35345671092573,1
6,0.18105197438752912,58.40191798678459,0
79,0.06817874762614927,14.616535381183727,0
130,0.09332579663601832,29.714931868899164,0
108,0.05694972691518394,48.23614164647395,0
2,0.08229565150133727,69.1177144577423,0
26,0.0752171662654042,24.260701695345222,0
113,0.16064014805345891,53.487881546758985,1
106,0.17317973917931154,68.46716274158618,1
39,0.2840347520382363,44.87407508475062,0
160,0.06671548765944169,86.30259611201758,0
128,0.1960859559468338,86.94591028404044,1
7,0.24700518800638163,47.069121764044574,0
100,0.17247002449708523,97.29257104088997,1
159,0.08395105922531194,7.558509240544731,0
123,0.08613956670580006,0.3362378322936621,0
175,0.021383385390589975,38.0668263803919,0
106,0.09857882569905968,60.10970613725093,0
100,0.22593506691098023,62.920015744966086,1
3,0.023780149590062007,47.64457362938286,0
197,0.07359563192640088,12.488331324064617,0
109,0.21480742457421675,17.049752178789422,1
18,0.2369689532186342,85.21479838520092,0
31,0.14204233891795923,86.79111317392612,0
136,0.21244155815880816,67.38985378607202,1
11,0.12250612890991867,66.42179722788823,0
138,0.05637484105699698,59.76821280278075,0
45,0.1254633531216429,20.292588570198824,0
118,0.17819066785891144,42.82507002599032,1
15,0.2849354517373382,69.58946514633787,0
128,0.02993777610571642,53.72522720033387,0
62,0.15714428721503856,1.858033405509918,1
108,0.10538673568111005,95.35568067200984,1
118,0.1574103913402414,84.48160525721434,1
20,0.016952879739194186,26.054501410973785,0
157,0.10077735286345857,61.64589351662961,1
12,0.24776176278283144,92.32393837281877,0
161,0.17064310281784487,9.601101211365137,1
3,0.14066892291667404,50.30294807967006,0
155,0.09280227079744847,45.62430258462945,0
101,0.0964323316094932,41.02050052835323,0
58,0.12109941574126948,83.5588608892925,1
127,0.2523155058897225,38.06461466974574,1
26,0.2904918299743978,6.36633332410076,0
68,0.13721006059160862,6.58377421643025,1
24,0.12407232323685093,4.274460652460899,0
130,0.2554997249877602,40.914542187403725,1
96,0.13380254298452804,71.84062776983599,1
195,0.17008526996573883,20.372246193051545,1
24,0.07697308273363587,64.64685204315495,0
147,0.2256157353759318,68.70884721037042,1
161,0.16427661229852675,25.520212401559796,1
153,0.24462001956969906,60.05576560606293,1
125,0.23641249170831422,68.48683400268473,1
132,0.07235138279830827,46.66136228021257,0
188,0.21753430966175108,33.67165972800951,1
8,0.2420157783058977,61.915155157432736,0
115,0.11037109982689457,97.7847087328057,1
177,0.060056642741659616,42.684140936897805,0
133,0.010763325118080572,39.17350962851211,0
59,0.14076205939701297,46.426690242611336,1
171,0.11220549214626405,7.621839344504822,1
120,0.1709238518093686,55.316327967139,1
138,0.06453191685074787,32.869738721726364,0
193,0.2593030088232778,12.142212233126248,1
174,0.0847490125321518,46.62567411173734,0
107,0.07566458547541849,0.33839865739774266,0
107,0.14940707638046322,40.17852451627589,1
200,0.15466679688583954,10.57352679264505,1
130,0.07237471634767692,2.429270339978029,0
75,0.08883961075051557,82.4475046244502,0
29,0.05921451935502103,91.62488032826349,0
20,0.21835345171371837,20.767464835910665,0
155,0.23332581906368374,53.929826383426125,1
189,0.14407526426319195,27.79581571309849,1
160,0.21708523657865506,49.35774386721822,1
162,0.2234212636618592,43.663132089416024,1
179,0.050099903026564495,26.905105508048564,0
33,0.29019162720201563,70.03935796352977,0
40,0.24809926465796497,12.649095932025423,0
50,0.06930020374678882,5.307278217136712,0
174,0.06398786036636037,76.76754330372792,0
81,0.046441732218079,66.59300312206798,0
57,0.05012978313715633,49.85261241463979,0
74,0.2269669217183219,46.77897704725416,1
184,0.14619973451597082,49.74113794914262,1
22,0.23705091009456147,43.70240760986729,0
175,0.22641391936155958,39.289229583117915,1
127,0.18533768691651425,49.969060288612035,1
149,0.20904631590781705,52.851517115976044,1
16,0.01532316006995112,69.1902314083621,0
68,0.10041551757345636,71.12071607340226,1
107,0.19496843198522895,37.762908014014464,1
138,0.012710036511010818,41.354052274348874,0
93,0.01956331366795209,37.3697169736223,0
14,0.2570475149164111,53.653577362571035,0
90,0.20836720989070082,45.33535379141953,1
162,0.08695722260489974,88.95964631361936,0
32,0.20950922363442562,69.63612669164726,0
124,0.23981243405038635,89.86563837544456,1
15,0.09897034210192936,70.91369915594255,0
161,0.020450839474764358,97.09921485238141,0
65,0.280505946159443,63.57367782552691,1
167,0.11010215310573283,96.35501381630547,1
155,0.040879711352564845,15.816989040942609,0
46,0.15263849270401275,5.247768082940385,0
166,0.2328556607425988,57.91251852038592,1
197,0.07427772123909214,98.34932057997749,0
200,0.08815211453867536,41.76052473023968,0
147,0.0803873461715891,21.20433621929596,0
123,0.29758518532118666,52.154144919351396,1
0,0.06724708278185733,64.87986245788886,0
199,0.17690086292017596,31.517869551588895,1
86,0.27832674608051966,71.47693584992595,1
127,0.052600004974555976,97.51145070457258,0
190,0.29154771738163304,89.69631217106169,1
66,0.28476839797473114,29.158537351219525,1
3,0.2665258762468961,32.67236831445983,0
185,0.07222139118570065,37.15412244495886,0
152,0.19387596624318515,39.455277839364534,1
46,0.23065852715875965,10.031949919327943,0
37,0.29594809917696463,76.19628388892893,0
142,0.06232290840359742,36.533926361070044,0
190,0.23214751086059596,87.98199767054523,1
20,0.10825233927886274,92.69406231201087,0
56,0.060931675014720674,2.443130930768811,0
116,0.13219931295201792,98.85030699282062,1
180,0.24021241452309874,71.00227315001845,1
45,0.14480644307417512,52.03922259929623,0
141,0.16588169905888406,38.952760837255326,1
144,0.29859622895803517,51.85181326097129,1
38,0.12574169687165354,32.462472397844444,0
136,0.18846621886567955,62.268781369654825,1
98,0.11592081846845782,9.298027644479124,1
76,0.12390783743532442,62.11226029118102,1
114,0.21173581849916834,27.53448501384441,1
133,0.2819872230675162,1.7634829052346368,1
150,0.16728409564277322,55.270576616287755,1
186,0.23283597939514614,57.84477558526964,1
90,0.035869902056919506,42.656900471153605,0
97,0.07123583085525881,7.228623255031685,0
119,0.1556181758666644,89.33429528041916,1
45,0.01580339985234469,61.14308072278889,0
37,0.08332794384114205,11.571329956896959,0
141,0.1600463740492402,51.09305765941477,1
99,0.014338747494327207,49.725431594847144,0
71,0.08671842300555209,6.040186879292698,0
189,0.15906893764800215,60.685970360294746,1
34,0.17621328191456123,80.83263989215645,0
146,0.2784679909860386,74.90080542484782,1
29,0.19715023074267626,20.296941416418335,0
77,0.13027338273369818,86.22925295542115,1
83,0.27980184136858965,34.25421656593509,1
112,0.23761606518246034,94.65083782919413,1
24,0.0680025871226968,7.174796422571372,0
167,0.04794428479115773,48.62086885198427,0
87,0.20598537436539255,59.712437717754916,1
13,0.1723661180173253,24.765009847460473,0
153,0.23900534799989914,77.13801887202277,1
101,0.22425346452281908,62.689567981071704,1
149,0.19131134481867937,1.8109437287955554,1
175,0.29605082977237873,60.836859069623586,1
82,0.16474102173201852,49.14782344184464,1
109,0.04280066938549875,19.602920170350767,0
178,0.2501993337966366,99.57482270595295,1
130,0.0830374750802556,89.71621948276149,0
169,0.2354176229617363,29.250769502906348,1
18,0.2875610578400149,54.10709207986163,0
200,0.21207069904965895,31.650213991029077,1
27,0.18284874667544232,77.54957516360781,0
172,0.14351199094576178,93.0331433196455,1
70,0.11567886113866693,35.88286069143835,1
62,0.1123713777818325,80.55842491436275,1
72,0.19454808465578127,49.840754271320485,1
123,0.22786920391194632,39.65785613115773,1
118,0.20676995015048016,93.84218520987699,1
120,0.06753892934613319,51.040468871903144,0
18,0.15325628224161245,46.74105002574649,0
174,0.23957562093308826,67.2434401962343,1
141,0.14795418267482632,26.123420101828444,1
119,0.16562075112329322,32.479287078831575,1
165,0.2336294539695384,93.20458362386226,1
180,0.20176693881687652,67.85298454369423,1
60,0.12871002705589385,82.66371477710057,1
163,0.2696696862463235,27.111176193542963,1
167,0.05714444991240879,54.379018992987206,0
29,0.29869977009119414,97.13962669894983,0
8,0.044467247758108785,31.87038990282176,0
63,0.014335491620229282,16.047647631704187,0
160,0.26810548133314177,51.088600822466404,1
119,0.08103651742612726,38.78210887248762,0
51,0.22161289195954906,15.957723278671354,1
88,0.2451944587303001,88.8551382703368,1
141,0.25910605339931386,99.07239105537778,1
52,0.2975623283426083,56.858218068999776,1
186,0.09527151591159971,77.4676768373454,0
77,0.21597056915890514,85.90383695462995,1
40,0.043465958901440185,70.09820060218269,0
195,0.1279746944934863,4.415604911173121,1
67,0.2559117910606512,15.76342317168178,1
7,0.1166208333571414,7.098919115138647,0
1,0.18141766035532808,0.987960664205656,0
104,0.15609429868014388,30.599640875723654,1
124,0.19732594402249307,39.235596048155976,1
109,0.29213937292243153,24.10297323359257,1
85,0.026163302685406613,6.460464808632094,0
168,0.17644884007547262,52.98630908366776,1
119,0.2602783459825826,27.331931995714164,1
126,0.14960098640704397,79.60371548635624,1
182,0.03277288392305611,0.8052621625281198,0
15,0.17255641220086357,84.25270512876104,0
61,0.10630142833890792,95.47536789459569,1
112,0.05493311774800141,71.61350631535696,0
175,0.25622000885220714,73.36440652625666,1
157,0.16126385876742527,93.35623116027332,1
11,0.28065015958992934,20.907128530034914,0
34,0.24374478633489002,99.45655682085767,0
10,0.21096182019436352,77.34812033785418,0
63,0.01145739597594046,72.65707083277937,0
49,0.13406880242509248,36.109057899529276,0
148,0.06727102167908937,54.57774854056105,0
68,0.27413139420417165,65.3917788273347,1
47,0.060629355556144474,62.03428613172159,0
19,0.09295741498119278,70.49846384775807,0
100,0.15988266264300474,8.238173907841063,1
194,0.08637544950944297,35.56484328316968,0
171,0.07086075641094514,43.40000165954771,0
160,0.1837388042797982,26.062929787496646,1
200,0.035789561598956916,17.262727026922377,0
188,0.026868650029068165,13.892747991286281,0
136,0.1179511356039607,36.63833922565851,1
67,0.21899269180728007,49.34417005625659,1
34,0.17089395989944492,6.297644014666071,0
64,0.13263417585536585,94.64580945905496,1
7,0.1740679536251289,76.52433228607583,0
44,0.11598093054944933,73.08517731854666,0
86,0.28148243727531275,17.286052498872696,1
174,0.025922418364124553,60.3800768012189,0
167,0.2052835289186522,52.972494680866745,1
75,0.26847197280004764,98.24688457866938,1
181,0.24312656553322348,74.76717700801579,1
75,0.06337190009821955,57.57618837162312,0
173,0.09581864120428361,85.08126664701223,0
46,0.21794390222506035,15.509427086070948,0
14,0.034438462162422,1.5216529690977199,0
104,0.24543989295144936,69.02333334145231,1
146,0.2184830139353892,9.831146023723747,1
25,0.22158592827824933,11.54336399835092,0
51,0.0390699973776015,74.46807264245305,0
92,0.21815055799670693,27.05348441339891,1
149,0.2071472563137913,62.86312155688929,1
20,0.25096752233833663,91.74069260927484,0
50,0.022062827314376157,31.647453163785833,0
37,0.016702093855659735,21.714415783991882,0
19,0.1181720589647826,10.656288374105172,0
156,0.05314860231625433,13.046236141972612,0
178,0.17193149849536435,6.222269537884273,1
131,0.27603118143695715,8.764237882974014,1
54,0.12352912179686455,43.20045888091539,1
198,0.2550356094090552,32.08650450239697,1
91,0.010069853610181277,70.6560814322998,0
27,0.05886924660316342,87.02416582470019,0
3,0.01882282649968483,78.47732031423843,0
149,0.10516268234936989,53.06372566656522,1
75,0.2733749827519858,10.244211623265343,1
172,0.038116115843706444,70.97672839415536,0
66,0.1858588352557021,36.28287247268736,1
85,0.1409338223446388,8.565039391541019,1
193,0.2821557815860856,84.24664072126257,1
161,0.045530551335757216,33.82165171825056,0
90,0.07148807664564638,21.824883251157136,0
182,0.01856717089733305,87.14520646188431,0
104,0.1358412223930984,90.2133868447005,1
0,0.09057154087374973,33.89708371915599,0
71,0.26227272082819303,35.48014192813734,1
86,0.18543283582734896,57.96285275831441,1
165,0.18808631401295348,73.34414938106582,1
5,0.1642541020955777,6.314920190686346,0
152,0.03663659779646829,59.334365718847174,0
144,0.13905541828035303,95.28200617835816,1
60,0.2998565050154698,26.209389717995368,1
11,0.25221649434534427,90.88272140969337,0
5,0.2691031257084636,95.01683407630937,0
26,0.24873564418148483,26.915364097108974,0
135,0.03988209109498498,75.42018658853506,0
123,0.07595999367879189,23.877500831956,0
105,0.010905278893358792,73.76111617321327,0
192,0.09801793621465231,79.74199712888259,0
184,0.04149614668048285,24.720570371064944,0
92,0.14711007013745908,71.5869543583235,1
108,0.20636697168643156,81.21045388640898,1
98,0.26360653556104235,35.857887210691175,1
167,0.22727297787636047,16.770277598972694,1
141,0.2821898227757665,9.196456731751358,1
34,0.025630504214198747,57.53817036099419,0
175,0.013532152270797017,97.80981193157132,0
83,0.20178805301250166,82.29503200222162,1
55,0.0939121989644514,43.58396389345528,0
176,0.0835152946706742,53.66209028549586,0
140,0.10595725543120033,27.952788541181896,1
188,0.0882408567887856,16.306586736006356,0
48,0.15831655782746032,48.208115823227324,0
45,0.1376430496949984,46.35015661671852,0
112,0.15860427989923034,52.19299528037602,1
189,0.2050869473351265,95.28045855639408,1
135,0.12226784760163299,60.389530014477224,1
42,0.08287922927122546,60.577183662237374,0
147,0.058198155674536185,12.802476286107678,0
123,0.1113474946644614,99.64888661768204,1
96,0.2251238778213899,77.28449442346685,1
89,0.22944442393232617,87.72033440940048,1
38,0.20340256213842098,41.430041183099405,0
84,0.07786817083899363,50.21280957856249,0
176,0.18054501129786232,52.20838091622765,1
191,0.1755000018572859,19.409453928960517,1
61,0.15043719745182038,68.94891563269572,1
105,0.16949390605132061,90.29767236174567,1
106,0.15261928346086373,16.370581813841902,1
53,0.17398234616149139,8.63182734861645,1
125,0.21749672684012733,73.82189055403423,1
8,0.041792176376997524,27.320183167298207,0
87,0.22739146812321687,62.386254161732936,1
36,0.04940698353700232,69.57583379921807,0
48,0.029322119539008665,32.19107635818218,0
40,0.2930631090042256,81.51445974257844,0
16,0.287527612972428,54.99889821142169,0
87,0.027526598032763576,86.89994079518027,0
20,0.13854349802773902,76.32935525589475,0
50,0.06401103210693466,86.85756320374539,0
58,0.15075002016898123,2.016138211789409,1
166,0.2507514004698803,24.350626073859473,1
182,0.28567741467543817,9.000794044593864,1
40,0.19393326950094583,44.20830171893492,0
38,0.11263264349142693,88.99601216153182,0
140,0.18496441403693353,46.75402622668692,1
191,0.10048037877145059,84.97130445803941,1
10,0.2738488558412975,32.717823801931786,0
146,0.2624161343006927,33.95700728052524,1
138,0.17188720758110168,89.55617303268775,1
76,0.10419168546030455,42.58171465117015,1
126,0.09508300591906371,78.97654877946664,0
45,0.019691218464467246,23.664354788190135,0
44,0.24658804679733562,94.88008296776354,0
0,0.14061113178131232,57.45782465305711,0
167,0.10428854923607667,75.93235685784019,1
107,0.14662200294934863,8.95156997948855,1
18,0.24743401723184907,49.26642258305287,0
75,0.04613812023518114,90.10384977340232,0
71,0.2587202365901299,87.70386290433045,1
199,0.2702775621814226,4.681395723422755,1
188,0.2845452953598276,30.369846912894673,1
108,0.12527151780256204,44.33200064790801,1
11,0.07297071717092483,17.226481435578822,0
188,0.11835583735534255,72.99983109899703,1
160,0.10654450790710694,18.451199559871156,1
44,0.061084634625829415,34.663969436988616,0
89,0.1861073343294315,66.32806368578183,1
102,0.14822100654750237,48.20893445244799,1
196,0.26105328777396103,73.85710386348939,1
7,0.019311778339796894,96.12079012228597,0
152,0.19672169899098663,11.654668771519749,1
90,0.23125517476835272,70.95677163980609,1
173,0.23025110506460902,23.034415563211454,1
86,0.26696145045770225,41.44767274075692,1
157,0.22141978542055327,3.2862725795139824,1
174,0.27906491787783194,13.590738229269894,1
176,0.1064704139480585,31.977728904889968,1
174,0.15593073085794748,34.198580528798495,1
83,0.014083102352038296,89.95852164620958,0
81,0.012017700317954452,74.18129092665151,0
145,0.07963671993094076,97.2182968187041,0
193,0.039234087170334726,59.90715103352405,0
67,0.08546129670136854,24.171373209131797,0
160,0.061342555413235245,32.765502992164286,0
126,0.01827080720320799,31.983592329196707,0
163,0.27369820245775434,32.64943276632516,1
81,0.012384708102778542,67.29641731118157,0
146,0.22346382185775476,53.08079280904162,1
155,0.054122887206659795,38.54241780866443,0
167,0.274546590379884,14.90897687287166,1
83,0.26891082248106685,2.2139162942145907,1
112,0.19963133244708461,21.88346775876926,1
75,0.20494790344217548,10.747140396868126,1
121,0.011548351171209677,78.54450308522394,0
142,0.2956127541729446,11.249795781388539,1
40,0.26457145503698615,72.42282373068362,0
166,0.2695808054617267,38.56586897760826,1
1,0.20118091574475286,7.337838974377597,0
190,0.10998820930981558,81.27300494315858,1
28,0.2691581082362394,57.963057023661335,0
104,0.09453990916384578,23.576151286357305,0
193,0.1731863475692388,89.4681174332668,1
50,0.03892198197972589,4.525831387055145,0
74,0.27736713273849756,20.18196081977629,1
9,0.050823432753651865,75.2046927805861,0
141,0.0752200736618181,70.93779303098891,0
50,0.17185890585718233,28.927169372447803,0
117,0.23158697006176465,6.202487535278312,1
200,0.18961187872152668,85.80780722249438,1
120,0.07731883471204527,31.369763806990257,0
38,0.010273482332972197,19.571341492826523,0
27,0.22957366828915737,51.60618223609771,0
2,0.2957101245142172,91.02271992824473,0
83,0.2448748048887662,4.354657784337535,1
197,0.14345991926541846,76.58040880308877,1
154,0.2720925058057409,57.24732279387089,1
116,0.1288558252043215,42.54491165518169,1
1,0.1622308844306056,74.40804441050601,0
92,0.14836763254474813,96.58244244416323,1
165,0.13981092307300225,22.920621116269103,1
130,0.23480532309523267,14.364736507211962,1
143,0.16276298310815268,91.2881745222697,1
93,0.10184796538731265,66.89530774573036,1
39,0.0848658686209587,43.798602156196594,0
1,0.020946721920555682,57.32595702642831,0
80,0.17912659694608332,74.5613905176244,1
168,0.07668881046629991,77.30318987057171,0
11,0.052958837384751094,91.98941808189646,0
162,0.19961068951002653,42.684278889562265,1
64,0.20755068476824917,29.3410910019395,1
54,0.22812491875472313,63.96642667898419,1
44,0.15603729993819154,41.57278992795304,0
100,0.2692758355091271,59.45984539489779,1
61,0.28153939848548604,41.99857984559502,1
48,0.24413757253982193,15.299578667817448,0
126,0.1943221097823743,46.94267516589584,1
152,0.09807907654144471,69.09178219410327,0
22,0.2950540272698641,79.92838076676499,0
151,0.08949948848566211,49.332627679654685,0
37,0.068770507377225,16.52378902104009,0
27,0.138224692998109,41.46877096494316,0
20,0.026483765506592656,78.62939288416982,0
181,0.29376339475481933,41.285927061707284,1
106,0.1806457313607632,69.65307936042223,1
145,0.17151610658261082,50.721368167808976,1
163,0.20018092117091876,24.12231251093967,1
98,0.1541368578553899,79.61505080230744,1
172,0.01929841995741706,8.421345407068703,0
118,0.18757027376371505,52.48902827551506,1
72,0.21769042431736488,20.889103424340494,1
180,0.1308572275809754,6.706562854137566,1
121,0.22961571590064594,50.293393708324885,1
29,0.07583037680814197,49.95621559349236,0
187,0.07417021140919336,70.69009016757208,0
107,0.05681092642939645,74.47506930519049,0
97,0.11787848033885692,72.77914886928968,1
31,0.2556334902628342,40.9558732916755,0
194,0.25009449802322864,63.168978722656256,1
194,0.1210190203094161,57.69452426439603,1
155,0.1808444334342686,42.15617561169196,1
171,0.21903673177772554,59.72126941859932,1
78,0.07994996464212666,94.72478767062626,0
40,0.05876091490947665,19.289374368137736,0
62,0.29190783803157017,90.57720957855263,1
22,0.18909162083078937,5.345551398319836,0
103,0.2946105593317625,30.838921290166066,1
74,0.10794923626834643,28.814524861152822,1
47,0.21387919299249813,62.63651078809057,0
159,0.07455505459695892,13.122495177729032,0
56,0.08574804966943474,88.23476118397538,0
117,0.15845161516819095,82.85514084650413,1
99,0.10268925639734064,65.20658196852777,1
123,0.05861025351376949,45.841383179219775,0
160,0.08623540357690453,93.29560421420784,0
151,0.020367034395100743,83.0746554720556,0
166,0.2142828502284711,49.93151480812449,1
33,0.15271383055489987,70.18733544543112,0
183,0.03733048925731243,56.69299521796846,0
155,0.05979125800726245,58.794223838826454,0
164,0.039735016052666765,33.097606943747124,0
6,0.18765191440000417,46.208460462489676,0
195,0.0373210054476232,7.812143078974421,0
164,0.22874187658021267,35.73486916645925,1
55,0.01594816660291344,69.5828515362152,0
64,0.0823189785188087,95.32160305061863,0
192,0.26829333600865307,96.30641127630203,1
46,0.21837408225545135,55.57228691248917,0
147,0.03116081654844944,60.66222518095821,0
18,0.24812657030070212,18.57211855009675,0
156,0.15298018524665938,69.53081080935307,1
187,0.25556707787896044,7.065879267438624,1
145,0.18421453459061407,28.468568579944453,1
162,0.207731579289529,66.83633472854422,1
170,0.29811545251475535,31.03101315434893,1
125,0.07737730831796526,4.984687411445432,0
138,0.1909442166808026,83.18704093509638,1
48,0.1434932031166455,31.033000713456303,0
112,0.021441066347580515,6.310522485867843,0
37,0.01419648603583086,7.478816450286518,0
63,0.04457628756717901,25.175879878875364,0
68,0.19823660475617896,17.801594722152625,1
135,0.17447729549488375,77.43001177801509,1
161,0.17049457273748095,32.168404666703445,1
175,0.019238461133195425,80.46957850398326,0
115,0.14609786894440205,17.38459978231528,1
183,0.27814061717433325,49.28791795440838,1
64,0.1253016421000875,68.80371335531288,1
30,0.19122751623865233,65.19908538658548,0
131,0.23614741593071162,60.112940993026875,1
112,0.2373383309511474,92.48216019311698,1
108,0.16059122389462868,22.852514770674436,1
177,0.2588060641666775,49.37192044621054,1
68,0.12349964707548661,88.39925500724087,1
157,0.26772103228759153,7.789376559515704,1
119,0.07966587825470813,5.588826825307525,0
87,0.09126275802726559,23.33022875582914,0
186,0.02540498101771032,63.30212195380185,0
66,0.24071873259726204,25.98796264498069,1
74,0.1309460185074846,19.023988380879896,1
44,0.07644381803430571,45.88023153582921,0
3,0.07721918050880809,61.35980687694115,0
153,0.2714059829564776,24.85577070167404,1
154,0.25183581413370065,30.069118672374206,1
173,0.17052395675358314,61.35593048115139,1
106,0.1886721321205591,94.57384219894527,1
191,0.1475544154595844,67.47417274380882,1
50,0.12358329743485456,78.29041435845599,0
49,0.2754882955533161,36.68100947554688,0
5,0.0464276840208876,27.22543593844661,0
58,0.13134956901770609,45.426774320262254,1
124,0.10992295331648384,80.71328287116737,1
142,0.15446370887283303,45.629964179055584,1
29,0.14271324361810078,84.6725408789861,0
169,0.1604779641788136,98.8771980695127,1
121,0.05057650339582829,7.202666573033634,0
124,0.15881103543885036,4.541015608370369,1
36,0.08030145602729115,14.958970291336183,0
169,0.06345609120657546,38.43696757343462,0
123,0.028801923447995453,13.104220914543241,0
100,0.23116924203928085,87.0664477618756,1
34,0.1339581570484024,2.31462510270638,0
86,0.19172666816040992,31.579271633582252,1
133,0.22100206955837556,18.469462949420535,1
195,0.20700183294093052,93.15393301575324,1
17,0.14644520853600787,66.9481004890028,0
200,0.12249057339600164,91.20302564513744,1
112,0.11902837379579247,97.23287103103934,1
28,0.19561415110971633,49.70982436773692,0
76,0.15349036293314328,23.431910804802627,1
58,0.25624835191666806,19.372878619658927,1
174,0.2636635754547465,22.291886168584053,1
125,0.059462509621890355,70.85933076220029,0
144,0.049507758948260434,4.044572812300073,0
108,0.19281626855043985,5.136107303271487,1
21,0.09735546693806102,60.814294238315,0
67,0.015385508441878668,64.20571467374066,0
68,0.267706374115257,66.52629243224601,1
164,0.07580122250070438,37.188050458859124,0
48,0.27949138898888465,80.59448887141531,0
140,0.21805599075469356,53.36245877266176,1
161,0.23116951207433045,10.546563000941944,1
108,0.06842383378001651,79.70993070673453,0
85,0.07791638342887573,95.30677862704583,0
52,0.16116764860897906,6.003631300235868,1
122,0.059908957268460024,39.13513387005799,0
86,0.09857519087807935,48.751604483474765,0
178,0.10322411860486329,14.647076007831695,1
130,0.05629268064330158,86.77089477828771,0
41,0.06950302168459661,28.4149644890044,0
97,0.2386800341823944,78.300853993816,1
159,0.058486797818707824,67.0994482028316,0
108,0.01825264363473752,59.804582246702346,0
50,0.19251293336239214,19.21428486965544,0
84,0.2930351046238105,22.07035205509057,1
173,0.1060520062407052,4.734840474656932,1
126,0.044410153926913165,24.071242978226636,0
20,0.17541232435658394,34.54436094605141,0
43,0.2728427212177374,83.31453038624254,0
138,0.23737791615025886,36.63926667148053,1
102,0.19052960183968765,75.46217827656065,1
67,0.1013663840162038,43.944228129548755,1
128,0.1671452502501038,78.48683119938885,1
91,0.036461003978234055,97.62716004370398,0
190,0.2068941730413943,23.98415580575801,1
23,0.22027784548031873,86.23416119638762,0
124,0.28985917064387645,62.18240863057747,1
140,0.08551523403607077,81.72942615886548,0
110,0.015352361522476567,65.15859022678052,0
97,0.16822645468387368,42.394950727415015,1
138,0.2149692462750762,22.807493944179036,1
178,0.23921816800606652,7.003522533116502,1
16,0.06618429057719506,53.5518364460717,0
98,0.08590833202073685,99.03260945268656,0
81,0.15865136832751595,73.80418050142062,1
103,0.10587423489130053,32.73455413990166,1
151,0.259548331110359,82.72048000867352,1
18,0.14739044458422887,76.89840001764065,0
164,0.24187780678958085,28.16357933534568,1
84,0.1783797305398826,1.4307489794234685,1
7,0.23419614106896247,11.81626385339496,0
27,0.1064751660937939,87.73061903120576,0
4,0.2511108203597902,83.65630353048718,0
144,0.08962597150979625,29.520900087836242,0
100,0.16836865432095433,28.51954262844204,1
163,0.07206206282042352,79.28649871024712,0
117,0.14790269127159608,93.7737469895422,1
146,0.10227081075752391,77.91372567975999,1
63,0.08734399488479212,60.55786770307615,0
90,0.29042565522813085,24.267135033180452,1
116,0.05642149059115188,52.574791409526064,0
97,0.23832449286264462,23.351185859326463,1
10,0.29540783825013234,80.80114200967736,0
53,0.01577143028462257,38.696107951773726,0
172,0.21271795007220753,83.36972169940262,1
46,0.08334442361132326,38.160921798272526,0
139,0.02174146905520829,82.41494051998913,0
148,0.12683797789742293,33.331781516524195,1
138,0.28121316494955373,44.013270461766986,1
4,0.013411877366429329,61.54884193426575,0
183,0.18048685065963668,7.028761402991868,1
19,0.15540497879264406,94.82070618154644,0
168,0.2632814076676038,57.36057861238032,1
45,0.03436049721098144,50.78200146908023,0
11,0.20764254866712858,83.93939711199121,0
69,0.2072318125456504,86.57627298968276,1
16,0.20403320489006213,52.2260404529016,0
114,0.2832770035311607,92.72623257936374,1
146,0.24869538341199532,6.4737766076480625,1
153,0.022172090610616743,11.322579225121753,0
47,0.14661402670430881,59.678823001444016,0
107,0.1254063862983867,35.40658617935837,1
51,0.09994269411633258,46.422516618919886,0
95,0.14088765029468822,32.80792178971665,1
69,0.12141631362853345,40.47253114449356,1
182,0.13537683096481296,82.26463471462995,1
101,0.2939859410265063,59.34761998543047,1
74,0.03570356267737842,99.73445492834982,0
160,0.2774469522532316,78.68791978209629,1
189,0.14926864690659775,27.366625410182664,1
150,0.19088525119486693,26.434511772669623,1
142,0.2507530603191312,33.58982701170071,1
154,0.1145342784532841,84.32594806477427,1
191,0.13482235334551038,2.72876506505656,1
178,0.12876035928082705,23.01812788712577,1
180,0.11867199653537035,90.4918420344267,1
81,0.27840350327759955,63.989643608325196,1
91,0.2503896684459735,22.68470955010564,1
178,0.04160999706026307,21.914496823258034,0
174,0.04135577221835785,86.26181017594305,0
3,0.13408215930736744,89.37575082770465,0
134,0.03861063925251462,25.613109096211527,0
108,0.1895369976286247,42.05103580765323,1
162,0.051670566105902836,83.45957386283172,0
47,0.1614882465503723,77.10074386098854,0
72,0.012093784631078148,81.39161065660845,0
71,0.10181294103966754,51.83981907879688,1
115,0.20638530986507006,91.15490483051731,1
172,0.15037129266607605,32.59515439544353,1
80,0.2936981509397065,15.667213434751803,1
80,0.2634901008592011,70.87323325648647,1
112,0.11413052592251384,53.935441600689636,1
95,0.023191097026959633,85.4585768809481,0
71,0.25523162703335545,8.115924912471495,1
146,0.2742579499912547,84.36924034380668,1
62,0.24798194409152066,29.32946532088222,1
37,0.04710548286673181,65.4855667168183,0
66,0.2993953889795634,4.012878907825579,1
186,0.0849894242503044,60.95812963036007,0
68,0.22001942471442731,71.7271689187336,1
12,0.27333011413735925,36.87502145056203,0
174,0.07834926315590572,21.541070526214025,0
188,0.27339498085634917,53.7630676603545,1
30,0.0997496579665114,83.31908044356466,0
113,0.2931598344913763,32.35473582966508,1
21,0.09156540591033763,25.246929752127954,0
92,0.2864963891797722,27.893530863768767,1
170,0.02552794875887572,94.91321529166645,0
66,0.21568888338424577,35.92769157645597,1
53,0.16431222881273108,0.3604239888287175,1
137,0.1485843523655919,78.16812079596197,1
41,0.07481335113419359,69.92747953353901,0
63,0.21462277903518265,12.856826460296888,1
125,0.06533475251942905,98.49042491349125,0
20,0.1703241208355828,60.80622853051112,0
193,0.08344115528167273,50.077949094060145,0
168,0.28713020013659324,38.2219267622891,1
151,0.018303046212339316,89.8672755563638,0
34,0.0679212012322586,24.39634814185633,0
183,0.08027007585235983,28.576890021990188,0
29,0.13007966947266675,12.24108066865669,0
56,0.07749177014231552,75.911909558426,0
46,0.15249123617794771,59.55492804058533,0
162,0.2630150017449763,60.90661692544983,1
18,0.21649839220865952,21.847043101946362,0
113,0.17818897435518222,65.11683891270839,1
7,0.0358109216149771,76.54584472468639,0
25,0.21125771143288993,35.78885307256893,0
112,0.05826014245017255,80.13471439617122,0
70,0.2380465419288924,34.879058853202096,1
29,0.08251645996794442,75.81384615092877,0
134,0.13094413121306125,3.3730107457718983,1
66,0.11163635867219908,55.11646014736527,1
64,0.25905603525570847,96.95265606398866,1
35,0.04669789302688836,98.12446006823907,0
24,0.17403701589158868,28.17525783417406,0
36,0.05119786673848804,44.139909108035546,0
0,0.21439079247833412,6.297790798663305,0
142,0.2724726570603995,87.33413076045997,1
36,0.1360362196215035,56.85721531402142,0
140,0.15154675547684301,38.5100678940517,1
135,0.27895262258000103,11.277055848915307,1
132,0.16108750270831357,94.67672854968892,1
187,0.15140354703437267,53.02190478209937,1
127,0.1777154397842482,28.292792908290387,1
200,0.20987662354525605,35.02151301315095,1
126,0.040996178775239096,27.069718092214767,0
0,0.24812205304503965,60.18098088569806,0
163,0.13629645796144518,92.99635757805099,1
34,0.0309810678702708,85.66938033265644,0
193,0.2379929740674818,46.03808754259775,1
190,0.11931549178901889,82.64993623010078,1
103,0.03910657357756564,42.310548127632984,0
22,0.19379592146754265,25.2307140758638,0
8,0.2652380924957561,98.34151152664279,0
33,0.267448517730056,30.388756797082184,0
173,0.2877224076946022,32.37242309869084,1
127,0.2616345833323395,98.96928677865222,1
3,0.010620866610187815,13.392749316565489,0
157,0.12026993825988315,76.0533988009695,1
101,0.24737734817259588,93.58127584827265,1
74,0.11621337173955751,51.17949942754186,1
98,0.18444906685011478,0.25217617028200356,1
71,0.18583191473861427,37.50589441131063,1
2,0.11585733817125868,11.156899238482708,0
141,0.2722974389115734,41.61876609336957,1
187,0.15593622016197412,79.00267616422848,1
172,0.14478741972187523,43.87115488838005,1
33,0.2992789862419498,43.192512134592256,0
44,0.15311510558105884,55.67894769188466,0
60,0.06173549305928851,58.16905847476802,0
82,0.15879013263039704,85.62963087989714,1
122,0.2460648533007797,30.83554392289515,1
101,0.2352894948005016,82.1671264368016,1
15,0.23868871188145657,56.59337486920472,0
65,0.21532689735939442,30.052954971714698,1
167,0.08372317042933958,29.51260440060771,0
144,0.2600043848936671,36.11375171057245,1
118,0.26909860495911686,62.269324261997546,1
161,0.06630428201937923,23.081173135994916,0
123,0.047832134599904236,92.03335616722674,0
143,0.2929254408908425,57.491258417790036,1
101,0.2618139494586067,92.00157769960067,1
187,0.26903848269088454,4.64043585791547,1
65,0.2670491515410746,34.26113704614734,1
193,0.16708917896978123,2.2807660687623077,1
12,0.1974565036330819,27.225181509796982,0
183,0.16815522711875608,86.20064722685882,1
110,0.02484984126519543,3.660971584220085,0
158,0.22619589475230406,43.614709991574486,1
33,0.15654628966740528,11.756707047322779,0
38,0.19783563168916662,41.68406592603677,0
194,0.15576554344290522,83.88515842643773,1
135,0.15262528347351223,62.30710334025191,1
119,0.05981884174855238,73.67563453314231,0
125,0.09082697739093319,34.910411544958095,0
54,0.05606728066374718,94.43976950101415,0
26,0.0667432257313493,70.92620937795002,0
117,0.2921634403218884,42.17988192845309,1
52,0.054402899273937544,42.64648002270549,0
38,0.08808842304851021,91.86841779432976,0
64,0.18127100074418964,57.64046934353918,1
144,0.18695178710862614,70.63792099030417,1
157,0.05465249762571043,41.70352245131708,0
180,0.24017805347771157,22.369276476471413,1
12,0.23770883169471924,72.35592919944186,0
20,0.07882213421912841,60.78237721413878,0
146,0.09371322777588352,50.134288042477934,0
52,0.2820164809832541,62.402093999446386,1
18,0.24944471933404863,20.828558606423364,0
56,0.2123611395881319,79.39387065319563,1
24,0.03384763423807415,94.81628050203058,0
30,0.13129658346174694,89.11031441677028,0
80,0.17219754290227984,32.14357453070171,1
182,0.0643492735152953,40.600577328207585,0
22,0.1399857088113851,80.84022997975612,0
31,0.18429750447172008,59.51171308246038,0
189,0.10493923723346577,54.79144436766492,1
73,0.23647399749564127,92.66419675334451,1
9,0.25373037867525355,53.60249609770508,0
199,0.1038467461358805,51.49386795873099,1
53,0.25321057480281256,4.201859126635965,1
51,0.04003720416987436,6.941695859013763,0
147,0.25294143860057033,0.7420307880650179,1
159,0.05429762518360881,91.32442257836337,0
113,0.034048874227820554,40.838666001770065,0
13,0.19611486728789326,46.856137613341254,0
177,0.14686183606903536,84.5386947592462,1
155,0.2732882741197215,60.92463103757779,1
109,0.11532486686634626,60.95015963905811,1
52,0.0932741563969123,29.653442935481245,0
151,0.1552131227818175,83.39083739245193,1
78,0.14222439387291178,16.58299760394938,1
21,0.10988413340298459,5.31495921729479,0
29,0.21118497662251529,19.160335751853232,0
190,0.2302729318350334,26.77372187745647,1
3,0.2573653510187396,28.231105785420674,0
58,0.2921284153659994,67.05135986187676,1
7,0.08733029571842628,21.782458732864352,0
11,0.21766710992208885,67.66583044949846,0
118,0.1243348882937661,9.113217323379974,1
158,0.20635377186582135,14.720246109790903,1
33,0.14803469020127388,50.8821448490995,0
81,0.2981941998027002,92.18958025766426,1
97,0.22138161937931747,85.9567588811114,1
126,0.2862224771259541,96.87534424428031,1
74,0.25214116934954384,65.04790652781709,1
104,0.2718412932373776,67.5814866416092,1
48,0.24618156719225573,62.50229989314921,0
78,0.1431561478090143,62.28189228581973,1
184,0.08301865147059646,14.712034506758464,0
92,0.11739285088065143,54.373895616392865,1
153,0.01586850746558563,38.606793345172576,0
17,0.16195801856475348,44.253721577729344,0
95,0.15646676207841853,52.36005730592373,1
37,0.16232263480084158,12.83961718022516,0
86,0.2924690552418985,35.948773385211986,1
87,0.27432166100190336,6.344956087660359,1
49,0.05689670571573132,97.9668130422399,0
7,0.11697593125120785,11.852802882012615,0
168,0.13294729204434594,25.85247385449545,1
133,0.11455454617697784,89.12929267033972,1
68,0.24156382944513477,48.27100462391418,1
171,0.1619709242616002,13.56372015206303,1
120,0.17590894692177125,38.42305380393489,1
63,0.2573739321064984,11.586799419138583,1
156,0.243719164490454,20.02159970845018,1
155,0.04834134161788691,5.202984694984503,0
138,0.21703522938425393,43.822749454909996,1
120,0.1362764773815903,80.66361217252597,1
64,0.09544818188812512,58.596917869989554,0
106,0.02450545806163404,60.63453054846117,0
146,0.15130237250018078,20.05840300832403,1
136,0.11307663741011409,34.38938432523665,1
154,0.08293878150615623,84.5242103840832,0
161,0.2114548015831177,8.785618432651454,1
171,0.23315076232152024,85.79306536685337,1
195,0.08098896051853319,48.36900262647856,0
99,0.024339756637010705,83.71474313251173,0
81,0.2561382831639181,31.800641939440034,1
142,0.012888324949247963,33.88429515830208,0
50,0.2817626232372269,75.16048683231428,0
140,0.19200976345498472,78.49961733922201,1
82,0.10333552420838286,22.964467799014677,1
176,0.08147859377725349,97.28713248219056,0
197,0.01261164263669782,8.449010424482895,0
111,0.07828671093315437,6.850296310213089,0
55,0.04994120743997092,59.55042152861027,0
178,0.18752820400971223,72.27407677716215,1
164,0.05829822069220238,96.08861292249739,0
144,0.1633026528856196,40.49457807988615,1
185,0.18113376247989654,2.5291408989633113,1
156,0.0964320925206052,60.2896339446407,0
160,0.020168835215428425,28.969602059877186,0
59,0.02080362537811687,43.29471211954022,0
119,0.017640726336236104,48.846948224993525,0
182,0.2243461534695984,6.451261073803383,1
137,0.10222281439614644,48.59817845641028,1
174,0.24092705393062244,42.631966680431475,1
22,0.13520251891442625,71.25442652865932,0
148,0.1413694492406895,64.56659112123447,1
12,0.15873595472777638,18.521571815056102,0
100,0.21677912234878013,20.613891821039697,1
160,0.08931583109061504,25.100617877437326,0
23,0.0452603313647228,17.89504402971773,0
107,0.17125662720552384,65.72131996684672,1
10,0.10482351074039438,99.44301792002706,0
16,0.13832248096373084,65.21083405159366,0
195,0.19761454541781856,60.66815461912912,1
174,0.1532964649309685,40.992793335107244,1
24,0.18988085695924442,31.25802588597607,0
93,0.16781800061295207,91.10737569064791,1
200,0.22454094786146875,96.9001874142153,1
20,0.21472161913636978,49.67761755877278,0
83,0.16491506862449956,29.020049550655745,1
139,0.206881876049315,77.01222076697677,1
36,0.26333228465905767,13.245679086687845,0
41,0.1353586734585689,76.55882376436816,0
144,0.12970129109715015,81.89483743113387,1
100,0.23163123004719022,12.490394462716736,1
47,0.17894061274217826,97.68614687965638,0
102,0.030591966264550678,98.55122903884784,0
27,0.2687124845504136,93.67194793273512,0
40,0.01892709964891564,49.60348094062643,0
98,0.2270349433008255,24.607414227682845,1
46,0.23005030138425073,58.2009280881913,0
145,0.2864022147317598,41.993383847143576,1
104,0.02569897843667302,20.59486447171971,0
123,0.18308848962750238,42.36764096178476,1
198,0.13407376548184535,66.38898356775906,1
12,0.10588355690926718,7.091331078599106,0
140,0.03619238248673118,33.34180014460165,0
99,0.17316969470467966,1.7794890012825193,1
30,0.14892181044563796,74.94955054616756,0
129,0.040320792863797035,64.06912676167008,0
15,0.18762195705815418,6.2672134701965865,0
136,0.22400640487335216,96.47375596019678,1
72,0.23251070730555798,2.2621557127100678,1
165,0.27255822459610396,58.99606464760886,1
53,0.12874651514774538,77.63674617990559,1
183,0.2863911029004197,78.7896313044723,1
99,0.2609745274739789,3.4285135593203786,1
108,0.09598545559694231,90.64151326404392,0
86,0.05619208083134296,91.84516719271222,0
172,0.13626292487712388,56.13903731543727,1
161,0.1265506253072303,48.20831988871461,1
136,0.17695859854604926,4.486746306259981,1
7,0.17918200737504691,56.195414250986865,0
6,0.22749622547019283,40.937908177023075,0
35,0.15786808497962695,77.2806407408656,0
17,0.040398565872822007,40.38835668860878,0
2,0.2589044873104007,68.35808333247098,0
27,0.09983172912370424,10.14081462375308,0
69,0.2916762634889117,13.295227076596694,1
171,0.04417943151713334,13.971019064915835,0
148,0.2878928399474259,4.552549979974351,1
27,0.03639342399592992,54.13288592698038,0
53,0.07700048000464724,79.39677260436359,0
181,0.02350818320509706,61.04112036936661,0
64,0.2144828125253085,57.495488555285625,1
99,0.25658663360581957,68.06239284027365,1
20,0.13588061372663432,33.96453230720148,0
12,0.2792714017623046,36.19540716482289,0
56,0.18118673080912387,31.427009822092256,1
48,0.19270206927949174,71.21089328535756,0
117,0.25517156849322326,16.16403356707743,1
53,0.09607205946503328,1.302528031292438,0
137,0.11273705918501147,59.61964467224924,1
52,0.27272605656644683,94.23813647342054,1
43,0.2712794138512415,60.940791699630466,0
46,0.29318000509825254,78.29216529408951,0
52,0.2715331117680846,67.27907094660301,1
73,0.046937890449674655,49.743665352301626,0
45,0.24888004297972632,71.8392401783846,0
12,0.12885315865178226,82.41041238552218,0
164,0.297332393224322,22.473164417169798,1
101,0.1469614796553523,33.61304804831455,1
23,0.17061246392564397,22.372573250328387,0
1,0.16363472542447158,45.2172955590441,0
80,0.10330373865890055,88.50645509166675,1
99,0.03175640577894627,34.52071008353323,0
141,0.26973885681655635,37.44668891305534,1
137,0.24277598563262318,86.03672346719318,1
162,0.05046276636230409,51.53743307446752,0
152,0.2352627986915211,53.54489996474344,1
130,0.1914955331546769,86.08012033322129,1
110,0.12865169849611047,49.052673702547324,1
101,0.08366613323771319,68.15575346293953,0
16,0.25932134721564737,8.564466587406072,0
11,0.21305459519527536,17.86317131268853,0
181,0.1688445737460497,40.43762007162456,1
115,0.18677487483055458,49.483906781987486,1
23,0.03640919280383248,96.57337012362295,0
28,0.14743673066424565,97.065163304779,0
170,0.06617308490785358,85.11970874787616,0
152,0.07043126691255935,31.559883528557453,0
121,0.20177814906319133,96.40282908324397,1
187,0.27426428403194353,68.93408646762126,1
89,0.12708941703872048,39.29401278174004,1
64,0.0702472891735352,70.16749169847664,0
83,0.1981366117986297,1.652272978652658,1
118,0.26264424344159215,14.615468227421358,1
155,0.22701245232552233,82.96857115563677,1
15,0.26193959685561025,64.55736368731712,0
174,0.1656008545931318,36.419470129188404,1
103,0.22804411086706536,50.06666402227188,1
91,0.050618722214091576,90.5142149645767,0
185,0.11099963845532552,63.15781094790866,1
26,0.1229692576996415,39.81492839343302,0
180,0.15827576641135002,12.0326657397535,1
169,0.2794321444744789,29.3746801625561,1
186,0.26354600246443055,97.83402327965834,1
174,0.049012392763863516,43.73630628517775,0
161,0.060108999045914324,47.183946384486084,0
164,0.11371575938078428,49.85980323970154,1
133,0.09431572110829542,88.41040229482111,0
134,0.18828357641531607,60.39282843853099,1
152,0.271805053851718,69.36770364519221,1
32,0.28906454708505014,38.9413542549104,0
54,0.19954485623521567,2.908761858897435,1
185,0.25306616840631513,93.09729142428444,1
6,0.16230863806693116,94.91276809164064,0
56,0.07041481458941151,94.91530533480511,0
125,0.16215963950710843,94.36870866467166,1
11,0.17097395441691882,81.5241941069561,0
15,0.2253126936219314,68.45960501163269,0
42,0.07376606701513123,84.45099182672855,0
116,0.11681001080515219,60.05462390010362,1
134,0.11556796607222422,13.436961389202363,1
110,0.2882374827649378,39.1218165041421,1
50,0.13874403849474848,97.12949119729375,0
200,0.22897725051646248,35.113781359565635,1
159,0.22773530059858732,86.78279137313694,1
74,0.08700781359293999,9.321147077486957,0
7,0.1758422099178023,33.41838423754696,0
199,0.26934783906240795,35.09533247273796,1
44,0.14780733864251533,5.160254310898016,0
58,0.28408407712933836,11.909433018675497,1
131,0.07219288650400685,19.3165211121771,0
103,0.03150614067446891,83.7815590810113,0
194,0.2685216232119773,6.340198993980639,1
156,0.2558275474090428,29.87009013443872,1
156,0.29785106402081496,1.0175002589267512,1
97,0.20702411155260356,69.56277454030247,1
155,0.2816394987334733,62.03030900433798,1
78,0.24981521727439213,64.49822620531418,1
123,0.25488363660482516,37.43827847146187,1
171,0.1750510554317378,20.826782126756903,1
3,0.12088573339584613,72.03202132860334,0
89,0.28102184103755173,81.11178727406951,1
103,0.13531398092860938,13.860149809820177,1
136,0.16625761650240403,48.682942793742136,1
118,0.13937314906630444,24.87156819788625,1
132,0.17379731104845716,16.810686120613372,1
55,0.14644647290777488,73.43253134949991,1
95,0.023910591988048003,53.8096935472837,0
177,0.2657939739422326,21.618533237866778,1
74,0.13887420748557325,31.000001121154508,1
142,0.18079365806713113,96.66536713277424,1
31,0.05036446279981624,84.86795647085566,0
27,0.01098247591496535,87.99467428731283,0
21,0.08113412715665645,46.0012097080708,0
16,0.21432994931867155,62.3807263920875,0
58,0.03876641373273479,37.67677402044116,0
89,0.27357735771207564,7.771197568889054,1
198,0.07235654511329352,40.10693106567825,0
105,0.06933214814461498,59.39807532071447,0
184,0.0626373088702337,28.71442707681314,0
25,0.014054696761695776,84.79505747274158,0
24,0.23382358585868804,15.110015917459862,0
137,0.263760014061125,36.71290894369199,1
44,0.18810718375869767,12.490390532420292,0
82,0.06457799468716006,40.48321339852253,0
10,0.09273061911285511,3.966130497427045,0
180,0.14801874223583936,27.254939506164543,1
199,0.28676032597075723,40.073525511368366,1
103,0.0817318978271454,47.816536327669155,0
67,0.22217731213676753,54.36963584751419,1
94,0.1374399847549469,27.499112978991892,1
155,0.09637573102440632,52.30413346148723,0
64,0.142215621736413,50.90046215620598,1
48,0.03064994808695743,31.617805087620845,0
174,0.2416193375698051,83.02003306564782,1
51,0.08055755911506046,54.56411265935651,0
101,0.22036951572596142,33.226971874654495,1
181,0.029821027719976467,94.73385120807765,0
187,0.28697858128804893,84.51124130711611,1
56,0.0659743457676526,98.25878115518009,0
46,0.26599520210005334,69.22338746454207,0
158,0.244747230788476,37.822290550604684,1
173,0.2906793779836106,28.086066667901232,1
25,0.14858829167426738,66.3317843674481,0
113,0.22094521521532595,98.08165824953036,1
4,0.11750609054095737,62.67150801038488,0
83,0.0634667890257112,88.16149409898382,0
51,0.13849202055070015,32.910343104776864,1
104,0.058067214462651916,40.69537824742556,0
53,0.29479294060805133,90.62752395893533,1
160,0.03791148243080775,75.68667019578189,0
177,0.1808713998012599,98.14103203679058,1
165,0.19167451802367622,77.4764209732242,1
154,0.16604306743347572,44.85157072182317,1
14,0.20203390685643172,53.106801982236306,0
60,0.043692424753448374,90.05154924631367,0
121,0.1709553720195344,55.164673609804794,1
20,0.09329164562693483,25.53973741644452,0
45,0.2826510583573064,43.56198127699494,0
196,0.23100077949752046,51.63159888491179,1
133,0.29202919982632536,9.671983355112957,1
37,0.02089126022465497,74.37626742528903,0
61,0.0926886208024055,10.9353933354973,0
85,0.0666725501251212,40.49177133688057,0
189,0.013234830320430845,80.46224415404045,0
77,0.0802744617714332,46.757036161329694,0
45,0.20684503522092437,84.20155197185079,0
140,0.07701578741902487,34.188132205611495,0
2,0.15761099918995927,95.76362939984354,0
5,0.2674672533398496,20.946843180523555,0
92,0.21118979690123182,3.8264144989301307,1
7,0.12444243027274926,87.24265429904186,0
171,0.1180159922845114,75.22027159504083,1
107,0.14216338606246057,23.198383706737282,1
160,0.06134201790737285,98.47416071366739,0
74,0.19386022255063654,50.228012926852784,1
76,0.11560431754033558,95.10654401441634,1
49,0.25718595128599264,50.50287713869993,0
10,0.22940027141676672,47.1874586771291,0
94,0.18704881758672642,44.9138537144465,1
155,0.11561864456835964,33.48752761329502,1
69,0.07088023118531046,53.37014971765517,0
168,0.23508404059063062,45.25546619485679,1
15,0.1510586387074151,3.6746876623554137,0
67,0.07517751107143367,26.043523342350248,0
98,0.0666006383616018,21.31228001055584,0
47,0.05796626230539412,86.74356023210666,0
183,0.23537674689962254,59.88699772268414,1
63,0.07640628373709038,76.36831004497274,0
186,0.16272625642230729,95.68260377492805,1
89,0.14094844468218637,64.403927252641,1
189,0.17808716077620232,98.26099914047444,1
75,0.2643749211076463,31.176405165212962,1
138,0.2616467431237019,18.626718231289384,1
100,0.1408120608292093,40.33098879929115,1
88,0.014456212713069759,47.079941493580804,0
17,0.13366870365714792,89.5361542852585,0
18,0.1857961258530007,55.99404390366763,0
54,0.17175178013843792,29.2180999418017,1
101,0.1988874706820596,74.26342828675209,1
117,0.05468196241719421,50.58319371390709,0
153,0.19749517864641244,16.213194527517018,1
133,0.06296896943569394,57.681978759125215,0
3,0.22765195440205718,91.1394536807284,0
107,0.10833540784617719,84.26226174758202,1
114,0.21586967568062151,58.68099726353311,1
28,0.023881023682771056,37.70831738849881,0
58,0.12827940742136487,8.697875106421115,1
124,0.21446001145636648,46.964892333162375,1
97,0.07579244973613329,75.20794375295792,0
16,0.24063324299119454,36.02737197330106,0
106,0.19292612260043027,23.54468255516644,1
42,0.1803929139234415,93.13797192709534,0
79,0.11252916771925775,82.15557004579924,1
193,0.1499109264105241,63.82756194201447,1
161,0.1832312972835774,13.678334392051939,1
7,0.14701401303531822,14.490884040617303,0
140,0.21251086394276242,10.321959145577896,1
105,0.13577211060101826,61.62966668927432,1
7,0.0686592227051888,11.5562796473336,0
95,0.07204079701230369,84.2627198862633,0
93,0.011683092964452918,99.29650018193222,0
64,0.097277737512015,36.63481847086653,0
170,0.22718611573877068,45.36698469670974,1
38,0.24030718556290676,71.16671769856787,0
80,0.0687155872077675,93.71530063257659,0
186,0.28812275909270824,89.40937735563851,1
83,0.15569681010923675,5.759182874984859,1
87,0.27592383721536573,16.9071802556765,1
85,0.21496193173987302,75.45971985577923,1
92,0.2195056926764998,68.88931080324473,1
85,0.03466265017876063,13.321859404012326,0
43,0.07379742680010988,50.20645820015677,0
136,0.012556301655397064,78.08146310852956,0
164,0.21767701573825388,21.878068226269363,1
73,0.10988710364426789,87.12876357346663,1
35,0.23812922966214056,5.297177482036797,0
100,0.1082915037817376,78.21950850680739,1
155,0.2476067881666697,61.58188997898703,1
169,0.04790249358701077,31.519934665434914,0
170,0.060278215459677376,72.09325483419113,0
169,0.10885419647934157,78.23657951511596,1
103,0.12846134277585924,93.38989713039693,1
65,0.11112381514446372,36.77746721542636,1
54,0.23145763943173375,68.6016735979955,1
199,0.03811590386174726,60.26162769346909,0
175,0.11185293569516153,52.52060694570885,1
90,0.2527995998594832,89.04164741550379,1
21,0.029371152406029874,0.31673141384003234,0
100,0.28327961722469364,28.211160610359766,1
154,0.2960318842588837,53.827723954483005,1
120,0.035684770409273224,17.829326163655235,0
92,0.09446903145416372,90.78665337327583,0
194,0.11799619315025327,64.75951176130154,1
107,0.23515349690929055,47.78829946319899,1
140,0.1828187755138528,81.47017590666546,1
172,0.19686605314284453,45.088619146510375,1
9,0.22967784861736673,55.865301193000946,0
8,0.04421390983673746,0.27509955539209985,0
181,0.25163074250397605,36.570053019507355,1
154,0.21462974321224176,13.879047235096975,1
33,0.1774291003069474,68.9688680662291,0
128,0.2680232470870864,47.90269589757338,1
159,0.21308884262630406,30.17575572502308,1
88,0.06849298916299737,46.78323393717424,0
92,0.13462616051194334,20.962988795134617,1
70,0.15327243141136265,92.50866324861406,1
66,0.026013111757617634,5.3972632550913,0
147,0.2868448788744162,86.54170352961204,1
116,0.04728740563109476,51.135878873335095,0
93,0.2122637674957508,61.894649613881725,1
162,0.15680700046635523,30.26056209087038,1
98,0.01743335246648255,96.66976167943213,0
112,0.2781767680006649,28.185095851948983,1
102,0.2570326745574906,58.88779971403043,1
90,0.1620347990921123,99.34167051071289,1
89,0.07639327748043911,88.10943963834458,0
16,0.04527063829722733,53.632982528610604,0
17,0.1153838190353167,99.03745229672121,0
172,0.08407420150336624,70.13698617326146,0
115,0.15694044829182663,20.870041614180934,1
92,0.2902586958757944,40.55962104358064,1
180,0.17673651303659602,33.4493334011551,1
90,0.2680800062081284,34.40137082711892,1
81,0.1987548628737754,76.04564393598663,1
67,0.14782149271028813,58.42629272727936,1
192,0.25783619319267764,3.809271158952854,1
113,0.1466967519501693,87.74484836509761,1
0,0.2619021694480047,29.679614048016457,0
57,0.09455726317697193,99.70748769131437,0
153,0.047355791391266555,95.41907303347857,0
108,0.2580411946652521,94.05307166819652,1
147,0.18035039749987336,81.11276040639737,1
115,0.2678367954921984,22.06133316835426,1
86,0.2819698900277911,53.2632744028782,1
9,0.025552233207720258,22.43026268249746,0
58,0.15528109753907182,25.967545558894923,1
40,0.11873971923161347,61.095176943627735,0
104,0.19149893515033398,4.083354535306338,1
132,0.2401414471886738,96.94585668207077,1
121,0.09137116263256699,91.86731725779644,0
192,0.17147153146821978,38.076757215771984,1
144,0.21553128817242087,51.54224480069131,1
21,0.04898501402236286,46.6119419267759,0
97,0.24607940272586737,88.21997786174698,1
168,0.18577178395736219,68.8601876316111,1
67,0.285365856762959,27.811124742435645,1
196,0.10846338654790104,44.68412544652969,1
138,0.04136232327778761,42.89659756867638,0
55,0.15688534830070833,95.93351682839186,1
178,0.034885123795737265,17.531091051463964,0
148,0.291162691763962,8.957633729442904,1
98,0.021218637894585543,88.06188321616902,0
75,0.2285161313211193,89.66859895058708,1
25,0.16227969546125076,87.17390879121648,0
114,0.1168999892245037,51.09769156255564,1
146,0.02909422770750985,65.97444282694605,0
108,0.19042840801034625,56.336304756098386,1
187,0.17971389552337702,6.944782605440092,1
198,0.09145614918960392,59.58348969007224,0
46,0.2739642934089905,1.3614147256100884,0
70,0.09819190212942269,32.49874095570861,0
153,0.14042036907171077,93.22925758731671,1
39,0.16769111221641014,30.404526963580757,0
132,0.039067244671122964,93.98266426442478,0
148,0.28032689857195336,25.013395714924425,1
131,0.11861548421080191,31.456224046153245,1
22,0.033425972023559646,62.840749643855354,0
105,0.12231444036584567,76.16269727892949,1
83,0.1840587386568484,50.13877680048841,1
142,0.15895927482818556,88.21156871941554,1
115,0.21141717247080946,4.024042161061924,1
108,0.026090343199694083,92.21948386343706,0
135,0.09251677697889626,19.6307799895408,0
40,0.24757686728362965,88.42387450846559,0
111,0.03316916945949465,40.08631794863805,0
146,0.25809092686182766,83.27570558710377,1
111,0.03664986670236081,67.16655498036951,0
102,0.2519917223185919,17.59416324782621,1
45,0.11462863631283073,91.80475698814485,0
155,0.1875406283445926,24.551739048845967,1
67,0.05433726353791947,24.41401186949991,0
121,0.029188929300302445,81.41788966373805,0
14,0.07262207916583917,10.587325557252104,0
164,0.047077607193521706,22.203590637046034,0
128,0.1005977103270932,50.36775734210623,1
194,0.15917114148819586,83.04770286866243,1
110,0.18074024443385275,14.74839747372675,1
23,0.23906175114012543,54.766823451234636,0
26,0.200309569042024,71.12405918029395,0
39,0.18653991428757036,86.05952247159513,0
190,0.12941678797087464,93.55655602022196,1
188,0.14740444613844023,78.46399144689325,1
163,0.13021104052315252,65.28283982220019,1
23,0.2542281487178011,43.36200853127659,0
23,0.07670013123903595,11.211015418841964,0
3,0.01165907014716974,70.97371925255213,0
66,0.19888277019560938,99.27373044754869,1
33,0.0687140332552611,73.67605947320999,0
184,0.26813338952984467,1.671109373772628,1
176,0.25912343561493023,49.625997804183875,1
180,0.03225093785917971,61.464663248290385,0
115,0.04085263757008243,68.96742011028431,0
22,0.15359976175153323,71.97258356007086,0
108,0.18667457220311284,55.8108441216524,1
68,0.0897234178698498,22.33603327342403,0
94,0.21787133784281748,94.22006614765466,1
180,0.18252564606647273,69.66664676636618,1
61,0.10419899182708085,23.684003686940947,1
168,0.01735773153227152,32.23218322702729,0
56,0.22754358157657012,92.19276706303697,1
187,0.07227856308927398,88.74851867073357,0
53,0.2519973856041622,40.51464383580896,1
69,0.131884175415734,3.830722199145098,1
100,0.17735245836321198,4.849736889393819,1
56,0.26315513181861055,28.391829091838904,1
137,0.2604506702667865,62.91222193389995,1
167,0.11774067682063623,58.41946353345618,1
134,0.0705777788873045,63.38277869439427,0
102,0.23479236254129246,71.72829719321066,1
165,0.13559325904461805,1.9032253592738413,1
84,0.06569217813211117,10.508559517244286,0
60,0.27228334927197356,35.94834518272126,1
2,0.06745021632991534,15.485999752158175,0
127,0.01748407877545701,7.5320042544554155,0
178,0.015881192392551792,64.09643959973319,0
85,0.19047145337173663,81.5336477491099,1
46,0.2018857676080838,75.26266574342824,0
195,0.10020209446652532,81.70397786091792,1
75,0.10280318688164837,66.58565440578772,1
37,0.10845323536738338,73.53453218142022,0
163,0.20724597856007482,27.177877420830132,1
168,0.02685879939778029,99.30080362841643,0
196,0.2794437422804844,18.316565449388712,1
140,0.07453110281145946,21.44938743893825,0
86,0.29990522952020676,28.892183181584684,1
57,0.059741581198284224,97.53324301065788,0
49,0.23374847262058945,98.82885893539061,0
29,0.07478963802959125,79.48937497064975,0
189,0.03344557247654365,62.905759855963375,0
100,0.26373066406168816,52.00625751846134,1
24,0.25903786516535865,97.06208456868457,0
111,0.12703541381038438,69.56228028582476,1
154,0.21369488133672376,94.47301283260302,1
178,0.17154912047833595,31.65507994776239,1
184,0.25735727296538713,33.37747922695657,1
125,0.10136623110240978,85.47245941184356,1
122,0.1618649959997057,14.985492058529438,1
46,0.15075798764931964,94.59278612960757,0
117,0.11263268961448902,50.747435466340754,1
38,0.2685219687213479,92.64138785836977,0
15,0.05810459815213529,33.67927887258131,0
21,0.05335750546100188,71.5958904139397,0
53,0.1773037652435979,48.28751219726897,1
148,0.20067332669563318,62.680363024547304,1
199,0.0664395837541239,50.437249313915224,0
15,0.12330805825384099,96.71156173713614,0
58,0.28450351446383565,69.21053978139172,1
30,0.08151905258029545,25.131896862631542,0
169,0.20382460361404428,90.96769219050846,1
31,0.22464332417230132,29.402973815510435,0
186,0.13995732284489626,37.16050993008563,1
161,0.28188253616027903,10.212369802021337,1
8,0.22363045321344924,89.99665197961907,0
138,0.14279812815966036,28.6112023227863,1
9,0.17510720851506725,25.891761793138237,0
16,0.2108578985932792,92.02625979949539,0
67,0.1817351523244733,80.55268624050333,1
47,0.26482229930956197,14.10789215193744,0
179,0.11349771206131633,76.93245039036807,1
110,0.09696686461618342,91.30330980537907,0
152,0.07201327795362664,7.851121821074392,0
122,0.02095706073873259,82.5214994904573,0
148,0.022474049670216045,54.7420051873056,0
100,0.262316006001692,66.91974493788007,1
101,0.2067340124577131,49.28543389049369,1
64,0.20155440047658096,69.78030849052786,1
190,0.18824641749111695,3.4097861666753215,1
50,0.25627355196129037,76.27067232232837,0
35,0.14927740844303197,3.334369785895841,0
80,0.2624191402819071,45.529984774734345,1
126,0.11423905759284934,15.096499313029488,1
87,0.2787451762583362,82.35742773513071,1
193,0.21261052422355964,31.366090917566858,1
103,0.0845813694470839,45.40935446043325,0
14,0.17358462728970128,42.87507412983116,0
95,0.16457886283159412,77.25019656847066,1
166,0.04999065830179685,48.114435979597545,0
122,0.18146044266767808,78.8958335010346,1
197,0.10128783087791779,7.350827680267525,1
0,0.025181142374784707,19.15939679029951,0
150,0.2851102857349038,55.153424964636066,1
121,0.19603220702864346,94.7088324752695,1
166,0.2643064902425456,7.475784672178031,1
125,0.2060562414538434,4.308421615686431,1
56,0.11352527072063275,15.655067492785568,1
80,0.1586795409753553,64.11531288601566,1
161,0.20596656050068135,39.89929166702472,1
168,0.2884731743084169,82.55523794176862,1
72,0.08356414314529197,7.1933151481365805,0
140,0.2637433470009941,19.641408681470107,1
69,0.2779825635353381,30.002640546489566,1
5,0.2044204992510974,62.67300866887852,0
83,0.28006732194638795,68.51726903015472,1
51,0.12538479036843686,12.420329396377383,1
2,0.2863746910517284,94.38047089917396,0
80,0.2138070343781327,34.104413519020916,1
62,0.02218167255145545,71.31687630002831,0
48,0.2729931212275253,52.42077189476988,0
75,0.15049711461962584,22.27581135471066,1
111,0.14349482558557153,84.6228323115411,1
174,0.17427531573409394,81.82380281919299,1
108,0.0533215185636561,39.607185391669006,0
182,0.14605815408454562,58.86075856938554,1
191,0.2510268928481462,25.782569593593973,1
64,0.014489913149879447,68.98516287463015,0
80,0.08914597649406766,30.902681262043142,0
194,0.010711830068714824,84.40787343822349,0
14,0.130556279653456,21.73851042772743,0
99,0.22121149804318305,1.480342281846414,1
31,0.24164383044324225,26.850804196791845,0
95,0.2841050307268319,19.10524864594867,1
127,0.18646633776152807,50.82864397249243,1
195,0.08384179132933968,20.37032916565763,0
145,0.27800290524964266,76.31898707194948,1
112,0.23484156862530906,24.137063800400394,1
82,0.1765842600709119,70.69681799126558,1
42,0.21173566255849144,57.847092301372406,0
115,0.27805174295215446,98.62498564718844,1
162,0.21659426825714728,99.99009770092316,1
77,0.11682860719957285,86.95260833173299,1
57,0.21677817866383803,75.99833692987511,1
32,0.021680667193262483,38.64564140005737,0
13,0.12206051293086854,75.32767271313035,0
161,0.127833679235218,95.66755370794907,1
188,0.05838308798204205,2.337757539544416,0
131,0.01669478936001335,53.79147001977388,0
58,0.048680558624945414,21.799830438843458,0
156,0.19984023378114596,55.78763158688504,1
82,0.2426637567454694,46.64470897588912,1
133,0.2965790128908225,57.576858155228436,1
120,0.11044541590146333,55.09622214187242,1
176,0.18381997445571951,96.0107039168562,1
167,0.28177204037638537,55.21861089347361,1
82,0.05844211658806426,84.62320881248672,0
192,0.21811722003939538,31.98202868008465,1
196,0.22894383261325732,43.81006887910489,1
26,0.03580290540210813,47.04134760448099,0
79,0.2597623217030888,27.87280433353797,1
133,0.24580046366214472,37.97902614779552,1
12,0.019686871907455987,59.85130794667752,0
63,0.03641448031521493,58.018776330453235,0
189,0.02424679922863717,63.64353445734805,0
146,0.10707562422181503,35.18179154201411,1
79,0.15769380729717858,31.58314951530571,1
122,0.16438084110684234,61.161788275416306,1
42,0.08762336033313836,13.286174842752496,0
88,0.27436309710247947,25.303154353213998,1
147,0.11679620906285482,4.212773695299521,1
94,0.023209545229952225,7.261085259608013,0
195,0.09706586234700204,24.338327926060888,0
171,0.16402173253780508,1.9529280296919027,1
150,0.1283843285505873,24.54105920874615,1
1,0.08941433053878514,65.4976323062026,0
119,0.04808374243165205,6.110707846893304,0
21,0.2475577050279066,43.6736677794641,0
114,0.2988821202160156,91.31087869195494,1
56,0.10556721872192579,79.12848289254009,1
71,0.12067010281121512,30.543750229485724,1
6,0.18923088215631753,92.4805479191647,0
183,0.21834802767330697,32.96464967477248,1
118,0.12368856509304145,7.251549633756249,1
194,0.2724295599247264,99.40559567681136,1
113,0.17240115687638632,87.00225271891718,1
15,0.14061312215771998,46.593278330109236,0
82,0.19753509841637248,66.6376524192404,1
178,0.2863131159922602,67.12280778566702,1
71,0.24042016538229458,19.448223073046034,1
123,0.021603807855186057,20.00486331536323,0
112,0.10636987411458829,46.958070335182576,1
11,0.1464579586358546,91.15731401376979,0
125,0.10121009594064051,0.9993774858570781,1
52,0.2130543926408324,78.25056359493593,1
74,0.24961805346014848,5.752678371465414,1
132,0.22209007760372876,47.82221148831178,1
26,0.2969066531801998,63.78728330734764,0
139,0.08903881788897842,68.67592670824648,0
144,0.2637469535570822,5.8479263615911385,1
133,0.23232057290060099,41.860361738396826,1
96,0.11503183969186236,58.38372605023247,1
4,0.22289611766052092,6.604553730600693,0
56,0.04018202736129162,13.509455659530978,0
155,0.23890670987876017,66.36489895040386,1
77,0.16437587475025975,52.16381965906517,1
68,0.09476415008568341,16.182866126829055,0
117,0.20017541751741225,53.523933691473346,1
119,0.1960697996271786,91.26923734444158,1
58,0.07075100458868391,1.5587584775363927,0
32,0.01881525029534258,64.26337734858546,0
61,0.13575055020148544,7.365043460534193,1
49,0.17515844210988216,0.6449442964700847,0
111,0.26421553072747356,15.065448866063381,1
18,0.27918287073780235,42.29066318539193,0
196,0.16335351326546224,80.23439989819529,1
122,0.22860301029287802,28.178549660455865,1
193,0.13739794897511912,62.56732123887586,1
46,0.22636382540613897,41.115663795530665,0
166,0.06939244223235841,23.433179196600797,0
195,0.1176087730930241,51.42471142828586,1
32,0.19392611965594828,79.74644903726232,0
140,0.01526581002605286,83.24923700561442,0
83,0.21951377999829666,84.65195318772368,1
181,0.25230529536776836,33.85578125549794,1
134,0.12575108171724592,79.34560647157531,1
78,0.13990330098137765,21.217845510890786,1
13,0.25687184154279397,73.84251012428832,0
146,0.23493984424454967,94.83844262726167,1
127,0.09356335181967874,1.374383469095719,0
53,0.10395307090284629,44.036393117879804,1
147,0.20687468739327303,64.77709884140046,1
28,0.17332744680996676,70.1775770487553,0
23,0.05704657561798411,17.60877582692022,0
81,0.09987967367645825,97.21832752385929,0
62,0.2709951502948097,61.5265367970973,1
104,0.20957058664945638,16.43406012282678,1
56,0.29593255212880065,2.052251171251529,1
135,0.23243363369442313,78.32641987897759,1
61,0.28317258532164113,7.970473944545908,1
156,0.07269468642243786,14.105092107023653,0
16,0.23373061369690845,57.48300268556906,0
65,0.015863080842861255,60.350550344961974,0
5,0.20452040629634483,68.68871185923985,0
57,0.14609186065487,39.351401266362075,1
68,0.1105604208568199,77.38986689668229,1
155,0.26009726216499585,97.43585996158886,1
61,0.25773763087068385,27.109494307988303,1
168,0.01646749442060664,70.3028616537946,0
196,0.186756485510335,92.84686523951568,1
81,0.11667134505307734,68.62867626170427,1
168,0.13054169043513025,68.11094986442595,1
176,0.251291814373445,22.37725690852066,1
176,0.09985353374302669,53.51302003196929,0
70,0.2834841550849098,56.25228436045801,1
130,0.06209380964792082,70.01295624559528,0
9,0.20218950277677156,99.68214498961827,0
97,0.20491046943399177,3.364382254376208,1
88,0.08313659681409627,6.523266126748684,0
34,0.10417767660048856,7.795006943091876,0
1,0.2520915628481827,74.29791344889568,0
123,0.2309235239369362,13.635379511075751,1
23,0.10543780529128026,62.245187449034525,0
73,0.16484739861113082,32.46688778934585,1
165,0.02788728591339768,45.7319956210711,0
21,0.07053630589560247,21.56631598174139,0
153,0.15088796206951574,86.61065613045422,1
170,0.03493238323097136,58.61503241630264,0
182,0.25456638291866185,94.45632635822527,1
38,0.21822180093121787,57.459624970432955,0
156,0.28365376448806345,12.390803059694665,1
19,0.21110540272956788,17.087043383847544,0
40,0.2827163979560338,98.90739763678472,0
181,0.17080864115037986,72.55651973308677,1
147,0.18406339720797113,4.927875002908966,1
107,0.29332160584161565,70.37810050346648,1
146,0.1962174525906355,41.21730468096116,1
83,0.018928104969616513,30.72083868231905,0
110,0.21990280522285174,15.406079373053426,1
65,0.27258592071985055,83.99039545565657,1
157,0.2407182724403547,6.384137898910069,1
52,0.17931164906137256,28.98354623796403,1
33,0.20467801879711972,30.638289382570438,0
149,0.2971556188829848,16.090528396350035,1
66,0.03629200566770811,50.818488328687025,0
133,0.20350100030363946,1.1702626810892625,1
26,0.0921853314254722,30.09755154104091,0
9,0.1956262150099893,93.3629444033064,0
72,0.18621083700634225,31.05295693420057,1
95,0.054502481311367,36.04593871067516,0
47,0.06995652726466935,47.31650482340716,0
69,0.19027257763253191,56.16933748514747,1
186,0.04718668471809449,80.8708644820744,0
99,0.08690245378779361,19.03212231560176,0
58,0.25222120884402066,87.17463771925573,1
1,0.10485653674047518,75.75493571438894,0
156,0.15153744531820224,72.26503346615553,1
195,0.2829306971922937,8.680457371463524,1
64,0.07587323576271442,2.164068997458468,0
82,0.122991545033823,59.4012700908084,1
153,0.18587275490762822,86.31339625231612,1
9,0.22904828955615192,58.44414641406359,0
52,0.2714794821466845,21.323486544553084,1
78,0.27548716639631937,9.051989794921322,1
58,0.23522562156806065,69.9596452817735,1
149,0.07621594261206002,72.17702773178095,0
178,0.017194705712344084,17.253170068710865,0
47,0.12129443980313089,2.819031549653628,0
148,0.051049166786468765,40.8283513223197,0
122,0.21601241775710645,58.271870213302215,1
21,0.20172787017945787,70.60024095671912,0
99,0.022751776070221903,80.99450091529027,0
97,0.2526121959479758,61.053742730673235,1
157,0.08213554722444284,11.088060859848504,0
24,0.13534585189240225,68.25816721424148,0
27,0.2037007832821653,98.4176642894882,0
192,0.13453144818715346,90.5584584597404,1
112,0.13797346281198358,87.16689092695127,1
44,0.029032118647364706,30.217015335834084,0
67,0.1264186292854011,75.07881764540006,1
6,0.2318058890337952,85.11034459651455,0
48,0.27540113778411335,67.83262046312632,0
136,0.1299141697483778,25.056175656798054,1
163,0.13283988979493286,95.38339718749583,1
82,0.21376186083385912,45.08194114586759,1
128,0.2834038803205302,12.98055586658794,1
137,0.08744767266941446,10.9777895057392,0
163,0.1376418198960017,64.75189872990458,1
72,0.24083224063016734,43.77096464167391,1
45,0.18681113511847117,9.44838751789636,0
105,0.04207003974954687,74.03645721560946,0
159,0.19204249331305706,79.93251672586197,1
31,0.06415642253322479,72.54156307864513,0
5,0.15796262088273721,20.226087768401293,0
175,0.16343994762152717,68.97754559960694,1
165,0.2640989750452456,1.0722802894385097,1
144,0.14412333946360706,30.511213967840924,1
73,0.09103830244840931,39.882153140754376,0
113,0.07698024098264915,83.52469488855016,0
26,0.26353304423845747,39.03943730694043,0
53,0.05959314778128623,1.1269446189398291,0
177,0.13350188265611168,35.23464118280094,1
162,0.06428020332881462,49.89240983592872,0
84,0.23425817163316884,94.90047866727734,1
126,0.1475680655926395,94.10343037895447,1
152,0.11183167026147549,18.087403822141155,1
155,0.11471889578167536,18.514654173945154,1
110,0.257142119949664,16.33814564645505,1
14,0.17059444674538704,78.89219324141033,0
131,0.21818167682806644,0.6022040368406367,1
92,0.2701411697126985,12.717719819187733,1
122,0.2715050860517862,53.7959631644099,1
72,0.10526762575798031,24.756206688676553,1
154,0.28621086631245174,9.235645823926209,1
153,0.017214005784235577,35.98780123338343,0
146,0.11928231269468803,27.42076050602448,1
91,0.26978166867756403,51.11043065142845,1
16,0.08964469514692504,97.92335938301959,0
42,0.08919362059318231,12.430463681491844,0
120,0.09776046267374772,37.27267048340943,0
40,0.18757088160560745,93.19850178724747,0
169,0.1371165049281626,87.68730434938226,1
177,0.22075310254246935,39.42710347842806,1
167,0.2695240863437531,69.89532645197365,1
38,0.20551781873342959,8.785701358134556,0
112,0.06929534885729689,71.25410555436152,0
150,0.28047775168454564,97.28577294847415,1
110,0.08670293327076875,53.74881528341916,0
179,0.05346934564516585,49.84902270344143,0
46,0.03609051086967866,18.731861970191034,0
62,0.173381284793188,63.37881989072919,1
109,0.04299111411938902,59.04372807789149,0
68,0.05024500639266292,65.19330594757506,0
42,0.09700883937269401,2.608328668472182,0
175,0.0916793728084945,54.872348834907356,0
33,0.18522945799632126,59.4934843497373,0
39,0.24685613104707763,20.753013541280218,0
60,0.2307914002988388,20.8332857488536,1
177,0.08612049186777825,27.621816851094984,0
194,0.08114004441593417,71.17215917272375,0
61,0.2900795437310206,60.626606353237165,1
57,0.012388510061668436,84.57626461178046,0
160,0.2651189545874626,29.56585718430982,1
74,0.06792127054549743,91.20680598883183,0
15,0.28471245369603265,74.37061619833584,0
81,0.1092691125999807,39.501167001369694,1
93,0.13770201442904317,9.526206562545593,1
47,0.21506497804387048,25.69836624874825,0
137,0.1804240249272455,95.67682172148503,1
81,0.1022024056149786,31.036337588407935,1
37,0.17061096560166883,32.99009601490644,0
126,0.221904996465237,18.9588931097717,1
18,0.022277134311722707,80.68506011387655,0
163,0.013247798524154194,27.564423024227736,0
186,0.14283941233113848,33.02582483688556,1
62,0.048232619163019116,41.43481084316266,0
76,0.20265984452476718,43.37282797746097,1
173,0.07207521230595591,41.13407904150217,0
130,0.1355268209707446,50.374369537472866,1
101,0.06732457169353799,81.45128796164033,0
64,0.1690602398672461,81.92850407420221,1
119,0.043655503221524984,79.83131337633469,0
90,0.016700987308369275,10.11248391164875,0
7,0.024828175050942182,79.96788032748141,0
178,0.2867349480394399,12.025177348657678,1
72,0.05126300339717139,12.472377005225798,0
133,0.2154586934096822,94.78627716349608,1
106,0.029698599224619614,81.93978447055413,0
88,0.04136650214820283,55.241046686800864,0
38,0.15757411290870704,87.49702044778621,0
112,0.14481256974475967,98.93646425518628,1
187,0.28595828973756215,61.06420666317776,1
27,0.2840022813760138,61.2898436981518,0
96,0.23608650633731487,75.4427029159928,1
181,0.18460953073693143,23.213895236533276,1
36,0.14193849204397319,16.712486151879936,0
136,0.11329177495524209,75.95807500150725,1
81,0.28465538862291107,34.490479499410235,1
55,0.1848435553131588,13.5070356305934,1
186,0.1779310330289384,31.487772591774977,1
84,0.0772513253129853,35.86368678745754,0
1,0.02354236718668279,96.52276595056907,0
188,0.28410468813026785,69.79597110879232,1
57,0.10098322506494962,53.085631739973394,1
106,0.13835081676409303,96.88731386826049,1
122,0.043245583639854986,90.31397404741807,0
187,0.25270805567369464,51.200085661415976,1
167,0.018013231528219882,90.56796353769808,0
163,0.251857321008738,40.43046580626566,1
113,0.05068265370851037,23.042066535662464,0
106,0.2671035926630341,23.267817682208513,1
36,0.22163406482748563,66.23155244421267,0
78,0.05775437612711848,50.10703207072771,0
91,0.17408721792924575,65.89508470054467,1
17,0.10067033116301363,68.60759642621699,0
97,0.0616875986843592,2.2322872897717616,0
62,0.2591628378292214,5.403959234790234,1
149,0.12702160228709652,53.26777265912499,1
138,0.1255776771659609,19.10354777600769,1
185,0.0592671356939198,63.253376880443966,0
184,0.1210890460648758,55.21857391706481,1
3,0.26276888543536653,58.57603583708912,0
134,0.1153073260419944,30.245537983101066,1
60,0.28596503312493854,63.98435062778967,1
106,0.28442958077043234,82.9492636485023,1
53,0.052020611199130345,99.80712535922372,0
87,0.061420263521567015,83.84443861722143,0
67,0.2601754803962478,55.74987596799475,1
128,0.12390066648816855,19.342959167995655,1
54,0.011268454862072707,68.14458761198209,0
2,0.08942282771455758,93.76537855579782,0
165,0.1833124080267124,21.18665397323024,1
120,0.24178713012839073,25.59956205265771,1
128,0.04868269895704527,14.900854341165115,0
101,0.04205699568085325,73.67216436264017,0
37,0.27740686953597615,40.656150342365926,0
84,0.22783302666854896,6.269563888638407,1
156,0.18103608422564274,87.49499914902802,1
132,0.23306416909881914,55.767190470256665,1
91,0.13436776477892515,33.10942920003558,1
20,0.2299521667196467,34.39829760610969,0
198,0.11782286746961536,29.025122019090677,1
194,0.08078742602285467,45.54801723926418,0
108,0.2214138921749609,33.7041688488145,1
46,0.1317049647256078,54.79463040706094,0
83,0.2945993602545965,77.35172522712942,1
82,0.11135070286934928,67.44612834443735,1
34,0.2773009519540091,29.445689275411713,0
195,0.28055913908445307,52.874101153977925,1
68,0.08013735464877637,84.01261599122508,0
128,0.24148414266052387,6.820623474272547,1
195,0.1355916064919239,7.829726698690475,1
139,0.2760821708968009,55.61700680497535,1
187,0.14053603906421924,63.91151283898032,1
26,0.22584807802783616,21.14130157759041,0
55,0.14542054865750137,74.5220126691518,1
22,0.07606221915672828,64.62633770407274,0
152,0.06781153739395902,92.32892682362865,0
20,0.13337504633434022,16.89542018585367,0
60,0.22909345053412233,75.13742653580107,1
62,0.18547073070242237,8.364309058326702,1
121,0.20970249407115754,56.52924095178975,1
51,0.0918746417122633,55.189513949914584,0
87,0.1496162503277056,38.83850446467406,1
152,0.022874626841104827,84.45711476685672,0
54,0.24708440062785497,0.43706447860122344,1
45,0.2970687270495636,52.01794018985208,0
31,0.12799492816115454,21.715354983518743,0
54,0.013179459408147572,74.34986191164329,0
95,0.059239865469774736,4.306742630609717,0
132,0.19923279454762147,83.15546881815776,1
35,0.18750300227911917,83.80922267069515,0
109,0.23848076867980775,83.2866012403503,1
176,0.08362636317870975,15.256852673266986,0
105,0.23145325550866888,63.04065185610449,1
57,0.20951536624186423,1.4367359183389605,1
38,0.10361620433701454,84.79625912891998,0
79,0.168191562936519,72.29751935086205,1
96,0.05270940446451475,53.115373089925264,0
112,0.14124370599631897,73.0591433096617,1
60,0.2655472284711359,9.432409665177222,1
136,0.13214550014936333,52.86558321768563,1
5,0.25347434487787235,29.127649181644543,0
108,0.18117347592531138,97.2619463222973,1
34,0.06564424679968346,85.71179506239017,0
38,0.17852081096238995,73.32756958339769,0
149,0.15673516545554841,93.37476352497319,1
168,0.12560598720695135,34.68433045654737,1
117,0.0446928274596604,90.08798989881812,0
4,0.13084551251569665,32.52382321067103,0
169,0.03110108910949186,73.2796719691153,0
86,0.03864302490563786,73.6416911776449,0
75,0.13061579455048763,1.8349876454093472,1
194,0.09856062977085446,36.105969827819514,0
157,0.2784078545000448,1.9432672408497886,1
56,0.11895468356027844,99.70920176102486,1
126,0.22977885540090903,12.2196761829238,1
200,0.1637717826462104,54.281089564810934,1
28,0.2141848439062773,79.05562387626372,0
164,0.08543363507446575,20.126360226089247,0
86,0.2831524421231154,48.505266809547265,1
140,0.16372566410518294,60.74287609211508,1
159,0.25108398067272236,16.020475439554538,1
45,0.1158632511080729,77.85554599115385,0
115,0.039061291224652114,29.933645718936532,0
111,0.20537637783904614,21.10230763388403,1
150,0.0122502980178531,55.828874643741685,0
44,0.1478349632039974,41.03136276429379,0
144,0.06591255177327318,92.02859446364178,0
103,0.19193889628625502,88.0062698198154,1
84,0.2940317632099771,48.335066338888325,1
193,0.14467684283298732,35.92637747255976,1
133,0.24707449439244333,32.55179816312652,1
107,0.1572574142158251,26.756362308150738,1
17,0.15379360902016698,54.45478537124772,0
93,0.2798228130218456,80.49786047345435,1
149,0.2680901019365376,31.07566082035578,1
32,0.23788213490451257,19.00940896880815,0
157,0.09591416846186739,47.54838061832868,0
125,0.16805244055994276,6.903441679766653,1
159,0.07493019765864864,70.12790061297068,0
169,0.13873584243349654,51.83582663019336,1
121,0.1504217890703393,49.63748079728541,1
137,0.25117561164910596,30.044537955002248,1
114,0.269848225944248,90.46734375317367,1
163,0.13023981809497856,9.04862918495527,1
161,0.01513428907123879,86.98240088870314,0
200,0.2599144135389128,37.670520241592264,1
27,0.0605408167653946,88.06235159750223,0
10,0.1903457695282141,72.87614583323835,0
166,0.017241561125898044,10.41707266620383,0
46,0.12585687782556362,83.15362865093536,0
126,0.2959284876134514,68.2176833699505,1
146,0.039201144320102896,3.230191291534845,0
117,0.13287101407989627,13.370268210966996,1
142,0.09907348555508612,63.562805583569514,0
125,0.27247555578259663,66.2600502880285,1
155,0.262108631293133,74.6651432837595,1
151,0.07893264048880635,72.02454007749819,0
71,0.033544458244625035,65.9519954669955,0
106,0.19187013427772406,76.62389017464226,1
136,0.10754692644627582,57.50857058923729,1
174,0.20490447327575828,26.079138552445492,1
32,0.019314729259666197,91.23766137307182,0
189,0.04868577820147193,1.8214030931977931,0
18,0.20904794750406658,36.65617198714902,0
194,0.07158749003772434,72.88702930971634,0
73,0.25870042597109644,42.715604114967434,1
167,0.02699135743593927,2.483440748001431,0
174,0.07248977500781663,6.598090311621318,0
192,0.2995824720606699,64.86373691382886,1
156,0.13559206975016985,96.48645994052997,1
177,0.21386004242794662,55.1863635834499,1
97,0.06297228416853397,50.6757818023769,0
140,0.18686193314580593,31.832521305626727,1
128,0.22057075982713137,25.669067386606315,1
161,0.10119822440128805,2.0984981756284715,1
92,0.25038016247300454,27.295486764047116,1
175,0.18499109775696215,44.911044086525244,1
47,0.12284567278835874,19.794978304895018,0
176,0.171716294069516,8.734798848142923,1
63,0.17726064575641803,71.77278672546026,1
60,0.05800523488122115,89.46202690680671,0
156,0.12679238726142017,93.67720696870856,1
38,0.10959487052565299,61.799872849698936,0
127,0.12626178954794656,5.2774582599281805,1
87,0.23072207066072478,74.08626299617734,1
25,0.14993613816533508,11.009530526188637,0
16,0.28269168443938664,66.97481176878239,0
70,0.09516615987394648,77.93658357478758,0
12,0.1305540377026294,72.58647108264728,0
68,0.23821747503892202,95.18838057611306,1
25,0.16834713206301757,73.81462844673898,0
48,0.16863816246308985,69.32097779818085,0
194,0.02546864727150322,26.17431721831024,0
6,0.12559390218835217,92.47686864359017,0
57,0.08851278240230241,17.95438707941669,0
48,0.29980718562102343,90.48966114731265,0
102,0.09942297048336997,31.266254334591036,0
52,0.2665039950902204,13.016359387766874,1
192,0.20610778316173844,82.66830272711707,1
61,0.10886575866570622,0.2495453600829145,1
16,0.16762496972849586,83.20883176808307,0
170,0.2537554051852662,26.23118420459759,1
24,0.26617680642896446,88.47212727556213,0
130,0.05651422375178211,69.1479182241579,0
28,0.10847621095036918,66.61833328505901,0
116,0.10721472226193578,36.53195631648434,1
159,0.022192990862023962,5.940297389077099,0
25,0.18348895035704998,83.00730982055772,0
123,0.2578978153677345,17.0903795176528,1
143,0.12065657246940015,37.225864189475224,1
24,0.22461042404541132,60.03546855090818,0
53,0.19203311994421457,48.22537385606217,1
155,0.11893813329297022,19.866063517131806,1
72,0.05090734185276615,14.06163568822839,0
119,0.21570391730503052,12.324627225029062,1
55,0.2578238989929597,86.3007881499201,1
64,0.20889780279643264,3.1559549061333625,1
92,0.01518476037009724,97.70142595998944,0
85,0.07270753937338745,19.85286903854141,0
79,0.030149195616224256,11.032229687907813,0
168,0.17541196887710575,57.69716547767951,1
107,0.2293785268637196,7.998595794069663,1
178,0.04206796424991124,60.245326316359495,0
117,0.2531179679720817,85.06266448136131,1
198,0.17109760373469013,4.789802146742483,1
156,0.2100910135211002,79.98686045285442,1
82,0.2917065360965074,39.44774409821187,1
146,0.03426748659183222,15.949063383120999,0
193,0.27135496666355885,17.609648026745905,1
168,0.046569781836348696,91.87645436942262,0
172,0.12395805392463784,11.060575194066447,1
14,0.2569172219360231,86.67827871156571,0
130,0.2728137286539818,54.42446209836146,1
138,0.15684778532809215,3.905617881643908,1
180,0.1822903450998733,46.44761457173383,1
173,0.21536272703358159,81.74495144763007,1
29,0.25150001385128706,72.62027876391004,0
56,0.045238239165923184,48.87824176847179,0
145,0.244920099386476,86.00498796962171,1
178,0.14957008364836885,12.03647617802297,1
127,0.140680793281369,90.99410533923688,1
47,0.13293092807912948,84.64412084833488,0
193,0.15767135972135235,70.8276825657236,1
135,0.284064660484435,81.78877421287493,1
21,0.16897909410972395,54.3815506842666,0
5,0.28642148609631035,67.51624290976669,0
184,0.06228413787853577,56.05980707077789,0
103,0.21999943386146362,35.54285305079493,1
35,0.24554946619653667,56.88607973611776,0
78,0.20694736108710995,25.74653325319257,1
115,0.1860074612656967,44.027917084078524,1
56,0.17379570651499285,28.07754072602432,1
48,0.25966983994782183,12.288778946138901,0
172,0.24827751317770502,32.186185638990615,1
81,0.045463729142373864,85.19872181847707,0
65,0.25609042053895464,38.10807706423057,1
76,0.1300798996377283,74.8003648968869,1
44,0.08357208069878512,17.519785423816124,0
78,0.2622328847240385,42.44191591676416,1
19,0.13528719189378507,11.485606933517655,0
191,0.24442576015127682,13.862106336748969,1
122,0.08638704746719489,61.74363798900691,0
66,0.011139503212443162,60.74818174490111,0
82,0.15368316594185386,21.33719073548622,1
2,0.03906619442643643,47.44231942887986,0
181,0.2287690271022238,86.3306166977948,1
63,0.090061789460129,17.42015086764829,0
39,0.13865723751500883,1.9210533073514835,0
58,0.03523973387655073,65.19951406635724,0
182,0.09313118204970326,5.3498208088684995,0
61,0.23663217054498586,97.9940238572446,1
131,0.05396049445167264,60.9620283798881,0
59,0.19767627272681765,47.03963528439723,1
115,0.2760534973133053,42.999254002430675,1
74,0.2071526603297389,57.30706585169314,1
121,0.2451962898947458,9.062443672021491,1
106,0.041601772498135584,93.00190588194958,0
95,0.08271222954059579,62.56420685518778,0
90,0.2694162671497714,18.397849761090878,1
157,0.21738062794924587,56.25810537646628,1
129,0.19547060964942023,13.325650583301163,1
61,0.20249235347529299,1.7552717558312114,1
48,0.1301181607483466,63.0516985213998,0
136,0.022921423169119434,64.84833418701278,0
91,0.23748804720051142,58.369658280341554,1
158,0.20682683850245262,18.348320436002307,1
123,0.14711329459269015,60.342985849476705,1
60,0.2709302884567946,5.651094092451981,1
47,0.10748630284567866,60.92383555719223,0
152,0.09535330582705841,55.40170191076188,0
163,0.2631109342730384,65.52548308390995,1
135,0.24112641988010577,89.54756057523939,1
200,0.15934414508801997,85.03581052395366,1
57,0.04791307444277649,98.06541915625388,0
100,0.0723707267248652,97.6241032936575,0
111,0.20030611721855393,77.23196933737526,1
172,0.12166195897371937,95.6419622177728,1
61,0.2525772255831316,86.7283885889112,1
38,0.28548695270633917,72.75824498949729,0
57,0.24363470832972628,7.5384254643755195,1
98,0.11948817266871156,4.9049888269887765,1
191,0.23871906447711297,83.75995675057702,1
43,0.11191808530649819,48.96558578716983,0
28,0.05845902545203383,81.46066843749209,0
58,0.019684029411098643,31.291827065521936,0
70,0.1218578467006958,39.76498583230128,1
91,0.27203219807221174,70.01867210119319,1
8,0.07930611044914618,91.53267369320932,0
126,0.06988881782963735,8.776147447888594,0
133,0.29124802771990166,86.14781446346062,1
156,0.017251192726671714,79.30127248793653,0
185,0.23787682361418874,31.553927072985466,1
144,0.1031972871648524,35.52166141315596,1
143,0.020871507492201208,4.646147722190963,0
130,0.27616273666077923,1.5740611116717984,1
20,0.050496275760779245,47.70061263577291,0
63,0.17001599228045167,9.553964549731052,1
89,0.08947572015456885,19.4001814415213,0
35,0.028905912633560397,84.67671995266636,0
61,0.024477520842379936,57.10283912504524,0
169,0.04351144266253825,63.36324372661134,0
75,0.030696434027920216,18.747933083192002,0
169,0.23056185350077765,82.86618044544196,1
188,0.15081419866219445,86.79797724397476,1
12,0.1094387064912041,52.33275937130434,0
10,0.13132698393828207,91.25577718786599,0
53,0.2793945533160607,84.48286249545816,1
15,0.2741180256940627,73.1324176674438,0
7,0.21754617923554728,73.40759156936286,0
103,0.2665578894522894,10.53934739508633,1
58,0.10269792800041118,27.08360376956658,1
56,0.120521704542402,6.684721981767606,1
39,0.18797653273772613,0.8681209226308662,0
186,0.19085152471620662,15.830953138391013,1
129,0.14969295302357888,88.048718264694,1
93,0.12619077604700643,23.98740590360515,1
137,0.2959922903665216,97.01539625917218,1
43,0.24812585157414005,59.72909995612061,0
138,0.1361442573875331,23.72584876346904,1
79,0.22091481839947485,49.71308034842128,1
80,0.08817289104321324,21.909482270011537,0
1,0.039049104608825665,98.39735581823739,0
177,0.11220499741029477,84.72649839049639,1
139,0.12686211203578432,2.6238788782329103,1
114,0.014795766122594534,94.77760314674711,0
89,0.24628968047440986,72.10651073028873,1
22,0.11416608669286263,8.238125202127833,0
145,0.17832126807624263,67.06377463264455,1
61,0.03144932430857723,64.69266979656855,0
112,0.060749080337669355,21.878874580758346,0
127,0.2680111803449924,75.84467000075756,1
61,0.18651938308601224,8.706470331296712,1
37,0.2855823745494408,48.94451812312478,0
194,0.2996375099734819,0.9923207163087922,1
165,0.11783943344659736,96.87374888947464,1
194,0.09665288858414962,75.15636317769093,0
60,0.258923255996138,15.885207615965601,1
128,0.2995973138408617,34.167403995128296,1
172,0.19259595792741263,16.05623778081763,1
155,0.24059080952834147,76.66174641293146,1
148,0.2367062990564296,5.889632542771517,1
121,0.11304851538366861,84.04066555637142,1
109,0.1765384102745553,94.21963388357298,1
12,0.25158651296662193,67.66279428063,0
154,0.2095530241157061,21.296545000143418,1
99,0.016137506054791095,36.00900958135508,0
134,0.1076446439802847,47.72398748089313,1
21,0.05189795201243555,60.462477220225374,0
73,0.07756194150263132,66.86630898116874,0
180,0.2725919484724844,55.42147153188828,1
131,0.020699053784122762,35.13139208218558,0
22,0.07374220646895788,89.09172805649031,0
118,0.09977511214908712,8.139205801795823,0
69,0.1888963808702545,46.6256054243495,1
83,0.164889490124901,77.55648384674807,1
100,0.07329815002748195,6.08726652914009,0
83,0.05762990949471479,70.53352168113011,0
160,0.07867143003287444,81.9711622753325,0
27,0.15573359174348012,66.08312985270523,0
135,0.08864155785624898,1.2936892275355993,0
0,0.2848047254662394,18.013702713220624,0
164,0.1445209142143658,34.211307889195076,1
62,0.02705084479794475,23.36900356380459,0
21,0.22148725769262367,96.26521402274274,0
69,0.10536513358060698,65.15939141137936,1
124,0.19951179029689178,29.69709573515703,1
148,0.09108236745173727,92.96974986654456,0
95,0.17551568510266277,74.0594199476187,1
162,0.23392422639416474,28.460721182704198,1
78,0.27912253511462065,37.888156940195536,1
4,0.08572687188559233,19.942885830395674,0
59,0.10710851578970453,97.10739982658218,1
119,0.1446372618829225,51.72964958900732,1
45,0.27888070294343675,89.60566874979847,0
177,0.27140218847509057,34.64997710168477,1
175,0.03606470122918503,86.08416030974757,0
133,0.04825964946860514,5.388684842716396,0
55,0.1536976614258851,98.2090317524288,1
109,0.04091958911357281,91.20343670333027,0
186,0.11021845327112226,36.32029447766549,1
156,0.05303175968306852,77.47221653145773,0
198,0.19445170298824688,75.2257926473826,1
103,0.2853536752043569,90.12547971029316,1
76,0.2990527933853706,30.725498112881112,1
145,0.11881992842410528,46.55200053141495,1
1,0.18371366476323756,86.4999612606053,0
7,0.25831761952198357,77.8579454135216,0
74,0.04406400111095136,39.34667187402792,0
181,0.20997367920506985,84.5725232912122,1
124,0.1285646619002698,4.695403923240149,1
37,0.06978238648124757,78.20463029629902,0
175,0.12679854943675817,20.676585943370064,1
26,0.03202848321982589,28.61209078237872,0
19,0.21166807309089866,49.32148435955936,0
139,0.08329537393705139,44.97345010699739,0
42,0.10030763706301461,52.05701068698809,0
188,0.0451135764900242,54.477559567202384,0
30,0.26075114302806857,33.152769103149694,0
90,0.1530988409919942,17.522751301703,1
60,0.1759225945580561,76.8481229287306,1
194,0.17513547809750785,39.997614908714205,1
108,0.1290430032169891,50.5840862459059,1
90,0.06583367547706044,64.46967183511181,0
162,0.226088497064536,90.9637922306656,1
94,0.046846316953725556,70.75528311402199,0
142,0.04012339918085504,4.545922559038451,0
143,0.21594206090298598,83.85603633980176,1
12,0.0705627359310753,98.93550151275191,0
112,0.09896409789232137,47.248502537138215,0
34,0.14781596543050465,96.95903364546007,0
186,0.1403118818515684,54.73287423431494,1
148,0.21548794626884976,45.96159958719498,1
181,0.1907952200985747,33.140476472745505,1
157,0.19687488706174106,65.75548758333389,1
47,0.21707575589008263,22.982042052504458,0
34,0.09485769095280494,10.493421851440432,0
85,0.10347666042213735,2.723710258421408,1
165,0.1370193468897107,29.238011271526375,1
158,0.09916403017972256,39.57708321670383,0
151,0.2956319820015504,55.207669628124776,1
113,0.2460750586622146,29.274982518700643,1
176,0.057749859594248575,98.40595723854112,0
99,0.011622305205742159,29.174516824116758,0
159,0.02240714779170768,44.09753884464087,0
182,0.08077840080244832,10.327616553190033,0
185,0.0431444728926884,26.062651333707564,0
98,0.1646680533188459,4.833213978899109,1
2,0.25881861459093397,55.950863343732806,0
196,0.22365756406483595,75.10646831324317,1
84,0.07252662829383522,19.570981433606793,0
124,0.1257967842474779,36.791093781607074,1
137,0.1572893207640705,1.6616226727160566,1
82,0.2449596963559673,83.9522055722212,1
24,0.2533452649007878,77.99635249316695,0
67,0.273818310453255,6.325403087429238,1
60,0.1576811226458338,36.48676093204113,1
28,0.21133967646640026,95.52866138494954,0
126,0.042422107657841775,39.202705607897705,0
18,0.1739337983866548,52.62086767240161,0
170,0.08212062474662918,35.52428610103552,0
193,0.13519789665771723,59.613138812826186,1
73,0.1938746474089486,97.81568756368222,1
60,0.08452592197759651,99.7502503481197,0
170,0.025133666761060713,77.47149780111911,0
152,0.01296781835853968,40.43110980204393,0
19,0.016426265307911248,49.44322008289883,0
47,0.012421423878993202,35.673132811230545,0
86,0.04200296640178389,98.55746299043462,0
151,0.07945172722533765,70.77603058254037,0
138,0.07415423911286675,44.89314454335113,0
109,0.29617101231217,1.2115270109602339,1
182,0.09874177051059352,52.04834143905484,0
27,0.04695202717422574,98.39282017016178,0
196,0.1682131378086498,52.30609089730519,1
190,0.2588076620652774,18.242668548911368,1
58,0.2066375092684258,2.2093747104774852,1
132,0.09586380584928057,35.470375812420905,0
50,0.17286868633952193,91.82280556966069,0
148,0.21730823251811865,99.65541081758809,1
11,0.22115030278664527,94.53679748120027,0
49,0.20329615203632975,72.94199932542568,0
131,0.2625350231849292,55.81427284406553,1
112,0.2623305829197903,59.068614638225206,1
169,0.17789160222803094,53.89920090919609,1
165,0.13465834704225155,70.70493049229883,1
152,0.19605538571387895,41.887322669535244,1
13,0.2472814803974343,66.92040049557654,0
31,0.01163911040394357,12.161211495720103,0
138,0.2976791326143068,26.569530656148377,1
188,0.06303919397546777,83.60030388086295,0
145,0.1463722058413931,90.37489307433911,1
154,0.26288862310443134,53.90082375602997,1
54,0.07526171572281781,3.16356172129324,0
181,0.14827061493111113,92.69735707917681,1
119,0.048448832252541964,70.20642580272865,0
74,0.12457213436257585,41.40279237553608,1
20,0.06136928188997073,59.83789431994963,0
171,0.11545204714363552,42.97748344413661,1
132,0.11830462286988937,46.5339226732051,1
86,0.29801952898351647,88.68098656594017,1
168,0.29849577849809394,16.108424691711154,1
58,0.0432880208115776,10.366913548223678,0
88,0.2205309460052207,0.2728744513015746,1
181,0.02500618910403933,31.400037561212667,0
149,0.0187556844477847,14.741376648442738,0
82,0.04054682933103965,21.998549513811117,0
64,0.28999084053230084,1.1238982665376929,1
63,0.2828504288894622,22.71954146877032,1
70,0.06623906788139733,33.27115819323739,0
3,0.05688497731057634,3.1567496409881324,0
192,0.07975517508962462,60.79041242971477,0
142,0.15950862828179121,56.880034888375796,1
103,0.17521434329026886,9.703577850992506,1
149,0.07426209482743971,59.500977751840104,0
174,0.2294206085460841,99.86539186088777,1
92,0.0997704191267687,94.44689528115407,0
173,0.277418084403529,0.2670993367663299,1
141,0.20044958487245187,79.53783113303597,1
177,0.1365418463480474,35.36052762364859,1
147,0.23907448049382515,6.365137033462743,1
177,0.24719524155353279,29.598321371620806,1
111,0.09423966562659365,32.17365163129623,0
160,0.10851721771246445,52.32442393090568,1
118,0.281426994581295,66.10837672688547,1
58,0.05777490112534885,74.9055612208408,0
42,0.022223620919250918,24.590304256326668,0
11,0.14167604355676927,32.177057024849695,0
39,0.24235087107065237,30.83817068597352,0
117,0.23378375083011627,36.27368681208765,1
19,0.27666388238472145,99.96563089563388,0
165,0.16462819266702167,77.79433028274258,1
130,0.03901875475429466,97.4990465268697,0
155,0.18071980255744466,69.31110595470572,1
183,0.23573472816243135,40.62707016472843,1
89,0.037065154878249656,38.97441836269749,0
93,0.06007064631830103,48.85811449750451,0
12,0.01356429173514456,41.68697833644374,0
65,0.182159248039575,82.83262460927457,1
36,0.2671529736643123,46.50020130266929,0
176,0.20449236164060886,29.561436021084596,1
65,0.29479162540138476,77.48602686966518,1
35,0.028279759224930853,85.44204093813946,0
181,0.2718703146939339,42.042895614045136,1
25,0.2460798033421374,66.7808571905532,0
74,0.10113004094485642,5.8804533888304755,1
199,0.29232270003280303,52.946485197146664,1
107,0.09350194696971036,4.498113774550805,0
167,0.26789836991018334,2.9190840494468073,1
42,0.2654170873515149,61.2924850522739,0
149,0.229720708814862,30.333538239498715,1
147,0.17340643740572703,74.25371624554654,1
7,0.044800797388897536,89.60825606325922,0
28,0.1642718030039845,13.93911737303507,0
39,0.113470914139931,72.45228385789238,0
157,0.239742939615052,51.451999828834325,1
127,0.229857469884085,11.211925016269886,1
83,0.2740776271380555,65.15926064807248,1
115,0.014300747105195282,60.94668031064728,0
182,0.24463993287868335,51.564186740078256,1
143,0.28215399540615393,92.6471204559658,1
173,0.23889713024136353,52.10796961040165,1
61,0.04775639336240634,99.05151154502126,0
6,0.03357094040385744,50.922881384811106,0
44,0.016045119544233235,11.58520383013676,0
186,0.1923361154901406,47.04712510750304,1
183,0.1926050690393673,18.232876255507126,1
175,0.29620497712328153,59.713348521742724,1
154,0.12543252049018774,69.31321751936011,1
180,0.10625282262027404,46.843527870709366,1
87,0.19108322888347382,9.770296768314823,1
72,0.24942651502720223,46.864139858355294,1
162,0.2816644453616705,8.14542147344004,1
178,0.24290600819192118,68.2125955506534,1
36,0.13373545437858336,79.03682248650875,0
118,0.1941251282404986,96.2380327227039,1
56,0.2583268047476739,14.880210712845642,1
7,0.15227680961040443,53.242033553330415,0
94,0.07283912667456387,56.75373675354186,0
116,0.05921979752688316,92.24765337809797,0
109,0.010045745927636452,62.727664059651424,0
19,0.21828901854457244,14.550964564532109,0
123,0.042218190565337245,43.63513239631892,0
52,0.08071333891182271,65.47625285062504,0
118,0.09638413614161007,70.02844320692974,0
11,0.1725101594396628,86.30739985905736,0
176,0.12540761041577309,18.050711984439715,1
16,0.20565545768671692,95.15421467554984,0
63,0.026135211205323784,5.913941201559226,0
41,0.04594236633668744,98.3762134568902,0
93,0.15477133602464735,85.77670928664085,1
156,0.10771978847558064,66.02727827621713,1
146,0.0957858751978943,73.49955002644217,0
10,0.029438142920881587,7.269200591879644,0
97,0.2697585606769204,4.147986289445238,1
177,0.2106273899762647,10.176579655136553,1
70,0.04526926547769832,8.735981466413778,0
107,0.028863327743770775,54.73812334694351,0
57,0.2927130346950605,21.544398711178914,1
33,0.2075400396274564,86.02056372067265,0
19,0.13106226061718504,44.57486230680722,0
49,0.2135020018191776,69.5510476458275,0
101,0.22933621807924612,65.28730929701598,1
137,0.236189038692746,31.985303892971007,1
159,0.1485844186393867,24.316757352572903,1
51,0.13466599985620592,34.24562852966352,1
14,0.013198144437981098,79.66583738498375,0
83,0.278701563391133,58.627684841961845,1
130,0.1849592847327935,25.353866251917534,1
36,0.06891464178509074,81.78464430604302,0
125,0.2766849916322166,5.4759386110306725,1
39,0.2753302515133859,69.91833749902953,0
71,0.2968634076661678,43.91008057493109,1
39,0.26347640331030386,73.12903860658882,0
55,0.29935747246781874,92.74612802434268,1
150,0.08095899455574904,75.00340979469038,0
103,0.25425237970777786,44.19653553113824,1
138,0.2486782095507717,15.097568151388074,1
109,0.07697270417401278,80.63509758054337,0
191,0.03854688921028732,46.070552692137156,0
135,0.29403194896650386,7.531232345712979,1
92,0.095847119940977,71.9055397776866,0
93,0.26255861923566376,29.18519659165897,1
55,0.01119687485563513,4.888822950518524,0
59,0.01609719409368464,90.27510149740777,0
137,0.14510267952194683,48.31010920939101,1
38,0.07922725834116842,28.096105317302154,0
27,0.21005397219642963,71.63865578849115,0
48,0.17401365441470676,88.59023776825637,0
163,0.032470881260642515,0.03070750337554884,0
124,0.05716220593155795,68.78521850421538,0
12,0.12253428831694013,76.70116940184214,0
35,0.06382517854707562,20.9927427279493,0
100,0.23974448070073928,48.96238314101744,1
25,0.13066036831045122,8.928589891793582,0
85,0.03709524138432479,74.67498825153476,0
3,0.1504594416589162,84.74560185633526,0
81,0.03634307250781011,10.818665732466059,0
191,0.047391818571746985,81.64602534328347,0
165,0.07948685128817952,77.15701704845335,0
126,0.259263034521772,34.69133203708973,1
87,0.27813763437656186,69.02895299335833,1
126,0.24961474150630003,0.0048123894311746795,1
119,0.10688239305117568,93.17976544659986,1
21,0.08900946792156117,55.03832353083729,0
129,0.16925515032916935,62.03388640619995,1
30,0.21933741655460257,66.46594135390987,0
118,0.2980781085664507,56.13690172183667,1
10,0.0481555064448886,85.67638875394631,0
45,0.024294679716903286,60.97018321515439,0
95,0.21136320780862858,90.77599912404726,1
189,0.2513454772161326,58.23316222340089,1
196,0.25544114616126273,17.11224219805666,1
191,0.20675442923237658,91.35625558393029,1
9,0.2866645831945642,68.16274983597768,0
167,0.1581913814279302,69.92389944355561,1
127,0.2750062915175016,98.54817505716017,1
151,0.2906655197275417,7.519655420957916,1
98,0.25567566253090124,42.85926070951713,1
171,0.09982998334499997,23.90953929866152,0
111,0.06690253883938563,63.042646471365714,0
59,0.16895481884472735,80.68116837480719,1
189,0.14137427761025465,96.63107088924127,1
86,0.26454991923589255,45.45961069547201,1
144,0.03900918460947458,78.62182306426043,0
64,0.08474461778034038,91.70515920403795,0
56,0.22802169391042548,68.33254325358847,1
182,0.037546127043420516,24.273255244977122,0
105,0.10302168006629304,60.78541511077914,1
180,0.1222750642756551,96.99520478171866,1
183,0.1905522010031801,98.75538288615654,1
8,0.05585846725861573,64.2359823716778,0
21,0.2595753022014157,88.69877578719893,0
140,0.13978724828521955,20.03493638486028,1
88,0.2759362964453614,24.60786049522168,1
175,0.14568227495384017,95.28876128848597,1
17,0.08976167509281266,13.52353754948079,0
114,0.051130360319425715,19.110643809347895,0
167,0.011086077466272597,42.05485991200517,0
144,0.16432567064560233,58.95842877533504,1
142,0.04107544210880779,60.381721896827166,0
105,0.12360105145304168,29.19760086655644,1
14,0.18088881075875513,92.06138979503481,0
62,0.08994891010178307,91.50999076078628,0
166,0.060815044786173424,39.206805305237246,0
12,0.23466927055670905,43.42917694302971,0
80,0.28456943996166995,70.24971168239118,1
31,0.03912772117997014,66.29958963989007,0
136,0.05512119407165228,38.22970149609623,0
39,0.2884036706032884,41.42442515210034,0
147,0.02095742432555142,34.803894342153896,0
81,0.2935133775996369,23.53850069533079,1
76,0.011346900094646744,45.81383629241397,0
200,0.2633639101388861,68.64341319025404,1
190,0.09912430248644735,74.1966705314293,0
75,0.282190768871416,77.88736482559626,1
171,0.10191413370431977,37.47320134531215,1
37,0.19974883324487624,76.46359942849736,0
187,0.033209445232121625,0.6516315691875274,0
70,0.0802756453215843,47.70499377168822,0
47,0.2343670104789827,79.39044001326909,0
17,0.16331889756685772,63.00447206413533,0
143,0.279111027918243,47.40631241545077,1
182,0.13433790841899274,64.46420066063492,1
38,0.2622455860860377,90.69460031486639,0
195,0.14019707686868887,56.63818006102074,1
186,0.29398200082357573,79.97861914601062,1
88,0.28835197060567425,98.07427252251976,1
61,0.10544964461126329,70.55682020755667,1
140,0.2669178644208729,57.332576388906354,1
108,0.25580729852253825,3.7485947125340258,1
80,0.07109731522499321,37.447789825458756,0
133,0.1910442162271482,56.54427335151183,1
76,0.03107787152104631,79.72065717060325,0
187,0.25264610896920386,43.81047896475763,1
89,0.060618306216013995,96.00582757647734,0
13,0.03053626340187171,27.17937526236749,0
94,0.12606353770625525,74.45671952103164,1
53,0.17730742019389661,41.90314170841275,1
131,0.25792591798233355,48.598849456590585,1
38,0.2925303324013036,80.25020338654403,0
71,0.13745282864526046,29.621526165170554,1
24,0.02752960766572836,9.681205659514314,0
76,0.2272435179175025,52.02555846134271,1
159,0.17390024430494186,52.879461180374875,1
186,0.1398884900048943,79.71677722253737,1
190,0.09968797484973499,96.83192062321018,0
165,0.15569557307462534,5.530068632834839,1
119,0.10821708529253896,59.16894737431089,1
52,0.22953344164673448,68.12785303147999,1
194,0.1677291719828659,98.58013507485217,1
155,0.26428585450469244,94.25902142769115,1
130,0.1676277352483382,71.24507647119775,1
149,0.0790960998685797,52.17894112444659,0
95,0.2568166458473219,16.15239222992613,1
165,0.17159352302971273,38.41765552044174,1
199,0.06998390106163276,58.51223250571543,0
71,0.1908172648873044,72.52003965957537,1
61,0.11373786183330398,63.53995574791122,1
184,0.25487762756469906,71.41228018277413,1
5,0.14145692420749742,42.91525045518977,0
31,0.22066799385115085,72.7627290571009,0
98,0.037705500214508775,14.37412560197192,0
137,0.12484706042768037,16.258631176311354,1
130,0.2951400165769956,16.283214582946282,1
186,0.24445348394837302,89.08649570357761,1
75,0.056382832686409305,7.603406330863449,0
176,0.09055157434840397,80.15083727334759,0
58,0.1056465845683447,23.357089804673713,1
30,0.19860601254367924,46.84299404952507,0
92,0.2295284802520001,91.5956595465678,1
68,0.22736271655429383,58.59372296875067,1
189,0.1578634763288568,21.01176862323586,1
51,0.24513795597306384,28.40900603188071,1
88,0.13675264399966777,92.04466238957856,1
126,0.045925363935712955,42.71439251099783,0
168,0.17368813407960584,58.698548300678944,1
30,0.2861674015343209,45.99321966253888,0
83,0.23996815890382828,37.84380880484496,1
126,0.1778231878307503,22.327912693240194,1
149,0.1975736415012381,68.61915004846021,1
131,0.27986298784031605,71.82420262721205,1
12,0.13421941038613852,27.488509160739948,0
44,0.10610430029336482,78.90108430548304,0
126,0.2934000538501302,85.45352003016795,1
169,0.2603985087179967,92.06750962396303,1
113,0.10368263953939467,16.121241391836993,1
176,0.1444963732346676,30.39236836132664,1
19,0.13037265741226173,86.03533475036956,0
80,0.05323774681471583,19.8540202827894,0
181,0.2877676039058451,0.346845924349537,1
163,0.12725060505373004,87.08273102516345,1
128,0.2638454339649933,32.644944175136935,1
142,0.06491330602739287,41.449752513895,0
16,0.16888253508479373,44.633402572063794,0
151,0.016948801686038246,84.82746006672285,0
57,0.23162394031426947,33.78921445934604,1
71,0.17846503049142073,89.22798858564818,1
108,0.19142097920622828,61.6939138048048,1
22,0.0249990559408495,52.72867240336843,0
173,0.07120111576049847,32.56145071274624,0
71,0.03155595298253824,24.371169628118583,0
7,0.09378515158310541,62.405844277734865,0
58,0.19195731222782378,44.68941600565761,1
110,0.17419393545203882,91.05160099320064,1
186,0.18752344826788317,49.16387161140497,1
12,0.16928286869958936,51.17949167011911,0
166,0.08917835074599921,41.672328113600074,0
155,0.0809071742298833,78.92629969912849,0
188,0.049747308225608564,42.48391981092704,0
15,0.2562305537220127,26.934199974975492,0
118,0.1887790139769609,86.20308742935097,1
1,0.06408819362617733,59.682822136524024,0
144,0.06139072014815946,59.151021976900175,0
29,0.2631803244425796,61.082220716392655,0
102,0.2253919504913626,71.88397482056668,1
12,0.2012257331725577,31.306798931256687,0
95,0.12799059118639694,3.3844370833002846,1
93,0.08597291364077007,81.05931608770096,0
81,0.29404072130271885,12.890505388163742,1
12,0.24119947675661205,72.18197372105442,0
170,0.09751597470952017,8.231529828732874,0
93,0.25579379092076343,37.53078420284921,1
148,0.23009026509825764,6.302606983153824,1
111,0.09615335946461952,52.22136796277246,0
54,0.1337003277300755,65.31357727815751,1
80,0.06392649916339772,17.143314117818832,0
167,0.04220520886965171,37.16276184384021,0
115,0.21960098952351206,93.02394910430536,1
142,0.08757843863262131,44.238911710745676,0
200,0.24781721606641355,80.25435689765567,1
179,0.29872652633918356,92.71847450602091,1
107,0.03221974603959812,97.43458249772866,0
52,0.14718018627427307,89.83220196913693,1
127,0.24259814220013287,31.740532915896914,1
179,0.2387957599969577,96.2572886161193,1
157,0.23039917591598086,81.2395241746047,1
160,0.11120853123755416,83.71755836394877,1
56,0.14161744414866517,1.517298417183477,1
51,0.18254082362902638,95.42388633182937,1
136,0.29244276923624457,77.80902238487407,1
181,0.10498870857216293,76.79674965078999,1
110,0.27771172743788874,8.152473092858624,1
0,0.08811350627234328,23.256854107333126,0
43,0.2968315949873743,96.2261665137899,0
74,0.2043764691800016,50.06770748054763,1
97,0.14441832930397977,39.785801823725606,1
8,0.1878832241384454,83.99408171469138,0
31,0.08903403902165996,8.734041411394433,0
14,0.08951041867832531,41.69420162710593,0
139,0.04293081771461321,37.57007744220836,0
184,0.043074586334565644,34.985138703039276,0
135,0.11082480502598427,30.769224365307313,1
71,0.23122808858994778,21.007495679007803,1
154,0.1863116386034671,17.29108029905222,1
189,0.03974952249599603,64.04061169196741,0
11,0.2571485922430142,91.93948412086785,0
64,0.18439661182711925,50.88516452498815,1
106,0.2886481172675861,29.797455234664426,1
41,0.20435378554925018,15.916019772222633,0
189,0.06080071047421249,83.01433650525942,0
114,0.14739717506926844,97.14920564732138,1
138,0.1980643032886892,34.91554014678518,1
102,0.018196763304493532,29.095042555212892,0
170,0.01432397660489429,60.149295297494135,0
94,0.047526870173584694,77.53289809534257,0
16,0.0829826861631865,45.540280354966434,0
159,0.1345692458209959,63.00731498609492,1
84,0.15135773739033864,71.6549068023292,1
167,0.05002800659199007,96.05922878561792,0
150,0.20528355794359093,16.50373305200834,1
55,0.18288003789199508,99.73824938253695,1
133,0.09539458866393645,39.215665524122876,0
85,0.013961366196234682,72.32001427265537,0
177,0.032517895452454315,57.241437797299724,0
101,0.12359148489814342,48.66686170088401,1
164,0.054652561838048334,69.80753687315865,0
191,0.11927768578291152,39.57538502235951,1
53,0.192172955308003,12.61099813368064,1
199,0.16869885408499222,48.889338312123975,1
176,0.07704100610984432,52.19158706823186,0
114,0.10970852246503819,20.190215339993923,1
138,0.18806904755010867,93.56193563286571,1
87,0.2596479581326001,22.747564664629127,1
48,0.2284318972342744,40.92275940840977,0
148,0.17048600778169032,15.49296868447233,1
114,0.11506496951178098,53.57966461869441,1
193,0.11586487048712357,30.763760810008968,1
62,0.26503101997667483,48.9272519976084,1
103,0.021380637051758456,22.461691645820192,0
82,0.2965149668818757,5.377512794871575,1
102,0.20266886914695306,77.92266510822553,1
155,0.20752993273099324,64.10862839596584,1
16,0.021019372818375223,34.07393557110129,0
5,0.18560348971846893,4.749422468232223,0
146,0.15058563742622963,86.55750626971209,1
183,0.04067588299927943,16.979500493567933,0
27,0.09059738312311412,93.0742218281428,0
193,0.26819119230195887,47.85953785959585,1
37,0.16949664060112635,34.038670990848374,0
118,0.12989080680043352,74.17594768909639,1
36,0.031077825193835174,87.68394060751858,0
114,0.21709524294666863,37.07135636457107,1
67,0.21382673878484942,40.73437521701872,1
176,0.18807264602204343,43.315821934719736,1
42,0.15797616740398826,92.23230614786691,0
163,0.13579747664013808,69.25639915143327,1
57,0.18204861696651775,24.764611704565553,1
12,0.07768468100123793,18.49996975019794,0
51,0.28296512861151785,23.036766342481606,1
57,0.18075041346226656,26.356388918551744,1
31,0.10024580886276918,23.01834913340015,0
104,0.1404071567566956,65.85064471923961,1
187,0.24364858877429876,11.593351065750635,1
82,0.05686865761178626,38.73584897079607,0
185,0.09492233051347551,62.505357297036646,0
98,0.20705732659360107,29.085997394293084,1
103,0.10149186987984492,6.527438470165803,1
183,0.23982548773982512,8.18239228459683,1
27,0.04783151128143464,12.596677630468633,0
128,0.23117898943183646,83.58430248681552,1
169,0.02982199730666421,65.78635056049697,0
47,0.013651857673573489,6.452241109764478,0
39,0.270484820461327,39.10688791514198,0
96,0.1785883729103666,27.858517284706565,1
190,0.11202980015517532,57.80401116288002,1
199,0.07745244471951661,52.280594967231345,0
113,0.18889687714563666,48.11240233697149,1
131,0.15761063322565408,31.451237037261315,1
165,0.2975633549036957,13.779977204399074,1
154,0.29513263612958623,74.23763828726379,1
136,0.1941571241810668,87.98567688426544,1
110,0.13843244677070826,94.41509092328172,1
143,0.152430881049052,5.861897061358046,1
183,0.20791892920868996,73.9908711588883,1
75,0.0394566178282606,72.65034594069625,0
30,0.10522210140510826,94.71096141455892,0
118,0.031828949891045115,25.291459449776543,0
141,0.03127462025990667,74.21790382951563,0
24,0.06679338014932779,5.4626288766484565,0
33,0.15072344383203579,63.12457207616191,0
66,0.2375845531372089,35.08478240521797,1
151,0.15079380843810303,76.89094395474751,1
117,0.10728821706265222,86.33042864353935,1
72,0.03388236719765986,36.48210422175162,0
25,0.16958570172310758,52.55860926993006,0
147,0.08866789008012124,11.740406236359991,0
191,0.18833091159597276,41.69069652234766,1
103,0.2933844443484013,36.08003932591692,1
9,0.04228115322848955,18.312345978451773,0
66,0.07151636562936257,89.44786247667759,0
151,0.14719741604881867,14.808783804016024,1
4,0.29089800645031955,63.573935753018716,0
194,0.2338248351182987,89.01426434798877,1
185,0.2704864660172207,91.19685798632257,1
26,0.10677730605797993,79.32396998405684,0
112,0.2976911573957924,17.614113387417664,1
14,0.039821516658605643,81.74314092138697,0
162,0.02536214275336924,27.65648124156246,0
104,0.2581247618456681,92.23980274325089,1
180,0.278906812360026,70.90866814238495,1
43,0.03626975368836951,78.52675610088865,0
25,0.04289395375629403,8.503245350193723,0
174,0.019620505749174406,58.27651134435444,0
161,0.04030719316638998,82.11421268986795,0
94,0.07073174687208145,86.15903527724993,0
177,0.29132221948390025,2.8631704733641516,1
83,0.20367946444950732,93.91592325551193,1
139,0.23578037740037722,4.333873330247973,1
131,0.23508042707054141,61.451867967484986,1
86,0.16517138743597223,69.33875276153121,1
175,0.24127180353677496,10.73452911679098,1
182,0.1827841843930912,4.801186560919268,1
111,0.1012183683049737,78.49121544507291,1
128,0.17272193154283622,38.4670624797434,1
88,0.1647174899790089,10.711251531512367,1
65,0.24880138559020298,76.2667816387642,1
157,0.2947008930406811,84.91630701436206,1
130,0.12920234397206984,58.738619075880734,1
121,0.2313832967479943,16.123680843464562,1
148,0.038931271171058726,1.5222471491490808,0
83,0.23528109714000367,70.08024813019439,1
176,0.11771090447803731,55.013967482531676,1
115,0.02142314723800913,65.07971417200795,0
189,0.11534139178303138,81.31846701995957,1
115,0.18708639776727698,43.422777699297214,1
37,0.044582548627625306,12.451546883362042,0
142,0.2779700028047738,93.99832853908265,1
109,0.03252499984912319,54.52621272468573,0
179,0.2797019487516182,61.52941190885402,1
45,0.21506988020134907,93.34114295517512,0
24,0.10561653087011903,93.1583656310263,0
20,0.12331760083563702,57.20946067281736,0
120,0.2248347157724958,29.76114247214261,1
121,0.18442661925555012,99.71136340127393,1
132,0.2047764472219341,68.0817089953536,1
69,0.12285773878890918,40.84366768920565,1
112,0.1514659097242037,55.98368028535897,1
106,0.29706157037098907,41.583405026802964,1
111,0.07203763244491812,88.83051522966474,0
107,0.1311782940914181,48.24993748657461,1
46,0.09462872439645051,82.35283759812472,0
195,0.23188233802755645,84.01762978230039,1
90,0.231563661443059,82.43323377352483,1
17,0.09480918368924479,72.21886124756745,0
148,0.03360319182356504,85.48777168075819,0
103,0.013315476234939174,38.722957962296924,0
150,0.13396065464032078,11.466320614196036,1
191,0.12899790235737355,84.24542043725145,1
194,0.29663306480556023,49.816841568734525,1
39,0.14624260195232708,12.737603252785101,0
137,0.08436132717687198,11.531252218200795,0
88,0.26845653789912555,15.92423940098927,1
179,0.15240970539953774,75.09732596671059,1
199,0.18376093421106757,71.08566734662811,1
60,0.037743926024181675,20.381868018488326,0
191,0.12104575812563446,84.69234181097953,1
4,0.28382486559739817,28.12947955282449,0
121,0.18095656141087338,79.29855833149475,1
180,0.10990553799131388,48.88059077349419,1
54,0.191443482383162,73.1548682538566,1
36,0.27401921597765366,38.13876630735658,0
55,0.08945727413705111,34.714059709477596,0
186,0.15648384835649556,84.13595989593323,1
101,0.28802028963440907,3.5302254514069653,1
92,0.05999488155655127,97.47369472575073,0
196,0.21870253842304635,64.81795582653734,1
72,0.18819949237886488,43.24833881994421,1
58,0.20710578803078408,62.80545311504252,1
1,0.11185369289359519,12.27409464589828,0
192,0.10102501831029181,51.40524552935476,1
103,0.20842080447062744,98.50955233397977,1
187,0.07250755268031814,23.526943784670685,0
50,0.13169987600911148,72.22780990363495,0
29,0.06457064735534622,43.497137583170066,0
10,0.012408403925765626,65.24581484879536,0
107,0.2913166344110401,20.488722869177543,1
75,0.13519386381036153,47.04649826176024,1
166,0.2911113881817493,98.0092713859275,1
89,0.050693820732669564,19.52871510160096,0
122,0.18033636604267095,63.64450278487571,1
199,0.06828246950945947,57.55977487667954,0
190,0.23912149681934966,56.50515862904033,1
191,0.2372738667406828,61.512328965161714,1
188,0.04265607322140042,50.22379736882281,0
124,0.27449869133415283,1.6930750257658,1
181,0.06644259768893514,90.00968114631178,0
121,0.1877634290609145,82.69788274840309,1
93,0.29583374982543414,17.416768092112132,1
200,0.2658949950822455,41.3273177378869,1
102,0.287403539282739,77.0548980693568,1
185,0.10935364365325463,98.00623153872844,1
183,0.040616936243644375,95.11370464417864,0
161,0.06462059325394053,89.93591996761742,0
30,0.155143519572218,15.837389729913964,0
51,0.2400366066992634,91.44751060090049,1
88,0.05354455681332381,87.84449129510794,0
75,0.20132214435561954,37.69499111663895,1
128,0.10383750517145843,39.452259453626205,1
182,0.1089486009937245,45.990892195516075,1
21,0.20195614174579862,65.61756309664169,0
39,0.14542983166463386,26.083561598301575,0
100,0.24548965497753822,2.2948429439944684,1
110,0.05521636780221984,14.122952459724225,0
128,0.23908499823244114,44.01159075767737,1
64,0.02862822193665205,28.200256942620182,0
190,0.06627562527122544,76.45165610361319,0
181,0.20028341720591797,10.669007054927137,1
169,0.2579284403882106,91.74652255548038,1
148,0.08327709204441121,89.5327179943911,0
78,0.10488556569038474,90.87568169332881,1
21,0.16576501700315457,73.96099986033266,0
165,0.07135611388189766,10.69999714835993,0
98,0.24523531586037664,43.813757136956674,1
7,0.23435462705167062,13.140537180546374,0
189,0.05213459647007666,98.76991927610827,0
174,0.14451062222682332,33.30384233986733,1
16,0.2347000523298402,58.53305418900621,0
16,0.10782556401999027,77.93930542442217,0
89,0.19360097858814218,92.06160842256455,1
140,0.02456180522269609,75.554772584136,0
144,0.1865197405535022,67.45037787662376,1
165,0.05426936420017603,46.59817820381513,0
80,0.25086916428319084,60.5400133750524,1
77,0.11308034443833874,9.416380885282983,1
172,0.09165062019117674,88.39225419612625,0
5,0.2538578032463306,54.37773088398854,0
162,0.02454176669082496,4.01350504349427,0
109,0.12501655180695997,91.99021256598975,1
13,0.11730102676675909,48.93019738368687,0
71,0.09259210853236974,86.85891415610017,0
188,0.2744087562804283,85.68879542053568,1
142,0.22776923411984945,81.57515874571149,1
53,0.02853771761566224,6.140301929535608,0
26,0.2172593603361367,24.706664542420885,0
12,0.16291674860735025,87.55478724654307,0
158,0.27125168937645794,89.89910560520939,1
162,0.10075422903102395,45.80688623688061,1
59,0.17650697988677905,44.004146765420224,1
5,0.15521902967488593,17.514063388614975,0
196,0.15197266280600566,96.84107886911512,1
57,0.14227056585999165,21.31384753590432,1
48,0.06963254790436156,19.093678435076555,0
150,0.2291558775227939,66.07289701491743,1
161,0.14088744949439372,24.284430300044768,1
25,0.28796971975075564,93.87716110143897,0
46,0.08563444388590512,1.090699531779482,0
4,0.20799571349184193,0.5753262323301311,0
19,0.28280795309534146,50.487680143559956,0
133,0.20240291367466684,48.8062459913472,1
197,0.26266914320904444,16.33640219009105,1
58,0.24996947832953176,49.451956297028445,1
191,0.1144341374918111,41.16611051699864,1
145,0.18403594258245398,89.03295253423687,1
131,0.05531578854529312,0.9253920216963474,0
16,0.16530250598172386,97.62698050329523,0
13,0.07682237182615778,62.43927642958425,0
12,0.22568367633620923,15.184344564527564,0
134,0.16313694234871612,4.676001381116624,1
127,0.12925593516318154,53.81056585592319,1
43,0.08795115788842348,23.48901659718201,0
118,0.29962255973397317,30.116553700125927,1
142,0.030796051056630476,24.513216483451362,0
18,0.022632597366001803,65.01723135725108,0
62,0.0730046461432207,55.352896211613356,0
162,0.2916110130020677,7.79744235218115,1
80,0.29397906881279545,52.65265331751754,1
162,0.19992904308391943,79.11897655632998,1
146,0.2652309334898574,8.119459082032431,1
147,0.07204890194383066,88.97389762304199,0
99,0.29189220731122084,57.83066494477291,1
162,0.05140760654047375,95.06244692703166,0
159,0.039326304572680895,14.814121772237565,0
121,0.04254134638170914,99.35649993533153,0
175,0.17620709774904375,64.42728659696768,1
43,0.23648257620823518,56.749419948106286,0
103,0.11633348158364358,51.52796241120854,1
151,0.2935898364579767,2.3654373098312753,1
60,0.13598184005431554,93.96391915495781,1
124,0.05363007972423272,64.39944728541982,0
144,0.14513035697397964,9.162648449929122,1
70,0.20692077797250755,2.0952170294524897,1
106,0.2513454763462698,5.078363923675133,1
49,0.14304280408741193,60.93957634322407,0
64,0.18214597955425857,61.40154148945852,1
98,0.08752996652606747,49.96672917814411,0
31,0.19731579265759905,30.676582065295154,0
163,0.29593186374559965,53.174273161464136,1
140,0.024225536050460218,51.63018208762578,0
197,0.26709389450449866,1.9415559876565625,1
57,0.17306192580258162,28.246923032749805,1
127,0.08310861127306697,5.318534146714948,0
141,0.2869180159026848,90.01547514476555,1
164,0.15017274788708068,72.52231627851354,1
111,0.10619017298528181,99.61151701929123,1
67,0.06263431219854393,30.21712633052879,0
39,0.080891140974432,87.84858477569102,0
186,0.2515262220615183,60.305426793248174,1
143,0.1881789027019781,45.31254069036049,1
189,0.2748412296516117,22.25731112886351,1
131,0.07727085112575788,73.83921652861429,0
172,0.045130186416181425,90.41407489043,0
89,0.011765383982921101,23.530839807537074,0
27,0.1572799909086382,17.539033497361256,0
95,0.29950900981077655,69.6221915004867,1
193,0.21153992795740528,97.69731627255192,1
30,0.09943443166989235,74.9955101104078,0
2,0.2642889890775898,28.45807390476489,0
135,0.2366994571365083,41.99554241477856,1
23,0.014470398162196384,38.43176354583717,0
14,0.2468895393568965,85.20950180470454,0
170,0.09715275959916382,77.13707788722239,0
158,0.05340530472924432,58.897543476152016,0
200,0.07563594352375162,27.495911039690323,0
44,0.14588814326879032,93.79885277220562,0
193,0.1332116988497232,65.33152247691466,1
7,0.09377731681852575,97.04766464417824,0
70,0.05994331344003948,58.011703304203074,0
107,0.23104692899622908,82.11927583636141,1
114,0.2971318372831259,81.31053793945267,1
102,0.23555955832171022,33.732877683359206,1
124,0.09582172062474693,96.40207229572282,0
56,0.08099459880951868,2.194146759756399,0
29,0.07312310405912208,76.87109087674142,0
145,0.04964157160182052,96.55570857640438,0
113,0.16988585941076736,33.890820328372286,1
196,0.18556610786646982,64.8110587790972,1
116,0.2145957715923098,56.22232498442106,1
166,0.2072618775707637,76.15073096765236,1
59,0.0947766602721809,86.61779216450523,0
97,0.10579019156508548,60.304456929954796,1
170,0.20763921527827797,81.59045863814569,1
125,0.1113398158272522,31.228557588925522,1
172,0.07166072498960077,22.85870587048169,0
150,0.11855748457205446,43.06676895328402,1
196,0.08890440569761351,67.77365995807833,0
93,0.03561068915338756,18.72469489387236,0
133,0.2507402816602295,68.03521921518914,1
183,0.2574023028555405,39.40936485720673,1
121,0.07372758704839504,79.5575273892632,0
107,0.028783937862308505,3.6835817103303303,0
3,0.22425995683184205,66.79826378293944,0
92,0.07134330150038996,64.98223366499677,0
150,0.12409629193668946,94.09354761253144,1
5,0.02859922314884114,71.33675535640704,0
31,0.0756181795799462,79.63018964232812,0
105,0.23994166071559436,90.45910158531683,1
145,0.24327496960540854,67.50519182919878,1
14,0.07005459921743601,29.01536349599746,0
167,0.10741501508093995,86.9773799583522,1
121,0.04892914153718563,74.7578119475975,0
95,0.03151006278262749,42.443760400089346,0
200,0.2977297971900387,71.05291726499621,1
5,0.20012224586100336,86.7688877181142,0
111,0.16720798766751244,97.56521313912715,1
119,0.23199456511753686,95.23515039590553,1
122,0.25362237630943996,32.53278267641415,1
190,0.24394728273297098,42.16937137181817,1
66,0.014796440294064215,10.953660497737127,0
105,0.06417429047524455,24.7544287018046,0
138,0.199922537614171,88.24212084869502,1
42,0.11897021086314924,36.0849926279359,0
144,0.29491996880772103,62.05526585948811,1
95,0.20296738986509366,66.59656183070332,1
131,0.28739918353146987,78.1829275143312,1
190,0.0684194796772802,18.280003024563097,0
195,0.2605475381533567,30.48131346144355,1
80,0.10319216868641534,44.83363414581806,1
40,0.296973794388964,36.48410612382735,0
132,0.055729714901212715,98.29052328596897,0
159,0.1597385474631147,83.49408032137124,1
197,0.23992491481276534,47.9686754620486,1
34,0.1354663193751704,87.9268626086468,0
21,0.14574437745441754,34.76529475832968,0
192,0.2960431806966649,78.58283238902646,1
149,0.13333936358733445,22.367559810645364,1
111,0.18518090917372843,77.2322045226366,1
10,0.025816501595793705,45.64534031957284,0
2,0.25424092326097536,10.749932099224235,0
136,0.1979687342040676,27.32624545555823,1
59,0.12716582983021593,40.227462402356466,1
75,0.014689166586810729,74.92929116644372,0
86,0.18158395797211613,7.298271473095086,1
13,0.013670770260407035,65.95469950926396,0
17,0.010349048033615194,71.60136409328436,0
112,0.18866858302331285,65.39213699257515,1
72,0.06481494952702073,76.06696381675556,0
22,0.06564738941824763,17.81686160228383,0
82,0.19944875409149568,58.710335506303736,1
124,0.025572184502418542,94.11449472038798,0
174,0.10088761282762132,61.07842698045377,1
68,0.05333525162118553,61.1336346952953,0
46,0.1782511472409948,73.64396421132689,0
115,0.2019118948709448,33.3204232125859,1
29,0.21912939754372263,70.04759013215406,0
24,0.08401705290638396,91.6233833313215,0
155,0.03588242797460936,1.0895473025342994,0
111,0.03281826051315037,87.01130411088653,0
24,0.1335839490507099,21.86183312588591,0
73,0.28429487862818736,45.59232737003752,1
57,0.07314141993163713,85.2347800952638,0
93,0.08445506438904929,82.3912127456629,0
118,0.03925775261069909,89.19274781260559,0
126,0.18561537942923978,94.0416792632526,1
168,0.2071631334446807,44.71569567717586,1
24,0.1964500503666204,65.63638108010069,0
77,0.25972777048298656,39.04784405261067,1
98,0.1510634921575608,35.071671749216584,1
115,0.048992541822448686,43.15954105976695,0
47,0.09392748790427966,74.3076134782676,0
9,0.20210469229219202,50.14407471415529,0
98,0.18780537238505235,81.4059674448342,1
10,0.16399090762545912,74.52184771961558,0
84,0.20805968141971928,2.0478461124399328,1
148,0.1948433466082568,63.02381571061616,1
172,0.265584217944836,43.65711233085911,1
134,0.179944749468706,45.662898915114155,1
191,0.23579439402316138,81.83730538698947,1
125,0.08212507523027567,54.760798608467674,0
63,0.2066729495308297,88.56218234589471,1
1,0.27163629433097597,71.28055923916904,0
75,0.12186237509095163,55.28400087640528,1
120,0.2359402143282075,75.45379761511037,1
41,0.22018889734667627,3.83490509254073,0
53,0.027262597092828515,2.7083654828207737,0
74,0.17863740979098097,8.334932692085207,1
15,0.04775491126823269,43.756532514714266,0
17,0.29052255994687143,23.545014562694313,0
186,0.24530817578319028,98.42612944157845,1
89,0.04181990236166483,54.22901390113669,0
143,0.04530807931782674,66.24157460811585,0
5,0.1823974179246595,27.882013624669668,0
184,0.11001786051022315,32.17969085876088,1
107,0.02012269913120169,33.54619141411559,0
174,0.1670760372715854,69.87357051503005,1
47,0.12247507890889558,47.37062076893085,0
41,0.03931218278780537,51.768365253007445,0
75,0.24255691375423497,59.20029821593453,1
187,0.27537226193085373,76.8811656238217,1
76,0.2294122408640977,9.036974851247814,1
131,0.2485024699047204,77.68739122188217,1
129,0.07278226450717402,56.32350688751798,0
58,0.08643615576639428,66.90954448552571,0
154,0.07047298668676444,32.7551764840762,0
26,0.23186839509601354,40.93868368164492,0
78,0.2848959528910041,23.116581965392026,1
71,0.21788278995283175,97.92999974174053,1
6,0.26562536181507124,49.700297251031664,0
190,0.19522273751612004,99.60769157965979,1
110,0.12242137116205172,48.978597806126636,1
118,0.1334708683297885,21.975126438406733,1
173,0.0318432153285474,50.745239673685674,0
62,0.019122586621347564,3.95955717990778,0
123,0.21168792521483243,90.47698014219513,1
11,0.1371443786832424,81.85502511944411,0
140,0.17014236973584254,72.58205206942847,1
42,0.17172176181050072,60.982671544246,0
16,0.0904389858666574,57.983423367036316,0
62,0.1480088281405523,99.67282140794629,1
119,0.14652046428363366,27.799743401993794,1
35,0.12264389415607851,77.96843653655779,0
7,0.24799586118631042,58.14047702136575,0
68,0.14083756106940282,97.58805437588852,1
89,0.18505691210673647,82.78031832982523,1
35,0.26970083491043956,99.85251129895927,0
27,0.2612077506290875,58.83249944624463,0
117,0.2682224390959579,20.454395754493504,1
92,0.08830144897485404,50.36870356947338,0
174,0.020144921609338222,71.11111340505745,0
75,0.08570937196964547,77.4360386181588,0
100,0.09082513023000549,0.05099890159435683,0
157,0.27371449475024073,50.5027088502294,1
150,0.19828039252301147,23.523457997064657,1
143,0.03369414828464634,87.49118332547884,0
13,0.04925979284321933,15.290544405022855,0
70,0.05514607640717287,66.64562495748334,0
179,0.19282230696898772,26.606219032492483,1
123,0.2232700673970309,35.654214321427226,1
124,0.25929673406396486,94.05592607568448,1
36,0.2827845997338105,24.044812540807946,0
28,0.0684943216420681,9.500276182293065,0
194,0.09983402056997422,6.928490144422583,0
142,0.07969363541600089,50.461511009946214,0
174,0.11404085456517993,64.17114822842879,1
173,0.2752528811528873,32.72936435708872,1
179,0.17678264441241484,69.02597417930808,1
18,0.22407565022410472,6.103371857323781,0
105,0.15213457847676679,85.73346449228768,1
20,0.018368794867476113,81.65672097392378,0
63,0.028616690939366154,98.54962713920857,0
164,0.16599767906768687,93.65049809018454,1
26,0.21844882009780744,35.61971639189281,0
54,0.07244585298333213,39.92753840155772,0
28,0.21935377645776816,74.59648474782595,0
147,0.2450930743102186,13.40827719549832,1
24,0.12945026872501225,31.401471024483484,0
69,0.22646157752479043,11.854093697564828,1
62,0.12716868559525335,45.48864490728314,1
163,0.2067216825419558,55.200427988531764,1
129,0.23155914430266747,21.11604699627524,1
149,0.2976587193093521,2.6631686914105,1
15,0.11016503199844285,71.93558317505232,0
145,0.12920182636663732,2.000516442616851,1
196,0.05802981722894968,97.34026089283562,0
181,0.06918118693652399,22.160725674239544,0
99,0.21108455075352953,66.3900092116291,1
29,0.275943221144798,43.475172623998915,0
44,0.12443543598175974,5.96738603371072,0
18,0.06215488958230696,47.218360663446745,0
33,0.09267885482106826,51.676063429679964,0
140,0.1419649943943602,85.46832080928685,1
170,0.09428859551595682,73.23490696478979,0
61,0.0777379341053412,7.9302474753386365,0
117,0.22343550173955307,20.916268343226506,1
99,0.012275027159780726,31.18876842149477,0
21,0.16637685292758012,11.640768646481947,0
179,0.24019237403862861,45.68990709144906,1
179,0.08720620303206576,98.43091908625355,0
110,0.18495453807748502,51.46127912377616,1
163,0.20398103062939915,74.18821683231694,1
72,0.1999571619574761,68.29377976993462,1
146,0.13929639391762813,84.9911435092138,1
37,0.11050761648397596,21.572349046560944,0
69,0.2524179811780659,75.38262616930282,1
115,0.22994932752996064,88.13552403057496,1
78,0.10316400029003461,17.150982298024275,1
184,0.03987556638823976,34.680221978800375,0
147,0.030824188179186064,97.01017643315615,0
8,0.03734003359069145,78.07878459797925,0
31,0.17903211474569242,28.259083253753236,0
131,0.02498203099040701,56.3941769644487,0
49,0.10770879373957112,40.43261228494788,0
81,0.2284279135551265,48.99651763271299,1
4,0.09536096828945964,35.51661913907085,0
147,0.23135934238223765,27.93310185303406,1
86,0.22618544108004604,67.47630413914187,1
125,0.08128986846363272,77.85418150861176,0
74,0.2213584322268962,87.39571227473448,1
164,0.2268552250989092,15.532996731818805,1
21,0.1252616384434378,82.28555236452407,0
185,0.07102194028504027,25.480082447706355,0
67,0.16116853399864203,42.733638991005066,1
43,0.27720530052005693,90.14436858492466,0
33,0.19548885240529795,45.4503600982602,0
76,0.060147524311905745,19.70635340443162,0
41,0.20799950817272075,15.98686552371178,0
136,0.133888877911732,47.29837666521338,1
105,0.18154335123305818,76.26724239765541,1
94,0.2228785701567013,99.72051439743012,1
134,0.15933473193918898,78.74086284309018,1
67,0.2460553526262595,87.70119589428535,1
146,0.21942511800182204,74.7832360934888,1
158,0.1883712686053681,89.5435100756106,1
127,0.05372991659138193,7.629354331391324,0
162,0.2524252421643548,92.99315989816455,1
184,0.2814126197427466,39.64061537256561,1
84,0.0497198859046955,92.16142232804447,0
188,0.15158992753569486,7.573283745947556,1
158,0.08507773517144629,71.52429571211358,0
82,0.22881175915341373,73.56887486702045,1
94,0.219272594441363,99.69108892977727,1
180,0.05085668496541562,76.88552706898138,0
31,0.26433790866587475,38.257370581560664,0
65,0.06248218855362066,55.724855161854535,0
186,0.24120511743795117,36.655093816659026,1
115,0.1425243042921214,19.601864530485813,1
137,0.10519896513186384,24.850232750227352,1
129,0.055889386175521916,22.201053427432093,0
193,0.058608134282522525,54.88153301632129,0
59,0.2019482608632611,90.61606345318933,1
16,0.16962481250466493,91.27266260883977,0
95,0.04540477227885748,5.47637775258255,0
143,0.0426823795271143,7.989940095189352,0
15,0.030970066684109523,24.51190571723435,0
45,0.2256925307383278,25.50594524694749,0
166,0.21644580471649386,9.48891752392511,1
158,0.026944987347826792,38.84633411734405,0
106,0.17247832192312215,58.77253926912872,1
87,0.034556085020380066,57.81622005994637,0
128,0.2720862734765931,54.34296812585927,1
138,0.2730640515622384,33.86719248874972,1
118,0.2124875670458077,70.64556853165807,1
84,0.27859478721744046,82.64839409810713,1
3,0.24532137881997024,34.62742664774085,0
70,0.2502761870188443,8.553535929946198,1
153,0.17521527666528064,29.633025109185652,1
110,0.09875716748269099,13.736865457490277,0
49,0.07316174338376225,46.735872722718085,0
139,0.10488800639128945,15.593515131607827,1
94,0.192263674725828,46.28447576579773,1
91,0.060070395391395685,22.100289232464775,0
64,0.08500566862482326,73.8731105462403,0
46,0.1457376502106847,2.7568240835845637,0
180,0.0775845285721385,55.47463038319256,0
105,0.18070666421765788,16.94882749200567,1
198,0.2777210482523356,0.09918644696270684,1
129,0.22694591605390665,86.92000880648071,1
105,0.20326371810318478,67.15277878140677,1
23,0.17898922803529585,9.89428220505234,0
3,0.1515048936845488,66.40723676838556,0
107,0.06410351929405131,61.16473327375985,0
18,0.269466032073791,47.335668704320334,0
153,0.08207544058372253,41.9258098425614,0
39,0.03647957449766662,88.7069762915735,0
49,0.2275044019763216,24.514801989745127,0
170,0.06092850495603825,39.83100570133833,0
74,0.11784983986694103,32.91154128948273,1
194,0.01820262920438412,77.12010290366335,0
11,0.04974970333672994,91.64653062325394,0
194,0.0602290529203745,84.97816987402305,0
26,0.025778937047551603,79.77039302997684,0
112,0.2004305174206251,98.6789945570083,1
181,0.25273226078290395,69.71445504103852,1
193,0.11826146784612286,75.10537912135338,1
48,0.2636271782482782,98.2802539705019,0
143,0.07187050662243669,0.6990785399174082,0
129,0.10436322283275944,63.404837643636505,1
59,0.05371372797903883,73.89715319532895,0
181,0.18996216667150959,91.7827053757195,1
29,0.13176218135238899,88.38443041843428,0
83,0.1878521705841506,84.19606812337943,1
165,0.23088572256431322,94.57912719417038,1
27,0.16825387464955505,53.73791879137075,0
24,0.19201280292151848,0.6920095584826758,0
95,0.28122259117435655,1.1054398697009526,1
124,0.0967286497865645,54.46390556178581,0
9,0.1141575422038464,43.527223886394125,0
187,0.2181339748957077,45.12450533654485,1
41,0.18727859994606214,40.0404737210037,0
39,0.06177454231651729,91.77258090912358,0
76,0.11908271990304214,35.917035116978994,1
104,0.14567302380616734,85.62269417630833,1
117,0.1316230530108329,90.28647937916409,1
41,0.06169969441339183,49.950176999895476,0
46,0.27808472661743605,44.69380373650883,0
164,0.23107244089125298,76.10206042154468,1
21,0.14959319131127716,70.79715076398824,0
184,0.2072176982089826,32.853511659620594,1
106,0.2702119749193013,10.254812592464656,1
26,0.04949050128485565,26.485240018248035,0
40,0.08260818470502351,13.102850581229896,0
79,0.16738336170442705,29.473227577669135,1
161,0.241713007692184,26.182156558079907,1
159,0.02051391967804294,63.77114238867135,0
88,0.29536526355694454,95.44960284547797,1
65,0.14192291483589517,68.57437323304836,1
11,0.11417703078029966,92.66494080645697,0
167,0.09489008697353384,78.41322586084434,0
72,0.06056344521875277,72.78776220711732,0
75,0.23955643358970807,41.406194021334144,1
89,0.287070107776368,32.47945028633686,1
200,0.12995697890516547,84.62773724729192,1
9,0.2862020014785023,90.53932329290053,0
95,0.2489013084761599,45.1882493650932,1
175,0.1495048269681323,0.9063098186644414,1
19,0.2054675919465785,79.25310589064705,0
38,0.13614541195943425,28.506884047229164,0
59,0.17202978838164018,0.9887865016920738,1
65,0.026833437735366103,80.4988558976122,0
64,0.2119164078371546,51.74141888168982,1
178,0.025319146900399644,68.52107463384691,0
123,0.24695463460669834,91.46898211444775,1
163,0.24923460954356166,54.11738301381054,1
151,0.07875241339130222,50.31940725789658,0
154,0.10386220650038207,29.06621213482635,1
129,0.14958000978190505,30.519383443995263,1
158,0.18303224301041962,79.65420660296458,1
56,0.09333256190517904,44.9029245585937,0
77,0.18182105734325826,16.35262086081204,1
193,0.09635825123649666,9.45287640004956,0
28,0.026092309110607594,47.292011686177936,0
14,0.010732989451253595,46.49550236177304,0
11,0.039333806796344295,65.3458278205396,0
100,0.23975270304756527,47.10674777451407,1
155,0.2888150805911677,14.347570413421472,1
83,0.13382019779155357,50.78028847985136,1
124,0.1586783465004834,90.67894038860251,1
102,0.052585969031293575,15.944141162021241,0
23,0.16979909227724554,68.9754640977749,0
148,0.05194992158202328,59.385926496552656,0
137,0.1872521560476607,74.85857267118027,1
109,0.2806450135984476,15.060027342759275,1
77,0.06675257639788147,94.16053369059945,0
100,0.23172347823655956,62.09664277671586,1
145,0.016815702617313973,84.70711376911369,0
141,0.11889419998327007,24.66067636802356,1
161,0.04211706727084762,73.94128893979615,0
127,0.11221787806275282,78.10307043339189,1
57,0.06032570669527622,39.743527238707564,0
75,0.11825844713563734,38.395345288342206,1
149,0.1310816137711838,65.77962650257493,1
197,0.09717142560646631,9.340768176021596,0
35,0.20042036534720745,73.5624150217509,0
172,0.2764670948650838,4.288675983941093,1
163,0.12617265849052897,19.0590301120826,1
21,0.06577951537775621,66.41437572413672,0
126,0.08850959987683515,9.832366709196382,0
79,0.25766023881394695,97.184209147679,1
188,0.17577551974834288,86.83962094619007,1
99,0.1419531993690176,62.63023324067365,1
183,0.05339464923758874,81.90574556693498,0
95,0.14042091941389676,88.75800485895678,1
160,0.09076268097364212,25.947564957181847,0
172,0.28351730707747125,84.94115879493195,1
163,0.2663803317305621,19.47937836376018,1
147,0.03433173713017742,41.334226414881535,0
17,0.15982951188576044,55.82596312485993,0
37,0.07526692019925489,71.38909630740325,0
194,0.12912535596204427,3.014131772252804,1
150,0.26428591949292235,29.050941277818897,1
108,0.162979210767678,60.85190982103903,1
122,0.10692243507752035,35.736867914911876,1
143,0.07028762269044914,77.50250556294934,0
186,0.24209420922788186,65.16521611507162,1
196,0.19111022445566067,23.44014537237358,1
195,0.14573898352360706,14.592897959233309,1
148,0.07307046262026362,62.90469935870504,0
103,0.10693144850556807,45.04673277047577,1
197,0.2883545937541704,16.89570411013186,1
139,0.16082608190569195,32.63742053183773,1
143,0.12620279156054334,30.30467483185866,1
80,0.16121239228101392,10.81319723393751,1
86,0.2359066667108865,54.690901926522805,1
141,0.10863159158583194,76.36486339125541,1
60,0.06182477507045656,57.5466888852987,0
198,0.17963147431832385,82.62913649373523,1
45,0.20290919000950947,12.756854721543132,0
31,0.21668822085797937,43.56118578222239,0
14,0.2657764013221776,60.94151036580991,0
43,0.11764049499984278,67.60015609419074,0
144,0.03185291990637862,69.5786306423427,0
168,0.2879210892529732,72.89654270978811,1
53,0.1361534589568678,65.14298121960167,1
43,0.19074467780520807,9.422808894086765,0
97,0.20322854370720475,69.53056776022964,1
4,0.16848897552334902,72.47826567743876,0
108,0.06952468362351832,99.34799343336272,0
26,0.228991484533681,69.3362436701126,0
115,0.24308807254818365,68.6830395751549,1
86,0.17036291994505753,51.4813290181972,1
103,0.15168273656960404,86.7922908585114,1
122,0.04304207310711574,99.68347619611583,0
78,0.03434598183493731,77.9044870197432,0
42,0.10847380521342331,61.25003778578084,0
96,0.10014538510004403,7.8954826931568185,1
30,0.28656037077934865,72.67391317296276,0
98,0.23725059530859463,70.85615685819504,1
16,0.20137804562512737,77.55681478094317,0
82,0.16011794581510547,12.455538839948932,1
109,0.058536583910728884,65.37325001261435,0
181,0.29375243493344233,29.57239049516747,1
189,0.1187618024896609,76.02712434028336,1
31,0.041008424709700994,24.037395403146622,0
167,0.15320167975756638,68.39786768204107,1
140,0.2634594233677941,29.49929469839797,1
34,0.26731439051542555,0.8994292817431138,0
132,0.013180115656369704,63.33579119730955,0
200,0.2670257659779059,11.326908315892236,1
28,0.08873042307495896,65.9291472788214,0
69,0.021301985550842693,92.56094483569375,0
152,0.25585917840523353,96.92459342110902,1
94,0.2605213592365804,23.592308732761257,1
21,0.1829070131542815,80.92532276506549,0
193,0.17658578961594393,35.35532768724403,1
172,0.24580487906021162,90.04570727479823,1
68,0.23802977028598113,78.74895686293738,1
88,0.2681305872983842,7.392171664576363,1
71,0.170296759803044,40.71369938772773,1
128,0.2906176568925145,33.731782600967406,1
171,0.29888258097066817,78.51810207232771,1
86,0.04379793689960345,41.02857106531591,0
95,0.2563676902706954,68.45883976530838,1
74,0.15494845474709082,60.243525559044045,1
166,0.1223942381069513,97.56387190976338,1
53,0.18779096986598734,93.77849568016148,1
87,0.02623001160598204,42.76995147387187,0
156,0.15687372444245318,72.35782116411494,1
53,0.26255826530773335,82.94600939812217,1
15,0.07190383968030095,89.88857538621453,0
98,0.13365306948313327,6.813426377648368,1
19,0.28244945743731387,30.20787992734968,0
45,0.1342835129636522,32.02300409685218,0
194,0.11392661337639551,43.44459512198786,1
192,0.1377556279557797,16.9264750715419,1
126,0.16064130229009133,49.62058799500081,1
57,0.19327748979812595,66.32143272984561,1
180,0.24220091226585203,49.73639202167177,1
110,0.14110963967165113,66.57930951976158,1
128,0.24706947117614067,6.644163181790031,1
80,0.16477899179210337,87.59873317074103,1
193,0.10815934800671351,93.90691921010685,1
156,0.2008057401546301,61.79074241186486,1
83,0.21813945387561248,88.1390998636897,1
69,0.1718342029325514,13.144601664821243,1
7,0.026418342209069787,79.74489200763102,0
28,0.059266033796639216,11.914819347259398,0
111,0.09273633905816617,40.80102314975367,0
178,0.091961425725933,32.3818534558275,0
160,0.20529203207159247,58.559182522045425,1
130,0.015321111885353449,30.151453523953354,0
187,0.22914771534436076,63.73136296671327,1
162,0.08694931769401061,36.738728915195786,0
196,0.09990633540266969,86.07903810304644,0
107,0.16309385010373803,63.38838402196115,1
108,0.07261842427229767,21.529829732144613,0
19,0.266496680936903,33.6129422028087,0
72,0.03475694600470393,84.74208876266557,0
166,0.13887088506730882,38.64797499874585,1
3,0.2563324581419181,53.57990655656452,0
18,0.18859472938215838,64.89419359523328,0
101,0.09477555959436369,34.780964958591674,0
172,0.1320204602551736,29.39786307580683,1
170,0.21494137029932925,47.52549026080286,1
140,0.2922456155755308,21.488097209278912,1
140,0.2690102283300357,28.421058691906342,1
187,0.10930551443088925,6.2078484032036085,1
184,0.29947738499347865,30.397027597100546,1
85,0.011016352424006899,32.07040933635693,0
51,0.018012629184440375,96.18331662913197,0
110,0.2489137493996462,58.97288254658801,1
180,0.06784417918158508,78.73824254158056,0
108,0.027623087834909847,4.537725278032245,0
85,0.07877294123858564,10.653669360837192,0
42,0.13356904465444946,81.45369608625923,0
199,0.2218642184256874,62.35495494176357,1
199,0.19105730269984958,19.098203054020292,1
41,0.07891015309252192,40.479540586173826,0
89,0.15594842994916946,53.86724999816228,1
114,0.27860209056558494,84.36098291374418,1
25,0.24635225532528973,6.041199169449419,0
150,0.10372503760122007,59.67222893673624,1
42,0.2948567227931519,71.7035921586684,0
76,0.21549991612618796,97.78918579104594,1
155,0.028110313143366712,80.71600782921844,0
136,0.020196606853705217,27.622731356527343,0
19,0.05883830521290869,70.95791938782651,0
183,0.22107820173454257,76.3277884926977,1
38,0.06328428849430409,72.97354999183952,0
178,0.15833116307056172,82.014406795187,1
11,0.0370454348524412,90.37299762136377,0
182,0.27705698577075655,9.842986898934026,1
10,0.10974857793923458,10.476385768111884,0
153,0.2733582964025829,79.6399988770646,1
41,0.28401393615405784,25.237247652147087,0
154,0.011777307720967429,5.854142195007794,0
10,0.1445992042876323,40.12291809806058,0
37,0.017150256154998936,81.98769118260782,0
97,0.2735209022278427,12.656502381398038,1
170,0.16033818797302699,67.18419718044674,1
18,0.03173376368256408,0.36158617715676966,0
191,0.04198025120020439,10.973744721244994,0
133,0.12121761710289432,35.085034576848685,1
173,0.28266791593313795,8.360228102441402,1
115,0.21094365395474343,84.5901667437113,1
112,0.2616094711948484,86.40705031454688,1
169,0.11627242743859409,75.55707030995242,1
64,0.02253197286949951,24.247963139561747,0
98,0.29255211478928006,52.32470752399798,1
71,0.01498016729208717,18.41885255233714,0
186,0.2848189793935158,28.12784500731108,1
51,0.11691645291625195,51.60052921737911,1
117,0.012926217456345642,73.50138084607978,0
174,0.20985559720010738,9.465438039363915,1
119,0.2943566881690927,29.669669762808613,1
6,0.29003145962290183,92.66213485719223,0
10,0.056671733248701346,42.912331778188815,0
102,0.06256186375918495,93.88696739093145,0
60,0.17400628523970144,99.14005415521356,1
67,0.19481839966421408,52.665982611141594,1
152,0.22443119496310102,28.804400978485056,1
139,0.06250460453692278,79.0776808572579,0
153,0.288112055161686,15.931073552501495,1
101,0.195234384323879,25.204685967207052,1
109,0.25564360647246087,78.48799094992822,1
139,0.16661905743240982,43.36459247320299,1
170,0.13014028580106596,20.153793698766677,1
50,0.2933830429125488,65.11257449523245,0
116,0.17881519753775246,73.27618613816828,1
164,0.26139333901176187,12.507123945056907,1
45,0.28645479494622406,27.698025997493414,0
52,0.20585284183251118,22.127675537223325,1
87,0.16919221677041574,37.985462876245215,1
120,0.01101814676408868,76.34448955760644,0
12,0.021605695814311737,71.37081022743243,0
88,0.06824685265482373,66.25239103837039,0
124,0.06394244523823862,0.6285545868591202,0
117,0.08388005060795514,14.214331338038944,0
53,0.09843104493232163,22.329754910206677,0
184,0.11441899312971118,27.19558460388496,1
115,0.1319559301199742,14.64265416489,1
117,0.038671238152244256,41.031555147388964,0
3,0.02228496026630679,7.518058501402591,0
74,0.2054438902311768,75.00221903877808,1
48,0.16582709920449254,78.7720787296105,0
6,0.1388018186438347,57.42666896008981,0
109,0.19398758293882218,8.970487704196783,1
121,0.2500270280890267,89.0083169546758,1
10,0.13403094364369933,96.56358287081144,0
91,0.19592464486507402,20.236356032178936,1
181,0.28653594491219603,70.46398194407197,1
172,0.25349110379985257,84.19386306424857,1
22,0.13354023504569873,53.98435225427023,0
27,0.19696788296627546,32.33230995267489,0
110,0.061350567355622526,47.855871508035264,0
56,0.17255143361957606,51.2268750784452,1
25,0.2945852044301484,40.06370441880279,0
152,0.16031138340873147,92.98424936337062,1
53,0.2790151067651427,74.3883110942502,1
28,0.1281271269459456,24.130164225496397,0
96,0.29966499988354306,58.55571873198685,1
163,0.17797381021599176,68.86891509311674,1
13,0.022258008328421022,14.015642170213027,0
77,0.18015889104050253,35.842574238014876,1
34,0.08962608174708302,90.5548281603916,0
29,0.019419583390409466,56.71731001852015,0
91,0.24804745836145237,21.699774606031685,1
16,0.08996159472441921,12.278479811915076,0
194,0.24099908067348455,51.822689347487774,1
157,0.09358309905720141,54.76857230291441,0
92,0.06635464262339454,33.44144513546124,0
172,0.29244131649028393,63.041602841911846,1
78,0.11487714504895566,6.868468621938872,1
109,0.18439910131851653,14.513969326614063,1
178,0.18689463291619676,54.62738210112592,1
101,0.1725373098303155,6.181569384445396,1
105,0.27526176562115223,88.09087649911007,1
46,0.20558791069639185,14.21463704565168,0
180,0.12708257119042973,67.39198740845364,1
63,0.26009031151203943,39.120344171442525,1
165,0.06250824074362968,39.978774754224844,0
63,0.16782865970702107,76.48895286111438,1
86,0.2856596078636893,49.946213417291396,1
6,0.19136531266531967,72.56554636438663,0
21,0.2469208506377141,50.51912287527692,0
80,0.1995326104081059,59.29053414052634,1
168,0.2534175504259882,76.07146278696642,1
73,0.28390148515512065,60.73087429212754,1
137,0.08914730098449367,61.56151093887886,0
184,0.05920171356444847,78.92195914275945,0
134,0.15035731759643658,94.90868158193733,1
124,0.21354010377902258,37.67161539353368,1
49,0.07588546342284266,57.71171572259512,0
51,0.011189420624748451,8.62731577335456,0
160,0.10945118359264454,35.880388056886694,1
0,0.29096920728565867,41.2049225889386,0
180,0.21154056357569553,83.5237316824051,1
187,0.12638437874295494,51.33924021256768,1
161,0.06584706823058369,73.10663732984578,0
3,0.11326600538887661,1.9007400025671362,0
144,0.05925343565736191,46.44926696283156,0
131,0.040828688180755905,90.13176651635843,0
170,0.27295528804604063,22.43139093057851,1
3,0.29931859812888734,3.1522185307112927,0
0,0.05759318748277919,43.34087337134764,0
70,0.02581154207470112,70.44318206475954,0
177,0.10562202107240157,45.44635068414695,1
200,0.14388116242081045,45.997831351126585,1
188,0.06939816165199779,66.98050412383195,0
34,0.09741322442158194,25.4388808283049,0
7,0.06825251335058073,75.18897916419775,0
151,0.23453556484541085,15.311353090573343,1
35,0.21664760354170562,39.57506052859877,0
177,0.1941359395706847,65.6008108470918,1
122,0.12229317855296937,82.83690072301977,1
42,0.27362187298112844,79.15310711650552,0
26,0.29116443704515577,72.16855993076979,0
31,0.06035540066136948,35.9096383536391,0
77,0.07467366600944463,12.230431629372385,0
120,0.1624329981201072,21.68342176929906,1
145,0.03646266509185113,86.4833814576485,0
155,0.1365700356587027,85.73313701326595,1
156,0.17871946678553594,95.15608525390158,1
15,0.1614013356298266,7.598865189554161,0
98,0.10596348909262755,53.68090852774561,1
46,0.16730928376239,64.86830449042336,0
186,0.28805227673506584,71.06573770668567,1
30,0.06974504724449905,64.38632350104302,0
3,0.19990109393426106,77.0011389902282,0
164,0.022585041305255037,35.94715762893416,0
16,0.02926075729961613,17.943277213548214,0
38,0.17003018502483966,20.458337215043855,0
47,0.04043236229510534,1.1978689470164339,0
173,0.016480568643788628,35.03218721062223,0
175,0.05973876931792643,9.174405087997728,0
38,0.17380625958987658,32.14886927901909,0
131,0.2139688768104904,62.82100771662478,1
29,0.06871878360100019,89.44780555868199,0
157,0.2037952367903706,83.96054509905164,1
21,0.06291813601877651,25.267421195757688,0
65,0.18790265372306456,13.408314219804696,1
107,0.12946830716978167,19.30722737967313,1
11,0.19960185770674885,97.09866519036069,0
35,0.2985652982189817,54.94744796854908,0
17,0.28196691991744294,18.250222300057484,0
89,0.011241709772470052,84.07461546868151,0
180,0.26677724166506867,39.51912443125549,1
198,0.02928233060068229,89.92221519747274,0
0,0.28638350998635503,26.06771268344865,0
126,0.09172944693890855,39.322175880423615,0
185,0.12079010081926857,50.494776279008455,1
89,0.036575079500961075,89.26153340890316,0
86,0.04255909991538378,86.87574316050558,0
89,0.22075476391650267,57.43550703038779,1
133,0.2838563483670046,22.177550978089066,1
69,0.18711706353674976,40.33569717378751,1
43,0.2175965045027752,97.56330653655054,0
199,0.2309712259331745,60.777322387740206,1
151,0.08621613962035309,78.10977551241966,0
85,0.023116592966862328,44.98646953614197,0
18,0.010543095736558889,53.20072754668064,0
100,0.11168829205666539,42.895411223254406,1
145,0.08002462617777266,70.2920998061968,0
94,0.028072140264263835,85.14710138868774,0
100,0.062063204823163354,50.73635432245636,0
29,0.04610468049770486,48.08674586362257,0
169,0.2753147303790374,34.02864670983969,1
32,0.05067749190315899,17.709669429408383,0
11,0.16591805455642697,93.92477228751088,0
117,0.18200072698252773,31.607971867950504,1
93,0.16761194273550378,80.06914635742855,1
154,0.038726365922636515,71.53470212874741,0
166,0.10245152490765984,79.09176002781291,1
136,0.024868396414314445,93.67681333721023,0
148,0.12474427508793164,62.33707602208972,1
75,0.06469369006876168,89.79503433820446,0
28,0.17287343465247013,16.769732291229367,0
160,0.21091443421623915,62.67125759567877,1
189,0.16431475945936488,77.22756129146127,1
116,0.13592864201730476,27.164113074417408,1
14,0.1223266920484408,74.0753801291965,0
1,0.25409061274813105,77.84768291162368,0
179,0.0736167388689283,83.11879560164448,0
116,0.22292331846337196,31.288291259593283,1
171,0.2296698741746345,68.16065901683092,1
181,0.131568002108513,30.42532834097621,1
17,0.0962171737754354,73.90403874984554,0
2,0.14645703095333282,46.29736651457122,0
134,0.037032038508882564,59.754437452722,0
170,0.023319709346436093,41.58399814305689,0
165,0.042364927841048616,16.19829269298243,0
164,0.06427205912404559,17.802952960536366,0
185,0.15621127789803246,7.7568907262134505,1
160,0.2562496244867254,61.80726797216618,1
107,0.07833627627990922,84.86383979530594,0
186,0.28119698311656566,2.0836826262080943,1
94,0.286923293591151,6.62395020883535,1
121,0.2880823354051095,45.746699230291036,1
10,0.2528931930561339,73.77207361681893,0
67,0.11550926183133896,15.77076447119513,1
122,0.031078334190760684,27.165131954919385,0
195,0.17495743221228352,23.200620128180717,1
112,0.17201761874179777,39.90512186711541,1
97,0.2564929724617827,22.499867701757115,1
92,0.2988374047743705,35.2598678544753,1
21,0.1573656189024428,72.85425986619441,0
193,0.11010916900153742,61.100924845418916,1
171,0.06391149635131743,8.11817053916929,0
126,0.011391949197037513,63.77456662457177,0
133,0.15764297082177495,47.707717155921344,1
169,0.17110041334375276,93.45655747071388,1
24,0.24923215914704525,28.930431710405323,0
184,0.15632732068891217,72.616641969916,1
84,0.2757758211131564,73.086082304457,1
54,0.1921442082057163,22.150078100918734,1
143,0.2536975090841141,90.32236249709361,1
94,0.053007503094246664,49.118320042960306,0
141,0.25804747778767123,67.88833668893024,1
166,0.20579171778871602,14.585555888350454,1
155,0.05936757940711586,25.780391699196926,0
178,0.06503143186234314,58.61071179372228,0
118,0.2786851795228242,31.90272683733495,1
176,0.019342454530608136,49.96929185709734,0
8,0.14413513355575477,37.40051993732892,0
185,0.10090783408088944,64.0553796644048,1
172,0.20287245759954414,48.714536278080885,1
149,0.25349252239500764,0.46099359731681666,1
159,0.11450965525140516,64.9680837945384,1
196,0.13380160532362279,42.212155705018176,1
196,0.2947561575054101,34.169834049022285,1
41,0.2373357878069688,9.414675228322356,0
52,0.2701891979702195,22.03696905664915,1
186,0.13724104398897263,22.377229158085342,1
73,0.0778820991553934,93.53694994047291,0
38,0.129440404962071,43.251297474654685,0
121,0.2176666561711389,4.206584721517004,1
14,0.041734817402434,13.881668224332088,0
198,0.08843604062878756,7.903267573291206,0
156,0.02352441113386121,58.88693902072113,0
122,0.13538084411805815,18.662149156682673,1
110,0.24995926343408784,49.855764028177596,1
130,0.01715246960642313,37.00620628699755,0
82,0.20584382277407814,80.38763771441994,1
9,0.2804238036089845,32.04896372653623,0
91,0.07870907983824285,45.82654823968083,0
28,0.21115410381101796,72.12855485978258,0
34,0.2927795513190581,43.335120693063935,0
5,0.28906063744421434,79.32155360131891,0
139,0.07812946597845154,66.16843562366648,0
110,0.03909600543149992,41.0529113946716,0
37,0.053001935989815625,50.39819256863627,0
76,0.21359034385982123,96.72034558421934,1
92,0.2204700738814499,66.16114965083923,1
146,0.2055286028721777,90.49952259723248,1
66,0.10746273244524904,17.875850347106436,1
135,0.059235312529855415,48.32361562451519,0
7,0.1784207166661534,90.86616698450506,0
121,0.15026732926978129,32.26120614414177,1
83,0.22136190266546799,96.76641981464208,1
174,0.1379944228188302,9.707749047365743,1
131,0.10820551145907582,90.26711702750369,1
178,0.09510878743411416,44.52121220658587,0
84,0.07132639281442649,7.374416514116067,0
194,0.0870664490941318,87.95215925860875,0
44,0.03750082726478939,25.194021240911347,0
135,0.11058853316937796,2.2250125495225204,1
86,0.020605245585257878,13.580710556919229,0
15,0.06406001567823477,65.91147418997616,0
76,0.22656342893963444,97.78114891381948,1
194,0.10438600671622056,11.14621395835168,1
8,0.20378873492342972,46.1948048124762,0
59,0.21789641092321044,18.06365509475325,1
77,0.17854374939231293,74.50365341015922,1
76,0.2880223449959655,11.805889976181415,1
70,0.016217561320702845,23.98417484808896,0
14,0.2242092686705612,19.640596764907137,0
70,0.2880481267427183,55.25197803669779,1
101,0.2600588015123524,87.31840920006323,1
168,0.058688880623453864,51.109020115641854,0
21,0.10477788881300229,5.824345277147125,0
151,0.06001103356417496,56.33889305968312,0
112,0.18437942550626418,79.75209993180094,1
171,0.21653451477405275,13.215619730432271,1
0,0.10195139311528686,7.271121434459172,0
9,0.1664569064554457,18.780777755756905,0
109,0.21036696532064655,74.60863228216274,1
199,0.13218854681720402,59.16804195320016,1
183,0.25766450383208317,54.059465396174886,1
112,0.23374948123346695,24.947989463176835,1
49,0.028753007716665488,33.22365952468594,0
11,0.1901263367363404,96.58850129433422,0
88,0.07824440977832738,24.06252267293857,0
187,0.17168029675350982,90.16454232550885,1
153,0.2874976483635602,58.05315044577366,1
111,0.26492798132015255,12.32964663712478,1
77,0.1273097569033882,46.7312378155068,1
168,0.09453901891986248,94.85487173608759,0
163,0.07797766587839511,41.85655981373586,0
120,0.1644293122293908,86.33865647893623,1
22,0.04313205144483633,25.64286946517077,0
170,0.1692897523571921,57.0922151800373,1
133,0.010386755452329685,84.38520582019737,0
196,0.103916392916295,92.06884411696954,1
170,0.07378095101086855,48.58233671513007,0
24,0.2916534490886268,63.968810214542906,0
17,0.22090027267529388,0.29801307823309475,0
189,0.11139948033404892,25.32233075133896,1
140,0.03692507509387995,27.871210374694577,0
42,0.15987217246028096,9.34930116544308,0
77,0.07189988558455226,27.969501335697665,0
27,0.16556456831052377,32.112203305813914,0
145,0.2522550827118788,96.87660395681932,1
58,0.18857984010940176,66.86023805608376,1
187,0.19379864166805064,42.600507941634426,1
62,0.16689878382821532,98.80544606955092,1
184,0.27890703346310863,15.32323202346112,1
91,0.28025177848197497,47.605119393048454,1
178,0.15868972831133013,64.70622070490494,1
55,0.09867025127161627,5.558063448407702,0
154,0.14328023170503873,71.69988580831188,1
159,0.06410179453672854,9.98673529219899,0
110,0.1945398514422459,14.028230859967694,1
136,0.15502677737684764,15.968951246208407,1
67,0.03995713856585117,92.88898266555178,0
45,0.06731785652468844,68.32355451381677,0
66,0.14909326729786276,65.54275011031041,1
153,0.2674008073084689,55.549349646499216,1
135,0.17425330898301825,29.280599869510283,1
5,0.20764515006045653,62.08897045993515,0
23,0.10831827942573381,41.01497198886398,0
175,0.17570930398282794,14.541615009261488,1
93,0.13974014856503955,68.95972903277331,1
172,0.2011476746607166,12.958216792992271,1
12,0.024666914162913008,19.066858102117322,0
196,0.15305706270929814,81.7699311847606,1
24,0.09583786129175041,66.0117096125154,0
147,0.10459366777059367,63.09911542136424,1
117,0.2886660551518378,41.82027843427241,1
81,0.062981495686301,39.62805182393711,0
110,0.1002611232477931,69.02626091854012,1
81,0.1578688469619528,74.00055386090457,1
65,0.26027781496339086,51.02132023643106,1
44,0.1308343241298474,96.92692443485262,0
113,0.2257209314575696,95.56995589188719,1
174,0.2583484884822927,41.24294900127586,1
62,0.09990474318833618,82.06222542831536,0
75,0.12389755322622586,54.32678415984154,1
113,0.1134013048696233,51.17558875571745,1
110,0.2515281844991971,5.4964061378651845,1
182,0.022860589966544335,57.397471046831015,0
146,0.0994421157603172,90.05779305631646,0
34,0.20702848170258764,78.0133849195092,0
52,0.17397861487394936,78.63171446992621,1
25,0.13652391419517135,15.992903857633923,0
13,0.16658498589420145,35.84494471335636,0
117,0.06729952989021229,23.320491665023578,0
44,0.134907820266323,31.591528245563595,0
171,0.15549386541114124,57.95393434937254,1
192,0.27134484536683445,36.47838133702479,1
50,0.08564219721315312,56.06978174642661,0
170,0.2616702656278304,43.850124827457705,1
118,0.19683000623953475,28.661555844972764,1
150,0.015898841009604286,9.540343420515862,0
183,0.22014308770082414,89.18384573447827,1
18,0.020310044489225975,1.1373366004648666,0
81,0.29924052677600577,0.16524881419711646,1
75,0.2630646394304474,82.6797739763546,1
182,0.09622968678661323,99.681094032579,0
91,0.08464925675704456,72.71028277136563,0
187,0.12061791381062657,1.5273838062884737,1
186,0.11328841994118846,22.669022666851333,1
32,0.1179779673317605,97.18227002619612,0
146,0.1023001983746493,80.86042521738348,1
27,0.1901286879860161,56.679984380471105,0
122,0.057636462478980945,23.686070944035897,0
179,0.2553345748093438,1.437020592674898,1
125,0.24559672036908142,2.0861472637409006,1
176,0.14818013027802843,61.19808635302266,1
36,0.2572916899307788,2.183187635242312,0
153,0.08167207030878504,99.36301419253726,0
98,0.015093982154150413,18.33838334937381,0
97,0.18957029825864868,71.07073618692773,1
126,0.14279372801976747,15.505972141241342,1
167,0.17447771842580248,54.00934210977145,1
79,0.2708084286153369,8.061128846621756,1
37,0.2912784163341236,76.67784245332432,0
76,0.19399141052912489,58.492109472482966,1
125,0.23157612105720712,8.616669340141502,1
86,0.03430444571127764,84.85861892000055,0
53,0.05660751961853663,54.7018614776702,0
149,0.2226293934363632,92.1592310013318,1
15,0.13509598235252057,91.66233736781126,0
27,0.13932992841727765,92.05077894865823,0
162,0.09949622767427661,7.778520020046797,0
187,0.18613335120854568,12.095776175452343,1
172,0.06369786317069875,98.7705809716198,0
45,0.19180572100102972,48.7600821398706,0
71,0.060401668569219504,23.821405282914764,0
182,0.028509550065816944,76.9664488498658,0
84,0.10580372972272768,26.4285221212482,1
25,0.07703069918285582,72.72156880186424,0
84,0.26780757518133635,83.72857778497611,1
152,0.02593650162190171,78.42633772952806,0
64,0.06121797084649563,27.40478081979354,0
133,0.16912868561908434,40.161857407923705,1
150,0.14950948534576736,41.32510032332763,1
114,0.023297085328663446,49.12729181044718,0
63,0.012103204124391897,16.737285154013605,0
86,0.29653970316873346,45.24700504143424,1
170,0.20106206310406308,51.07829905154797,1
106,0.11596777796145147,53.17089965810524,1
150,0.14642535182233998,81.99004299844582,1
95,0.08729953493174321,51.73344984794952,0
157,0.11001339727103082,23.078392251367518,1
76,0.19822289550778205,66.31287382441872,1
145,0.2660154216715375,79.73141440866252,1
86,0.06339770669354361,31.937166643826174,0
148,0.2537048365617424,64.53059290176051,1
56,0.04525142256029803,14.693799594601265,0
102,0.07234774484063344,34.1926304578064,0
150,0.020780833534397334,90.92239295496341,0
90,0.05083544000696984,91.13081631625708,0
44,0.27601791218457467,57.53245787430637,0
171,0.1432372365193298,70.23514608651067,1
87,0.032523099915722525,85.40154152059414,0
114,0.28832078303129877,95.85531853126267,1
46,0.26490776925000853,48.98864402897695,0
167,0.22885793105176094,56.15757366260343,1
178,0.2807071096647918,41.56415666478303,1
169,0.07383753204237159,7.198193705642875,0
134,0.252547094972925,42.280347244881845,1
49,0.2100974469427488,79.06273393830772,0
175,0.26223018237462964,80.48854979915286,1
83,0.24110435406536262,89.23771145932997,1
90,0.11048356832127923,5.146670517596908,1
133,0.23457557573500412,52.71545895806339,1
90,0.08611232786561818,10.742448793707627,0
136,0.10529172727813589,20.07421831657433,1
108,0.041292657994663085,90.02165023806064,0
56,0.28117221863433595,49.67912584296958,1
30,0.09439097538608164,75.85449208966136,0
20,0.16098051489972104,6.438410592868083,0
89,0.12348652257519586,41.6826503924852,1
39,0.28837915496921546,67.42402806643378,0
111,0.10716425957215989,13.34064812782133,1
44,0.23577828821257982,32.581787910568316,0
76,0.2580706848430422,6.454780502388324,1
176,0.1363258842694801,65.13399408695105,1
86,0.11966982619135005,97.08912590581185,1
147,0.22684628807046212,82.70454911428297,1
100,0.2747398342888079,97.46231168075656,1
116,0.2289302025909491,84.56047950983965,1
91,0.07586664602164102,85.51958061969786,0
144,0.26760924675693454,57.71771953713426,1
27,0.12239868355668158,51.82523114132099,0
168,0.17710652941560096,40.625426642782756,1
193,0.25111632959488617,81.809489504588,1
24,0.06463448254614274,18.20676122780246,0
57,0.2375079393464904,5.62249158241932,1
40,0.18288721139409647,94.7893822684675,0
133,0.26906907613000636,0.3778185203477058,1
74,0.05987141653462746,97.68293218758518,0
37,0.13199784874186923,72.88533698737658,0
133,0.25152449693138285,32.84989196978276,1
172,0.015577194002460451,69.78198430863102,0
74,0.04253839636203643,81.78751571851274,0
141,0.29726391169945304,24.53620559864359,1
65,0.09131431179120164,77.08956832795819,0
167,0.2929075261799465,80.43696250082402,1
2,0.06293414979251542,24.93546301253454,0
116,0.11471738847212731,4.192635437798353,1
98,0.2283321389060355,20.412228455809768,1
151,0.20075573809907177,20.064640888939444,1
18,0.1785254959794261,6.524045417548319,0
145,0.16367076098345218,72.60073846551958,1
191,0.25459772866277464,37.99749244584082,1
115,0.07813508322168387,88.43861674538583,0
124,0.13831656882812035,25.217110566518596,1
87,0.05508116472537261,45.32321650999273,0
34,0.18282306276190427,63.90174289267628,0
189,0.08265788303868284,87.7464949671778,0
0,0.10681419865958187,52.46211016193748,0
152,0.14666270782082316,37.35246278123828,1
172,0.017763469853907074,86.70150784720089,0
176,0.03666200141704292,31.024642468761055,0
125,0.2089194740053837,7.942369963257645,1
88,0.1344012944080771,44.504210751024,1
143,0.2607891643799697,78.5093306497992,1
146,0.21145488105681784,3.0780831753523086,1
150,0.012349273077723509,58.58822449895921,0
24,0.1888465759224691,59.44640485272361,0
15,0.03718021115731776,92.85417634273816,0
181,0.23647062213924333,28.64648171450218,1
72,0.29753722960076556,27.88366132106962,1
128,0.16404765033003835,44.04836513396781,1
41,0.2080060550562978,35.69149014715152,0
146,0.07882110665947793,73.63458626893268,0
161,0.13690334568860013,64.17520771315496,1
79,0.25826764634855126,75.89210379062663,1
103,0.05855265484641285,82.00417911986891,0
182,0.087005325627991,92.29811327341477,0
145,0.13917576583294874,43.09367317846476,1
33,0.21655217863476403,98.46973894715495,0
88,0.1190063468907454,21.566081340365272,1
124,0.2790423611370711,71.43651619473286,1
44,0.037392544867928555,53.40093173071892,0
133,0.11753321728800577,81.69005946848834,1
20,0.21559669579424234,47.6770520606426,0
121,0.0755361620418328,78.39386353624313,0
69,0.20035980892660515,93.0168714647678,1
95,0.057622917885930325,73.22942661400873,0
104,0.026234282609889047,77.60942862183244,0
47,0.04509455785710817,6.717543126585612,0
38,0.279695587108899,20.495766223228063,0
30,0.17000775605246987,97.43037405035938,0
9,0.24094027488909822,69.31870037873944,0
29,0.10646980526246484,56.14490173110046,0
17,0.1818710078867795,36.697637339645006,0
187,0.15353611877444756,4.438900120691791,1
87,0.28426400822666525,36.9135907964135,1
124,0.226796644455692,49.89128732895759,1
72,0.22185736313400792,21.145950938688674,1
14,0.02344244813594106,17.313679127383253,0
3,0.1694042040110704,50.84165513575169,0
190,0.1454275216315263,58.59042356275439,1
167,0.2790742573157964,23.991791885452486,1
8,0.08462917657496434,58.73894744562131,0
108,0.08825170145441734,90.0339963874295,0
136,0.1292904121756351,47.31732580213538,1
153,0.08057721688784904,85.73901695871814,0
131,0.04746333616453735,92.72714445333185,0
15,0.2586503055287322,9.23940289370857,0
142,0.17190019207713558,9.581157965679699,1
98,0.25979518849740435,47.604418288760144,1
120,0.2510290819670718,58.810244431770265,1
51,0.09179228288900461,42.588346446502925,0
68,0.16884385885403944,32.645077041750305,1
4,0.03413313379462043,64.09941161261558,0
19,0.27542304636891995,0.2081512349920267,0
78,0.1272361873688944,96.80732808637424,1
145,0.12416609332781618,23.207908818802213,1
110,0.09779905747920642,91.7098768583007,0
1,0.1435924859661041,10.9014744534506,0
92,0.08301022209817993,23.808718204457257,0
12,0.11870715911107331,23.48737010875004,0
3,0.24198464408961573,99.61529042006461,0
169,0.2519340960396998,0.46005457258844196,1
108,0.09821291851226967,63.96382093034958,0
73,0.14601418486030848,86.96865810608529,1
188,0.2634077351212151,67.22736540247367,1
94,0.025275266230612166,36.273381821694414,0
104,0.26785203897877774,95.83093627029349,1
7,0.07356346023917618,89.3520754589041,0
66,0.20677638082216898,43.39549202495178,1
190,0.17893999195153407,57.33284926111635,1
109,0.1703528169748831,96.75191878052406,1
8,0.2592144651783182,98.25603619264702,0
116,0.03945592165695177,44.982327571795224,0
10,0.11063812734443444,84.73500281430886,0
98,0.16609329643998202,30.198022695393632,1
41,0.24527376764435152,37.18128729306647,0
140,0.07276849418938473,16.482188299022628,0
163,0.2428496539985401,20.91845927767303,1
119,0.12589515992324135,65.6873302259359,1
140,0.06478501836577166,51.07816180070809,0
11,0.23010606772860995,23.11318606256029,0
36,0.03636068142761887,40.29096163616526,0
73,0.15928253848187846,37.31834598636817,1
72,0.028523977319947637,98.73602045353343,0
51,0.11336117799575839,85.35658372113794,1
198,0.18431227171185388,38.79663333838243,1
129,0.1712735070312918,91.39165788960331,1
55,0.12735007119235328,34.26353916281711,1
59,0.13442391825191355,66.79015127348595,1
22,0.07576317047172229,96.66499966821125,0
102,0.14220595064298985,39.02788639885523,1
39,0.2864439081590419,67.98849651049338,0
63,0.2566313461572992,29.59238110626332,1
84,0.0521175320321397,26.631231559797463,0
150,0.01863642832306707,57.41566664315519,0
156,0.28072205068782285,97.92645980332182,1
178,0.1627574274654168,45.313384872017,1
196,0.16597296871329925,93.76369703165807,1
88,0.23640821875489146,91.43635202447616,1
30,0.10125980242268469,25.376261234499474,0
177,0.14975319496244063,40.18194070843274,1
19,0.2909122448125539,64.33024784941831,0
182,0.20492311921039807,51.80458844113917,1
129,0.05458605927877792,9.595852986317432,0
152,0.04863575691546246,99.36980301271583,0
12,0.06923677991657155,75.265400121128,0
121,0.23234638558200807,43.769403822471176,1
102,0.09565933111377864,61.81685496662913,0
105,0.01620276553577314,8.757281726623011,0
118,0.28381056541664196,49.530165368961,1
69,0.05921689075452409,93.08324158174878,0
194,0.012771873982939889,89.66009580549783,0
185,0.07876816469116366,33.73808454831456,0
98,0.07815834826425876,53.136786382133884,0
81,0.1323815227452597,69.73835240876468,1
74,0.2769130511350107,34.000926690790536,1
117,0.2649636261559384,6.487921809393848,1
83,0.1424994209449041,50.54416567178047,1
191,0.12916097244762387,60.16357358233364,1
68,0.17095263507770686,0.5841600121510249,1
58,0.08060166347181205,9.557537353853062,0
187,0.025133647670245222,20.72906435941523,0
125,0.28237499948964995,34.80522869909342,1
110,0.06414270561438008,54.10512228305804,0
61,0.06753621148125774,29.38429187596653,0
143,0.1470134953676448,27.618381440650374,1
127,0.1525678700036959,86.93493438130818,1
104,0.015345920813215164,14.505064080142628,0
67,0.0529068742444515,49.546013317236024,0
14,0.11966489738261508,95.2824716936136,0
182,0.20828190111805633,62.501324911604584,1
34,0.07624135248126139,71.72054798944384,0
182,0.13267418941011117,43.12369913906071,1
13,0.17163006876777537,1.9932167119719568,0
176,0.2676918234407547,64.61303683672054,1
101,0.10456044567486575,63.1924281428124,1
99,0.04873189710041022,11.04276364633331,0
6,0.15188894551030638,46.21597136246315,0
29,0.226549264488378,91.53289446656504,0
48,0.041859329545292694,20.508483197197513,0
143,0.13315821259211852,46.10987546341103,1
110,0.015157690966120194,46.11031852005204,0
178,0.01973216267770283,81.07614681476385,0
71,0.15005647533283303,82.45758703294446,1
79,0.09647721646376953,75.92694196633919,0
82,0.2550811167115695,36.54541591882737,1
41,0.18462474877667173,7.203692501852011,0
16,0.1416405589054672,34.94829772240141,0
190,0.12830125760574593,67.97912012713397,1
172,0.15420118925497334,70.27465744890765,1
6,0.02172726105167179,96.5000209476719,0
154,0.26891007336199135,45.36412314437085,1
9,0.2995079151628479,63.243558294029036,0
33,0.06263126620902261,53.91908707225317,0
35,0.044911059784639724,15.061856011323737,0
152,0.05163746440009262,46.1202472132136,0
5,0.20169784688796646,54.48351546889943,0
151,0.20181784315072468,95.07496060422585,1
145,0.2558980070607392,36.653905440895606,1
133,0.22802965264361344,98.00991031079778,1
28,0.14041000527710853,54.23000740240844,0
125,0.18772805485394245,24.246924330305752,1
152,0.2096025544067223,19.16643870158078,1
182,0.1586935763827153,14.169491726023175,1
80,0.14793878549097464,45.293287057345296,1
173,0.19707825923636943,2.192642978892323,1
151,0.17166761920293958,44.50452833148654,1
74,0.196743268547414,98.84046921559462,1
25,0.18772788444937552,67.01067957222666,0
126,0.21856700254895983,75.97861212004047,1
114,0.19641301754703405,11.900539071826255,1
125,0.1607253210668075,47.31008614900908,1
27,0.20772107527247208,28.62231010257139,0
130,0.14034976990377412,89.40975279890293,1
74,0.0800846555320543,18.12924720139125,0
165,0.010411283838835484,45.873332713674195,0
188,0.17238960267229453,58.80477183456377,1
77,0.18129001571650588,51.40410915785326,1
178,0.2918941997849572,83.02435279704073,1
89,0.1148287168873399,23.14531713196404,1
175,0.1242986404202104,37.739111042369125,1
20,0.06852187858923516,79.20842965739526,0
53,0.03045494561882335,52.807141173680485,0
183,0.23411330292990476,40.21173856479573,1
102,0.08240750865840425,2.9442514744831505,0
58,0.186582409698711,75.33854240156094,1
71,0.20945418030818963,97.21820779667603,1
178,0.14665863931457784,62.028700948851004,1
19,0.2641421127778856,85.65412206887946,0
111,0.13870050388412133,51.68757431949261,1
58,0.09262350068211188,23.168096542336457,0
70,0.2698445016588705,1.444210423514547,1
136,0.2598536424324874,65.33982675899892,1
108,0.05757158465215977,49.31088482482446,0
128,0.017528695322637074,78.20981470876015,0
156,0.03609581134139,69.46824174353046,0
190,0.09309874558060693,98.79523682065647,0
199,0.2919553425050961,51.03125834120398,1
55,0.17196968441663926,42.717478967300934,1
195,0.11824590228848794,28.673968943929495,1
34,0.26772766743769644,47.68612917912745,0
122,0.1414095361287649,87.2871478122922,1
130,0.10141920223629612,4.243972579174127,1
103,0.2829536633362406,97.79000472861887,1
6,0.2563601231958766,99.3307194307798,0
26,0.25466382887163785,59.78213785879017,0
0,0.1585625754845618,33.15442036954014,0
198,0.23893713565648195,22.30489683220238,1
171,0.06201247418672004,27.649039568487876,0
86,0.17623465769131066,5.010542650497185,1
40,0.2953153176257882,47.511095848335884,0
122,0.09437794485020887,5.732427086440584,0
74,0.24036217548182578,71.84742147759252,1
41,0.1522387380903395,37.192945553285405,0
116,0.021543648134405326,19.93647317471632,0
160,0.23127562536654353,54.485355783603836,1
177,0.05888505187371271,97.37593072430137,0
62,0.19312733446849753,69.51310490184183,1
164,0.03484261627362214,49.17468501041602,0
186,0.2845915452738298,77.69142992545063,1
126,0.09459992728230465,73.74764718989887,0
175,0.07567476058644451,89.17354610577937,0
132,0.04744955717923695,20.466894759394748,0
47,0.2843406360683238,85.88775762587319,0
2,0.2164520853079785,30.102608704169885,0
115,0.2250816577282457,94.09989278250971,1
174,0.15482732280027092,28.106514894673516,1
189,0.1476710577284402,92.68485431626762,1
98,0.04190616046752823,96.379071446408,0
115,0.1723539177193576,14.549135745701424,1
13,0.08160578358154921,97.4499883262783,0
190,0.2933721465121177,8.572296842928228,1
111,0.24100847260439273,21.856778661252196,1
60,0.1297676974559374,44.41687808728045,1
158,0.05388896502054458,99.35973657117101,0
94,0.23774619043024736,48.85630511653793,1
16,0.045395592453581636,55.040944317848584,0
123,0.06490678851415044,69.44249495236485,0
23,0.07134095014582595,96.82935582729513,0
115,0.17149828509919737,78.33514001242445,1
150,0.23824642965720622,22.415400442369858,1
81,0.10115131483016074,30.299093066435468,1
49,0.034554246139833926,9.76282396085244,0
78,0.14471615442208158,64.44523641647399,1
78,0.22695196993638128,18.074030653922158,1
69,0.0742825144953426,25.74048884793657,0
26,0.07377811893141852,88.8113655180377,0
14,0.28469583793054615,32.67556753320152,0
49,0.2867045808645616,56.664671835416705,0
35,0.2972350622978571,39.7566008789177,0
7,0.24422128445668623,7.403128740591358,0
78,0.0645734090587042,36.28638298967051,0
130,0.07147464103178579,40.806820303593085,0
189,0.10866532004149367,89.57011019115183,1
46,0.10225843408671233,32.445065364633955,0
104,0.2873930472326226,37.92411197620679,1
97,0.23883145503569114,78.28967686723345,1
95,0.21996254972685061,75.8956651211598,1
188,0.06392933497685822,79.82852766484908,0
159,0.2737624122150756,95.3770740076004,1
115,0.2500824100567904,79.55574983947842,1
12,0.05745613398509787,40.76082032178909,0
0,0.262639396268682,82.15085168980919,0
33,0.08895178554743666,50.86746320899383,0
189,0.03345222629131075,27.77140325185653,0
78,0.2004784688891209,30.29170681310124,1
77,0.19960335122145587,22.384238856339834,1
120,0.03753028277402924,14.499295781975341,0
92,0.10246702459160888,18.449041185365033,1
97,0.2979161940541062,6.3178049953819375,1
81,0.2067437334325337,88.84508649323864,1
198,0.22172179831496544,93.10078096491232,1
158,0.07174601282524865,58.67703924938955,0
191,0.03284680059113515,84.0489556608685,0
152,0.09030149002487191,18.357110265314713,0
37,0.08218053170602566,90.16738252269852,0
13,0.07801778921693539,50.63615596305083,0
135,0.06589875334724146,6.7164992605555085,0
90,0.17667915029006726,14.13127444941602,1
53,0.1051500079941283,30.897646078681717,1
129,0.24790005436378382,4.3557580354751435,1
100,0.06334475117574136,30.92933780174436,0
88,0.1447418505518779,5.9930433118891795,1
55,0.013960772563563196,23.60276051928252,0
93,0.1496878735120057,26.56697558564416,1
92,0.02619308405417757,99.43689763667939,0
83,0.29353981844306665,23.554667376366446,1
84,0.2392717173086197,23.918644893858033,1
188,0.15213232822457207,68.6788968358385,1
21,0.035110333872011575,85.93574785164519,0
34,0.18180917782922013,38.705541260208655,0
15,0.23004148770354446,87.56180199406924,0
49,0.06530800337137613,34.01420207477571,0
121,0.17478041882837234,19.701587961501932,1
127,0.2461211605310317,32.96388243277235,1
112,0.23279185551743173,60.93563739279924,1
170,0.24286768518147434,36.71431593120737,1
16,0.26500379321221873,67.28938039892888,0
79,0.28192780962624636,23.69358794224824,1
185,0.12760113500902542,70.09928939891488,1
129,0.17494303973163441,34.74383632484667,1
131,0.23929126255322714,45.58683716019345,1
84,0.21217054604427713,55.77451404428959,1
166,0.29870086619666986,68.62250031859936,1
93,0.013966518820346802,23.87136918487337,0
133,0.11298863244157928,83.59455374108104,1
80,0.0914980986183587,72.18427497552398,0
68,0.08607159654800503,23.409791902399945,0
68,0.07453363692467686,97.49745626029103,0
147,0.21564591383641643,66.47969910304585,1
191,0.034580247249843335,45.24268864667056,0
15,0.2250665618435681,15.752732555351635,0
50,0.2110934941847193,53.32210023081314,0
104,0.08273319842525995,16.47758868271182,0
164,0.08332179711789675,42.949167869784375,0
200,0.19236956974990563,40.87125227395189,1
196,0.23102962059026658,71.99396443474602,1
169,0.26418082779533597,19.238318122424978,1
184,0.25712047351779793,82.18713548708459,1
65,0.2898160683075174,32.61323270161658,1
8,0.17860161964758822,44.39886269687751,0
106,0.2735101127887043,77.23409755538425,1
99,0.24446884924551912,62.53923997135148,1
85,0.2694536110510639,30.802535180193736,1
63,0.013371714372756324,38.6202924545881,0
21,0.29011186764108515,30.578681398961017,0
161,0.1473237472254787,59.477016727715714,1
182,0.24147306697670443,33.262453320683974,1
156,0.04688919460795645,72.56976947831409,0
165,0.12482291778605246,57.97871585837261,1
109,0.08872359227608735,14.5706611747509,0
96,0.09458104344527173,31.02686186798824,0
17,0.045744129785755705,22.144744191015576,0
70,0.243671511437472,39.031321255148534,1
192,0.012680271228512667,51.59840862093631,0
126,0.1006265825257087,50.67628572841099,1
96,0.060579057532760355,75.4523676563289,0
0,0.18082129277641873,18.917186360170934,0
131,0.0837331967582177,94.64728292974468,0
3,0.08510955181314889,34.28451068821686,0
124,0.15161806175864243,30.024884691613853,1
81,0.19927982140886846,68.51785781802198,1
26,0.04517836432389745,80.55166286830625,0
170,0.06089832121499388,37.84717648136534,0
58,0.0816806759324101,74.6846974893977,0
31,0.29238698209420855,88.37359561360547,0
160,0.1251742249834469,76.68036652069574,1
27,0.18370712628299768,3.419648557083299,0
105,0.08004741568763357,82.73689113661882,0
104,0.1522332622956715,77.44809584543674,1
182,0.031494560571927836,66.9290238153186,0
187,0.020075222317474814,76.00224190879035,0
69,0.14593272277822344,97.94253958319389,1
61,0.1256111933803395,43.111288781834965,1
33,0.04969529271063003,6.722323495459781,0
86,0.20940441438701277,46.08899696277167,1
113,0.29794201236078666,4.643365539104794,1
105,0.1247375781470466,29.425040808846113,1
55,0.1911220044160444,58.6879791796759,1
112,0.28926302328570086,30.96228929261563,1
12,0.2511451420095938,68.53952459095386,0
183,0.14443014475777888,82.19863276857211,1
17,0.2238719504933766,42.043917927953686,0
181,0.04715916167265197,90.01379512930036,0
112,0.15851011808450177,7.983893135040021,1
170,0.09092748038218158,84.01131642004498,0
38,0.05673746948988671,82.85731454392989,0
188,0.1336214628138151,32.19938963267649,1
169,0.047994220785748186,29.871518712461498,0
78,0.2127056813706008,30.509498115351263,1
145,0.1423096127754673,81.1393712344411,1
150,0.1640319434437525,83.16534876101952,1
181,0.05244902221376553,32.97224588276676,0
29,0.050533781717113396,59.25903474444618,0
97,0.179190476225436,13.89332294404545,1
57,0.2956528268705394,46.87787382810221,1
195,0.037912669138940425,99.87928508555383,0
66,0.09286211428407655,15.883914770624685,0
70,0.26214314379598735,94.7562639960059,1
145,0.030958883554018712,82.42547219650078,0
105,0.26400685919641587,97.22146509462699,1
6,0.16204293517867785,17.9578760610533,0
39,0.12839736443866348,21.351849044336426,0
69,0.0998073636619222,1.6867181734858683,0
192,0.09616397585707413,72.47018129156055,0
67,0.09868274891034884,64.40946934361857,0
48,0.26659289347845677,17.80654383247321,0
51,0.2199006167506878,79.1144965542072,1
113,0.20421967227103366,29.91955061317254,1
106,0.24163725319608023,13.499556933063516,1
28,0.08456325227120204,42.25626650193482,0
148,0.18923241550370914,9.096984842685607,1
77,0.14341920929780577,26.324365627324664,1
8,0.23690807420805607,37.13333584273462,0
174,0.09968427203725279,85.18641745141498,0
75,0.19652179889226976,79.25487412932213,1
41,0.2658415994270209,44.275428575061824,0
178,0.12662363809652932,72.45750577523876,1
183,0.02932040533656382,56.8649636179005,0
178,0.1596547384791199,34.08418550780681,1
197,0.1103320214640375,72.58743434952848,1
127,0.20494536035868074,68.3499154466378,1
19,0.28579954817709574,61.909444219360196,0
154,0.15082641221908563,61.795552104325054,1
165,0.14519516674510483,68.29819923269767,1
71,0.19982959205552348,38.45455126425382,1
64,0.040014276042134624,86.90758150677024,0
181,0.08351679478825423,16.23078454964608,0
112,0.2765040043951156,88.3885463239154,1
23,0.2042833578754922,34.22818430319944,0
127,0.013898772755190714,12.503161560862253,0
174,0.06934138704211576,60.00274026791299,0
198,0.20802280714838073,37.598666907040524,1
82,0.23167576874314652,81.54997271035192,1
62,0.25355927607547213,43.078546852876734,1
184,0.09473127298079301,66.85625255621098,0
182,0.27999829292049316,30.825798950482554,1
59,0.1703545991375888,20.94523750253401,1
98,0.21199631649248893,38.804903094882384,1
61,0.1830542702061733,60.68078346024335,1
29,0.04559461585563993,65.69467392113518,0
21,0.28930325122161515,57.820666529801834,0
125,0.04563391816930427,98.80557186241089,0
156,0.08391576735924323,69.10901864951653,0
168,0.24595208526466425,93.15196275969177,1
41,0.18939311883531942,11.793319489517451,0
97,0.25306325795914353,6.137292981347886,1
192,0.15956349462847302,31.099470201195366,1
30,0.1193280382563241,13.658893837642394,0
157,0.2773351948688576,52.58685282282677,1
111,0.020513172079290508,51.898125352327874,0
145,0.2582777639023833,57.50471664439502,1
121,0.07693715770445667,74.52278808310727,0
16,0.25613353504865066,97.13297002123198,0
37,0.05036701789089682,87.82586914391464,0
141,0.17826349947025674,11.83672395755816,1
109,0.2675512965133269,33.851368877065724,1
183,0.14732649760067823,25.58230250480419,1
21,0.22650433540298395,17.68173577797928,0
194,0.24335476917811194,54.47248766557845,1
55,0.22358332052786595,55.32644020327305,1
118,0.27834562369363347,22.72448278880613,1
146,0.1395819268507793,71.18972503066855,1
56,0.06020637735789517,73.29142991695052,0
171,0.023865208473719136,2.0979994833933313,0
34,0.08147336219487647,39.57577037223166,0
113,0.05152727612527021,89.0140641201621,0
124,0.17180513501599934,52.03186082438383,1
128,0.06363414779140228,34.76278014389943,0
51,0.02129077511391764,25.36761515951301,0
84,0.02043705037191368,24.33545199182823,0
197,0.25115515452580983,9.976803385080634,1
164,0.18152048011847718,81.72264190930922,1
64,0.11384473754907966,8.665740539417122,1
178,0.2693261323946716,29.22947658618158,1
128,0.030357017308236943,4.56757385663532,0
20,0.2942934010910695,78.13865697237004,0
180,0.18872461917379368,3.928368222679046,1
15,0.06320463365096606,30.83011038682084,0
122,0.20693003870332088,57.329737008666406,1
60,0.23138056533723317,40.95613602934438,1
53,0.1345094071775246,28.227106724910044,1
167,0.25987345581120874,27.518907242754164,1
25,0.05371239811597639,79.77903060062494,0
79,0.09086289923750641,97.3978095087245,0
64,0.03711278485935703,34.80410704487934,0
99,0.07115457377613212,3.9145513609016525,0
73,0.07923135545423204,3.656577790910842,0
191,0.27611362536729595,75.92134152107181,1
170,0.0326518097378353,55.236982160912696,0
16,0.13395038485443572,78.35926574173304,0
120,0.16439561929580476,69.74970102885749,1
186,0.2706209856026266,90.75063492653965,1
22,0.2993319034117519,88.58242910466235,0
134,0.22848255332675238,78.83273956211774,1
171,0.29152938726501854,47.518916004214375,1
180,0.2382593284354034,30.812640760385246,1
70,0.2893287658817108,50.702678744463995,1
107,0.215108510523892,50.207160731982356,1
78,0.03313139338081061,61.027554888933764,0
161,0.1265568542278762,18.60975677829041,1
45,0.1975132123027164,65.56198804449888,0
195,0.11170836774173278,45.66009242058158,1
77,0.08928133625299578,62.02048319408592,0
15,0.17744578746859638,23.960482291954566,0
70,0.2807155442437061,43.4394893877355,1
95,0.020144743319684532,21.020121445252027,0
146,0.23307704902701692,87.53051567568016,1
1,0.21959091063294187,48.79610450415376,0
9,0.28954649336260324,22.498141557381214,0
177,0.27990625447643763,4.120869574154629,1
124,0.23104744299281593,67.57386646535419,1
80,0.16091854175795361,21.464471398975572,1
139,0.06923759043772075,98.95821923187783,0
69,0.16811835831441657,53.37003734151716,1
149,0.2319520782366996,28.89769962480321,1
31,0.269744071664989,65.76774337926304,0
104,0.2390164826710592,27.521992343808556,1
83,0.06662741120540565,82.02742939097465,0
128,0.1839090311261372,30.82360509299419,1
181,0.10633030326409353,98.82477323959093,1
57,0.012669643543286467,60.51447854452936,0
197,0.06806407137871315,84.44111489426633,0
145,0.04283398848070029,7.281546957842222,0
133,0.2543885458264459,34.82994173861882,1
44,0.08496681312286547,73.74870861661496,0
96,0.09256241097739108,65.50590173405827,0
22,0.28838160582167643,19.424312143375776,0
22,0.11993514968416712,35.620293050970986,0
153,0.012779835641874421,26.344340748754092,0
134,0.09231538302037959,61.3370169761843,0
78,0.04459687837452561,34.4568229458775,0
43,0.03981448290339765,30.905424200034982,0
26,0.03247131413936736,20.73779804363417,0
25,0.18204524635085942,40.902712091464835,0
96,0.064910839852659,19.550259019655357,0
35,0.11476041027189302,96.25695873776323,0
108,0.2599851376777048,15.45018114953034,1
54,0.13305806054091993,91.33047149587763,1
191,0.2755504915149749,42.8473098156582,1
184,0.1544020354847258,37.78659915617221,1
68,0.12566261830352915,23.131980090484884,1
60,0.22761278885630346,63.57563343675191,1
129,0.03122077864272061,68.55280150108364,0
54,0.03594873106490104,46.757096225241746,0
121,0.1990723770376586,5.570689569342413,1
96,0.15121280683938199,91.85101506885499,1
79,0.23922042259257095,98.0329132876381,1
86,0.2757185428296241,43.1043415211835,1
37,0.12262639452474877,61.366080740932716,0
118,0.18295890770954742,45.02986262437467,1
77,0.15520202206063988,32.18796508861206,1
156,0.29466709013630554,7.731879285780763,1
153,0.2510144781334126,45.60677303972989,1
34,0.2744039354004325,81.83845563594515,0
78,0.0837586253975052,1.7031461088003574,0
66,0.23403266271715234,58.21076831802223,1
86,0.08698723524931817,88.07721087266889,0
156,0.07053533469423307,21.7549430014358,0
33,0.28383718630010973,18.32558646890622,0
96,0.015598280848181326,77.22766257019431,0
168,0.2899627240623946,25.50864311192933,1
168,0.0532859501267538,19.198426756064848,0
150,0.24763704372004774,37.79892505692351,1
70,0.09001754038974989,39.2502012270218,0
2,0.11170367495491093,87.4101063016566,0
57,0.07285973628337562,61.84434719336769,0
31,0.1797990723195131,40.59614563395893,0
30,0.11094770877728347,53.43879642857669,0
81,0.20064398145345233,95.39652333252742,1
42,0.014537722203199132,11.321467660989537,0
134,0.028668716219361484,20.771552172469143,0
104,0.038901734292062104,96.25287065865552,0
0,0.131508168739967,95.73248485272042,0
60,0.24629089007139304,17.716542126477265,1
13,0.26757159400973096,14.510881712529821,0
179,0.0809951146176612,42.10851343386198,0
5,0.17656722002931405,4.971829248796911,0
102,0.23282584788085414,65.49035322851401,1
9,0.0937605346766865,7.749602166174219,0
70,0.12861224365351923,5.802962709428073,1
89,0.16195251877885705,48.518693620884925,1
157,0.04911370545833383,95.77866361101015,0
148,0.01753486518047629,42.679593606315954,0
125,0.05431368470230214,35.64811586605511,0
187,0.19178755016352467,99.79567155022859,1
96,0.031349295844767686,53.196896077918346,0
73,0.0650119458065372,37.524140689024854,0
114,0.10797762685163807,38.586081334160184,1
190,0.03258231864884624,19.495949603351047,0
169,0.06559278863687398,51.222305744753896,0
50,0.2742682388052182,43.88550281680058,0
191,0.01559674834582558,27.07952963474134,0
55,0.199495258010565,16.054008660175977,1
40,0.12147858996540362,31.123886866755367,0
31,0.20506813443538763,50.86833276877293,0
14,0.18072059890538733,5.833327228480167,0
61,0.07481463876284683,15.374402858395598,0
154,0.25569075139628267,94.76572669690954,1
27,0.15266271095671344,54.285535103133896,0
63,0.2485354454849068,6.344930366003787,1
186,0.12774363549458356,69.3087758769573,1
185,0.29555881063541933,6.180287007903473,1
129,0.23344191396537592,73.8874227046373,1
126,0.2901255594826463,74.99627217200269,1
35,0.15915467888385906,65.10789757492526,0
113,0.14737042836430314,73.22045446193496,1
198,0.22908160470432476,8.796578101305775,1
12,0.26528446627389474,72.67805523552676,0
14,0.2896022808010118,13.668831972388295,0
88,0.10412005274942492,33.950590727184384,1
187,0.2416243264143653,94.27452535006329,1
21,0.07108722331430564,50.287547765914006,0
190,0.16821656055617912,96.74264320830139,1
73,0.06215596303866776,8.892245888673756,0
24,0.11074523490759826,47.755659956318006,0
100,0.2800939264898732,6.240232027687065,1
175,0.05236630293419496,63.02102623992848,0
170,0.19339625958920698,7.870700136851639,1
116,0.18195673914894697,17.53678025403773,1
165,0.04501412228560608,25.883031006928046,0
40,0.10453392269295551,74.87438516644832,0
172,0.17326463630942707,16.396211881807478,1
87,0.06428179660666217,84.66320532930678,0
167,0.24218086035971645,13.190393883080088,1
109,0.2919253877650774,3.5244449070156336,1
119,0.07228022598911689,39.504541896966785,0
96,0.06420446978926701,97.94416419712951,0
144,0.14193117082125895,11.034222778877723,1
56,0.22685193037060933,10.171844403962904,1
129,0.09166417696822289,75.11665107956239,0
95,0.015765173522211316,31.21616939935653,0
120,0.16695398212953924,71.7281617225717,1
61,0.2874141646525192,20.001058944336336,1
136,0.1234702880680142,46.00719941981629,1
67,0.1318390207130991,26.52898777489179,1
80,0.290981497963071,45.15282148790869,1
16,0.21143620737175123,76.90970925853038,0
116,0.21855985762421629,76.20099404776617,1
49,0.1731835815576096,51.57722876737236,0
111,0.29263667115034003,92.8371843721051,1
93,0.20977128048341126,26.3784102448274,1
167,0.26955949796549916,24.03113511192331,1
185,0.21281987106263414,61.38064011754337,1
84,0.2231835892037148,62.129703421678904,1
148,0.09421916742125147,4.654003956497399,0
145,0.09800882242400749,60.77777123868976,0
182,0.23706554837704846,37.443615734901435,1
156,0.09604482385927088,74.74425253205591,0
151,0.17320332053244417,80.81056645452729,1
73,0.08231217016294355,55.21538195470366,0
108,0.24692518043463013,0.17050315022650864,1
144,0.0420453918560301,63.63658101666421,0
17,0.25053952553088266,74.88812796659343,0
41,0.18479164214720453,24.898326623151423,0
100,0.06420376509985241,46.46460011407888,0
44,0.16719026179677426,96.57266234117883,0
81,0.09192466268572871,29.811555339410344,0
16,0.103805527071844,22.31532510417408,0
72,0.11194313206309528,21.085479047801016,1
13,0.028362581621973075,55.88008343539963,0
176,0.295928888476411,94.97871013080065,1
156,0.019145042158054987,60.86901292003547,0
131,0.20212409322344074,30.332312023765994,1
81,0.11765601784965485,63.856977806745405,1
147,0.19734298437454267,62.48422975977874,1
119,0.11331199339539928,59.692513572965424,1
119,0.20538768741506902,15.9426206888302,1
46,0.22147829774582461,63.45667993449942,0
106,0.21026026571589698,43.016445251449966,1
107,0.04304897459386416,1.859205862303337,0
8,0.20049903804985855,53.976448714749516,0
78,0.09119638934168821,98.92667452184176,0
154,0.01835239746510672,34.97395908439835,0
14,0.13030089484779664,96.55592183186582,0
18,0.1357274998131023,9.620574166259455,0
89,0.1454804986722095,73.24501158673063,1
179,0.21439900796330771,11.432999466283533,1
25,0.09956470465131313,27.357157355527416,0
153,0.10143134880013753,57.08408353221244,1
153,0.02756015430996557,59.27796939767489,0
173,0.20917815263776582,77.52113172341713,1
91,0.17466956650587934,61.53114072274393,1
176,0.11133328268119852,59.361470438056074,1
81,0.21450480388603285,91.23530869891383,1
180,0.1658337472757944,45.21607522091572,1
130,0.1460810343024565,22.526577869505505,1
193,0.15828411766172668,16.178858502363024,1
41,0.1945409563274464,39.999459680949975,0
18,0.20140075532663385,71.27527551936957,0
16,0.09379776755080797,4.25434849299009,0
160,0.05081557538343444,12.905338650940612,0
75,0.055423912545250434,10.611346010363942,0
176,0.19542335691187046,58.52501530514588,1
183,0.2631332528724665,24.286465053126626,1
62,0.12875392072021002,16.62594283013965,1
130,0.05916084649554409,59.27707197430223,0
106,0.22941472450521783,76.13099154523792,1
48,0.25142194758164005,33.21549164526644,0
54,0.26536890850508027,57.820460567659616,1
153,0.18598111438498263,9.81244131994602,1
98,0.25961128222254454,93.519103045757,1
199,0.014470337950038227,33.68961853147729,0
51,0.04109838251316182,99.75056931735013,0
99,0.03684705944510864,97.8587755849782,0
116,0.21665535843387257,77.88234493358115,1
117,0.030178717227637916,2.0067095406966717,0
6,0.15394566801522905,54.34749203843633,0
45,0.14708500060452384,8.68364204400115,0
45,0.10010402183188986,89.51380259615162,0
99,0.26241749928320895,78.96362526474029,1
143,0.05942562854519884,97.2340376595683,0
151,0.11221420747577954,60.83829531497954,1
188,0.23450973500664943,52.2172804484338,1
53,0.018822471174052433,51.89738559443876,0
61,0.20515561607144692,38.64483744543449,1
128,0.24675534064485546,46.869006722914094,1
48,0.2803576732630685,63.54125831353503,0
24,0.26412602574253063,93.29476075562772,0
9,0.10262139388176869,59.588433825603104,0
117,0.18004560098365624,85.71159423173673,1
143,0.032415113013635095,86.27799113025006,0
185,0.08478230102892248,51.88326758482592,0
199,0.03732448983677714,34.746964149762164,0
156,0.10140431414464951,63.9573873332081,1
91,0.2638042919030314,44.58773419148427,1
133,0.11067838350554485,8.14408673219329,1
143,0.17295044987041366,37.78091004324337,1
147,0.13568044595333284,99.4072138049325,1
79,0.14308579204663324,4.851187002628721,1
70,0.2911758950326019,69.66669119009266,1
77,0.09588479579651879,84.11887050712471,0
42,0.19192409616171968,64.87259034753788,0
153,0.13181817417803965,56.974823116329,1
89,0.027732392503829,70.75544169787575,0
77,0.15190594117102843,42.93427372996557,1
198,0.24586956542308142,9.136173730887675,1
160,0.03863836091768962,96.23717543033817,0
25,0.030181635744929602,43.230076998419605,0
120,0.05455314091404733,66.53892371680176,0
44,0.23167603230289877,53.13104368892952,0
62,0.219958661401974,5.4673071977554555,1
194,0.17385515298277207,95.27466009925385,1
179,0.1457856571868634,79.25372261143234,1
67,0.2676144862637604,14.909789446939492,1
153,0.23234236891170992,98.16488762882668,1
1,0.2454632528775235,73.69013721717079,0
141,0.24584606739168974,47.232165042830886,1
107,0.19638797487621182,61.137005655957324,1
29,0.1428242410516243,10.673668201459751,0
48,0.2607565482498386,56.0411510015611,0
139,0.2785421511049427,7.36610720170594,1
43,0.01690375254491947,54.485525711930194,0
160,0.024950913247212877,55.26956887627854,0
12,0.2880355561034468,87.44387851607439,0
77,0.09037657801481647,72.5057500272294,0
125,0.2632771374983314,24.955239221512006,1
97,0.12275058449880674,88.84261421878568,1
25,0.044539016706713126,57.32426648480058,0
148,0.033328528060706936,60.637947857403375,0
155,0.05538729073333238,16.898136922217834,0
47,0.08246902651153576,85.7773595969114,0
167,0.1516703226399396,93.0965115016544,1
65,0.21343439116407723,77.49906494949082,1
200,0.296055587180737,94.07524526450062,1
86,0.1380369555538596,30.229990412234585,1
78,0.16027363327950186,86.11191683627712,1
22,0.16132655340114413,48.88931428637425,0
80,0.16643596309150147,16.391720294358493,1
47,0.16014479056029404,66.88005990334011,0
123,0.01254467896795617,68.41202707058788,0
129,0.010500198411853805,28.692451375669016,0
83,0.03832323225657565,2.749333162757006,0
19,0.03945141499446186,19.984725908556335,0
186,0.21442010359689084,39.977754767388674,1
45,0.06942564942963993,16.756291105986854,0
130,0.2694670903791277,19.40299482396042,1
182,0.27929583557733567,39.139066438226955,1
11,0.29300906798981063,96.17866143085604,0
39,0.28233357841723583,76.42435154076483,0
65,0.08884761335637213,31.97484012265641,0
99,0.1578352849640186,95.16040689185482,1
77,0.06088194135711289,64.56467922587326,0
15,0.24380080000000562,45.544964464014015,0
82,0.26764519449178786,46.83001989551471,1
161,0.25687376339627926,41.07444678353919,1
43,0.13567641512208212,23.299205254593968,0
133,0.23001542655916649,38.66321922137057,1
191,0.03829795917711814,52.78963840433926,0
99,0.021670983479582698,52.8027350730221,0
21,0.22843856014954064,76.1736902212518,0
17,0.13335302955531828,35.87978571573526,0
11,0.29870928677447506,71.67980293039524,0
179,0.038203722598104395,57.80918387686847,0
122,0.25813202764521775,96.18454045268344,1
116,0.1491950890034076,38.52849260339827,1
50,0.24987355669612432,90.12164642607902,0
70,0.246966911829342,82.06425472982895,1
47,0.2756376803950024,63.76642845894569,0
18,0.09637650327296979,65.45144667421172,0
5,0.2854418125039809,8.464993460641068,0
83,0.053983418503709885,95.02246055934323,0
154,0.03377094550211225,10.693606349574392,0
52,0.13516850003798125,56.32333087435071,1
106,0.25021366090613434,33.00708004491545,1
100,0.14729212788369922,42.98519782898518,1
47,0.2504931364838491,61.018301083681706,0
134,0.22160917368034852,90.88513778823216,1
186,0.07073423198029072,45.75671235723014,0
68,0.2851756712208445,98.77295553064411,1
10,0.02762653890252699,59.28120653514998,0
142,0.27050111518770054,16.055394264217448,1
191,0.09828860020720845,19.00092948312523,0
130,0.1550429441176758,71.61110355892511,1
121,0.13248204308321299,5.0397794243381755,1
68,0.05983202150590569,48.034157622222686,0
22,0.113862591256491,14.82191098035166,0
180,0.06595098652491062,43.3218635177845,0
36,0.06912707788355191,74.99174220717195,0
8,0.0642464824476503,45.881292824143415,0
14,0.15181504030051232,16.345110898092695,0
130,0.24140009657828151,25.19253703566424,1
92,0.1750013097907599,36.75395886521824,1
197,0.26902991067974413,6.956118348641471,1
16,0.19459790168725002,58.43376360811219,0
153,0.2099086335334553,60.75337912780502,1
148,0.2036060966208309,6.215192713256745,1
71,0.14034316602328495,40.2311321174162,1
148,0.20990825843802402,41.40006828847249,1
120,0.030215246475998735,33.38195685526012,0
10,0.2593569268555423,55.77397403311119,0
165,0.23556552159873603,34.595749006011175,1
71,0.08111668788718684,41.640927947780604,0
105,0.2327294117336839,79.75235474416056,1
124,0.013666354406005363,16.210935543020145,0
34,0.0730015060194553,61.91146953034209,0
118,0.028889799214559822,50.55944016908456,0
13,0.23626580581918946,30.507163747934907,0
13,0.22920350384173227,72.75346564904108,0
9,0.24595444690253088,55.1188359541148,0
139,0.011299691064403362,47.73615269606953,0
37,0.15535749073673832,66.76693147712001,0
107,0.21440249728002758,80.22903079813608,1
118,0.055066327334314484,97.26687900335762,0
33,0.19843931097866116,62.93503683763735,0
168,0.03439192879980885,87.4439985400383,0
9,0.06258449827025081,0.10915410229569433,0
121,0.1479810763484343,53.02356927258912,1
144,0.19953389427751958,21.46475487701981,1
144,0.052302046816629866,9.419245708313717,0
194,0.06371476594097199,53.19710170643921,0
189,0.06928944644904227,74.6826506149094,0
114,0.07922323336270375,41.227252247437974,0
0,0.07570061607262445,67.0107449344435,0
11,0.12459324146431464,48.971925384094995,0
102,0.19959899874264964,43.7085865959426,1
3,0.1370292171089962,29.025664043586062,0
169,0.23503243353746756,38.25935145010045,1
140,0.21858786672509828,34.97956307944279,1
97,0.046692805074231944,64.61871840148815,0
105,0.02416407076301574,11.601851127913953,0
84,0.2646030535598858,9.263636868780601,1
120,0.03315100930323329,66.00129942084604,0
131,0.053018362408716796,54.629806987888074,0
81,0.01641864991185424,43.02000967426576,0
196,0.19221754593660959,15.244288440790354,1
18,0.1788874633159211,41.10271118693115,0
129,0.2962020632662241,78.97317633200116,1
11,0.2672103949319799,88.9621235789257,0
80,0.1291445214694638,70.25765699642201,1
73,0.11775989386463513,5.991217588088082,1
97,0.09608708994119566,67.04097766011185,0
5,0.0541980068109856,24.098558954629457,0
135,0.050044260414582625,31.525124302640506,0
124,0.04836227532278557,19.58732079599845,0
50,0.043093279584165776,77.57557906202047,0
10,0.0797484922976057,64.8602122637279,0
190,0.09893390279080375,61.18350545991809,0
184,0.2888579016012856,66.79726096692761,1
126,0.17775724279054686,23.67722614039034,1
139,0.29640277460885145,44.46444143253616,1
72,0.11801541486944522,63.325372154898915,1
1,0.1427117234509379,63.659402761830044,0
7,0.10412781115793095,79.18518627551305,0
138,0.06303741876000027,28.710396668811057,0
123,0.051517765255497956,77.03361216968224,0
52,0.28407296736427123,44.01844806169357,1
9,0.29617509772163914,67.01726920589348,0
111,0.023023753987532147,45.571938006528676,0
7,0.053600303672212295,94.86101697909433,0
35,0.13282198676729656,17.930226474164446,0
105,0.06403670813987812,67.5005088582357,0
13,0.11552531415179615,57.65350007681589,0
181,0.04743794145929368,17.27310409477446,0
85,0.14238840944931916,6.600633581166793,1
148,0.08879143868908518,79.91443889716636,0
49,0.11205246617001163,15.745133364626518,0
166,0.0373506689241968,18.650668278577598,0
19,0.1341571347059411,97.84342239890394,0
86,0.2951447071788552,71.72608514766307,1
134,0.10536158359554518,25.04868416012225,1
136,0.26416448970430617,59.094896015160124,1
128,0.25452775107086867,53.41118384025133,1
153,0.28609694130619107,84.44732675138475,1
165,0.23913175855745739,72.93207478326244,1
37,0.20128307984705632,83.17211254931858,0
188,0.2584094888259627,21.150658797736245,1
43,0.0319369573906314,64.02192043670053,0
85,0.14422089058765425,4.024085841838032,1
43,0.29688430919836706,6.894061227922011,0
73,0.23318404387547234,71.35270327045973,1
118,0.28900185963079467,2.442010264393135,1
189,0.23609396327870893,57.97650089005092,1
121,0.2637157705582218,84.040509844453,1
133,0.21489359336792538,37.99418084180286,1
144,0.23054558128099953,4.484043683991279,1
50,0.1617216228534552,71.38474496287269,0
37,0.27802893323609856,92.96864524641508,0
151,0.24926128408077486,71.71713920582678,1
50,0.2547266400430333,57.84472430027753,0
9,0.20517263927928517,23.002882987906005,0
119,0.0983281846553022,1.5375624044496994,0
199,0.020332640663140403,69.46721084790532,0
148,0.28133998752876793,23.102617584429296,1
69,0.1799749011535941,85.81626771823575,1
84,0.09646146163296067,46.63641188326113,0
56,0.05324918127578596,53.06355823724562,0
125,0.2505617179952188,75.39365442663667,1
38,0.25259085638979784,77.94306078033432,0
32,0.24620731075785413,64.26508330805682,0
186,0.19707398067036802,93.8431815412743,1
17,0.116144462401644,98.22984363204193,0
183,0.09818038258627451,94.68854443746169,0
56,0.012480883334269353,82.41791853439435,0
95,0.2517461920195897,70.56252202442515,1
47,0.03535548227315631,66.33258578816675,0
41,0.1929189494318226,10.37501769205339,0
26,0.1561817345836256,27.148434681911247,0
73,0.16273991408864183,0.5688223529377034,1
109,0.27874672513925425,13.740987023399187,1
179,0.01916835326866021,43.922947716918834,0
169,0.23428374514234396,14.653655078907335,1
31,0.025095195526519065,90.16634146767579,0
25,0.02106454572125939,80.5699185335282,0
24,0.13464713246100074,7.161191208951823,0
74,0.028291800559460345,24.891371546726603,0
22,0.23885174587494448,81.90718846115088,0
56,0.1635732971580178,80.30461265598736,1
179,0.018421246971334588,94.54505501177889,0
125,0.02174519907975666,99.75477616173603,0
86,0.187673873624449,97.62700632411219,1
30,0.2437724271209374,41.01379857214415,0
63,0.13696186406968433,25.032844380203223,1
198,0.17082839474533107,75.84101904270625,1
32,0.24195054167447144,29.92728927440308,0
1,0.18704679047212755,80.64003601313297,0
17,0.07518046892105763,53.39547303979244,0
174,0.18778508750214878,79.39272752349538,1
160,0.19220104312891192,27.587987971701043,1
83,0.22289102445552675,50.80273155538209,1
34,0.19005351439147236,56.402379360218205,0
178,0.291080217832831,94.31080677201321,1
113,0.06721360952794986,26.65975768304173,0
145,0.2858162970744521,93.66882392848946,1
109,0.16611845220150473,80.48589154657158,1
87,0.20486728074352448,73.08940540866953,1
71,0.03884386326113506,78.68702691851252,0
124,0.12036702299965102,60.5425045880057,1
29,0.23311995247432005,24.408001046248586,0
171,0.2150041943787072,18.949496883985272,1
52,0.021640422567968953,86.63414358503904,0
137,0.16851233641420094,72.51394025958332,1
86,0.03560067596083873,21.320428276094905,0
179,0.2987983644616671,61.50933658744015,1
176,0.27021601067465545,44.75464814142238,1
138,0.016113391524275718,15.865516996309392,0
193,0.2590083778817629,53.185710935716436,1
185,0.2766345841619382,28.151909246641726,1
163,0.11252898454340196,9.624412415757156,1
160,0.2186554799638521,46.69582985454108,1
174,0.1382100864002559,59.01085520935618,1
12,0.20001742052713978,4.690641038115051,0
39,0.1086920472464755,40.20927494109968,0
88,0.10354217862364781,25.76619198366853,1
67,0.13308582776869793,3.0650590707232417,1
41,0.05221465000922534,12.56625496115058,0
146,0.25103029968626095,13.903415881837756,1
93,0.11112238965487461,18.287424811797116,1
18,0.1260433706326951,80.33775714379212,0
185,0.2692758376836219,43.94918664781392,1
22,0.1540209060783197,14.708599227038688,0
53,0.16783363371175025,10.029696692788924,1
64,0.28738445618535857,29.794045872903908,1
139,0.26715065111204683,79.80155187044524,1
23,0.05914534557764746,36.44598479396435,0
33,0.14723235867625045,15.989736029393809,0
52,0.29167590595427817,40.411618154615994,1
135,0.11798622648629477,55.53115572870575,1
17,0.11775620146969801,2.958418363801385,0
56,0.06655876721885476,62.76418014401731,0
111,0.04315370309454631,39.51007530147893,0
4,0.2246883893192347,0.9725875131194384,0
153,0.23330883592343976,67.38893989463809,1
157,0.29101375941587,71.23876355626481,1
181,0.23429128116255526,62.883978855868286,1
12,0.08057222326974361,34.193021759842225,0
82,0.021633807703669482,52.96048540659611,0
28,0.29577684146720146,38.71577061334354,0
2,0.10873070170764565,70.06217301596945,0
89,0.10047174730540201,58.35801862336887,1
103,0.2727270108273209,8.179911382744976,1
122,0.17967897057804597,64.30935582189974,1
185,0.07231264041624902,68.72384143378015,0
75,0.26783791038770943,37.07021806146994,1
129,0.29807464796587557,87.57857809597044,1
107,0.03513678273374091,84.30143548449627,0
155,0.2600529722077213,17.516652389973785,1
81,0.12324955232847425,90.42663084858685,1
76,0.16198100948694427,44.08723714950775,1
1,0.2752966329718444,72.37496526342933,0
126,0.29227996677478396,81.4097006967236,1
134,0.08602753401855182,50.51124210696899,0
25,0.07172672357837499,39.91019393708157,0
87,0.03334980199153844,91.54513686150983,0
15,0.17292137727202,23.08535529354232,0
150,0.013945274680693799,25.69700777191445,0
167,0.1294505063068816,36.16203140134371,1
187,0.03128136482908248,85.94657779705656,0
72,0.12751547704950686,93.8788264213076,1
31,0.021580334887026688,22.006771475486186,0
14,0.25221300557654297,86.38701476312454,0
140,0.0708243082421841,25.82029594685693,0
4,0.10520952600379446,97.0641246749888,0
73,0.26231391901585366,59.740789198158225,1
51,0.22641715778633947,0.7086467447382394,1
76,0.07352112487619696,3.4129904071177886,0
168,0.03085083141067385,14.748453080470847,0
180,0.21754539528804845,18.757315781875672,1
109,0.12330373969955169,76.76191228265967,1
177,0.23216319974428415,22.276587641694988,1
142,0.139135483988811,96.91416200498598,1
105,0.11034069976196015,63.61120572029383,1
126,0.140849568381595,69.25175092535177,1
6,0.22708210584449623,21.781651928520752,0
39,0.2716438830967085,89.27063140950847,0
155,0.024432487010686905,66.78145728199314,0
159,0.161992346955817,86.44056243418639,1
98,0.019522274434324503,95.6481097231227,0
142,0.14583876805706403,12.564097710959643,1
84,0.2667320204381011,9.658723026894567,1
197,0.1148611772618898,80.34078265896358,1
64,0.2804106221133865,86.61260590941703,1
131,0.19287645677867674,58.37614208779856,1
10,0.2809050496999718,36.60005477505206,0
107,0.2295783213696307,65.26296360752238,1
25,0.03999619832814106,30.566407259245732,0
188,0.07703389659317635,23.838569215346816,0
164,0.12430943182921678,48.81452095272655,1
150,0.059330995783502045,21.61538276063797,0
84,0.15352436538523154,48.37036083151729,1
167,0.14669676515343227,95.66065054635719,1
150,0.28731516742794055,83.97840356173904,1
122,0.13578108603983355,94.16309195000223,1
143,0.23783177324351937,80.63289748473585,1
188,0.28315405800692917,35.47509359462767,1
67,0.2643267609824558,81.20452385515591,1
103,0.07051361110836163,92.2915743553214,0
79,0.15384866933352784,94.70357878370544,1
158,0.11084453686581845,68.31978506849971,1
52,0.1259590215897925,21.136664381511316,1
105,0.11463397961126784,3.972915336469085,1
152,0.2496441709507512,14.720022816015577,1
43,0.14112032598550975,96.55469178939454,0
139,0.1618713563509596,46.209682419276945,1
89,0.29490973354365163,85.49860148320575,1
100,0.027393988935539765,46.50441535582911,0
96,0.15150771553931716,66.08175834598394,1
8,0.23447789501437366,2.4140777122333645,0
11,0.053836967874585695,24.986494271936678,0
68,0.18734416243828442,43.62692800425892,1
181,0.07944478606499535,63.063104715416316,0
181,0.26154719283512456,17.15211880531785,1
27,0.10485890296602299,76.455146427049,0
55,0.10542821690126376,36.44047061362373,1
98,0.18347622477018913,81.74352692338844,1
196,0.06323324335477352,9.79690903950673,0
109,0.09261770528188769,67.9756587682372,0
76,0.13082323653462932,29.33283332065102,1
102,0.11255498031063199,79.53831741226179,1
105,0.1622143932216189,40.21704270424106,1
108,0.1838956417800002,66.53496322635665,1
111,0.17433356158754773,93.43052686364734,1
57,0.19970881047766034,2.0626632013764357,1
77,0.09924735981626785,1.1116782334373632,0
74,0.04666360587495813,77.02792521767134,0
41,0.23063418701501234,64.63930515080781,0
165,0.2567263109628978,29.297972050443267,1
67,0.08453180734450534,49.43967027742624,0
180,0.1280566672858257,4.193566559886874,1
32,0.15458507291943102,19.244560536124077,0
70,0.16466478439835155,42.44963745271675,1
55,0.20125214961541904,83.40444162214823,1
104,0.02206493767304319,47.96671828600848,0
199,0.21922835399286492,58.63625045259787,1
100,0.027971592024028977,87.37537919937805,0
50,0.14580368462513169,30.881891358884527,0
73,0.2500246293150663,70.06993211020558,1
170,0.14085244085073492,86.16672586782533,1
120,0.05323602714279185,20.261570069617672,0
142,0.2956598150517283,35.64781651478325,1
165,0.2678927840015363,97.98101738893551,1
142,0.23368095363525407,98.3218564796211,1
4,0.12933836484077102,22.32299302939379,0
82,0.06331526079789636,6.644583889262812,0
181,0.28300924261136534,27.092161131005287,1
50,0.1643818266899703,39.77319573036873,0
9,0.2571830835123707,44.10056009311637,0
139,0.10920755167023345,61.880630733042366,1
3,0.10723361195304647,89.95027601315464,0
94,0.2958067393954713,33.034801190716244,1
145,0.16133158406350645,84.99845354992085,1
79,0.050801672919616424,9.34789209266269,0
35,0.07370565661846513,4.187469897321472,0
24,0.149763841023889,50.40451831234613,0
97,0.022316564041639286,5.9662223330604895,0
163,0.14413485575970714,39.24898012342302,1
100,0.131492844203237,89.67781168692343,1
194,0.2360075169426512,24.148303620747335,1
8,0.1129331697018801,70.59757751249032,0
60,0.2949391408464838,30.23653923900669,1
52,0.062423276597261906,4.49200552421356,0
145,0.18138613864075911,55.66905814103094,1
170,0.03601279613239384,83.48534905367518,0
162,0.22282055535825476,40.94684483426194,1
62,0.29847856953797175,61.729382645808705,1
120,0.24755020494797333,90.00235976577258,1
104,0.17115402680888736,78.96945127369878,1
3,0.1505749936459107,19.387639939281932,0
92,0.25215868876738556,73.33839593650058,1
168,0.28143248456611003,50.189302516015196,1
172,0.29686989248144696,74.59668078860847,1
177,0.12499637599370038,49.45155505222182,1
27,0.2973660676904086,12.795816410830286,0
169,0.05521861313041113,56.990944668923916,0
79,0.08352943502025366,49.21339923973399,0
75,0.03581467617282989,51.792173364144176,0
115,0.08880416978049967,87.89024536458703,0
68,0.23270188996922322,89.48370467062514,1
97,0.2573480638717504,45.353710676571836,1
0,0.23587886707974579,45.57320412800884,0
166,0.1930090756686319,51.5186958872616,1
95,0.15905028863156723,51.9589278334257,1
16,0.21552424387195748,95.03871441791127,0
111,0.1233417292874943,64.94004673774934,1
90,0.2539794219349135,27.745699488794394,1
87,0.20638512725326777,53.15367969539899,1
162,0.21236336256337845,62.72235829079828,1
173,0.16542143800743067,63.97717210139645,1
169,0.26671640542124003,58.525422623818265,1
166,0.0830842727669252,17.773615462153735,0
89,0.12053281947470469,3.359318907950748,1
48,0.23551634520652984,33.78430523668544,0
189,0.15289717987750792,42.752215456025354,1
37,0.2678720638930153,6.18042395760866,0
150,0.11045580273122717,81.49673380198462,1
149,0.11710574895769697,34.407743751027375,1
131,0.26773337892212135,91.36327461785046,1
176,0.1446673928527919,15.441010784226517,1
58,0.15967612941872117,5.693495693731343,1
200,0.10650147744734702,48.231610438632174,1
67,0.09023428323193375,18.912933682570664,0
198,0.20022512614313367,93.73992755778612,1
129,0.04475379184694912,1.0303398453738954,0
48,0.26498906594304367,41.2619675059035,0
125,0.23596890966188128,92.67477713451683,1
158,0.0653169964746828,38.44182067297683,0
110,0.21126578428912396,9.310928060046075,1
167,0.1847635471728341,30.28949428617871,1
47,0.06351516471362678,49.801039383443346,0
50,0.0892290167545674,18.515168734333308,0
42,0.12860608608281196,46.65617051432619,0
97,0.2127803932211874,83.63431957858374,1
182,0.1952297885569317,87.2617970196613,1
176,0.1643481058262424,4.926073471073211,1
123,0.2328390575030699,16.09033580525735,1
79,0.2298019444857881,27.529013576680416,1
184,0.1891791546780542,59.48658508876018,1
110,0.2382271241815993,36.09947587924671,1
142,0.10693637868597065,84.40409134460755,1
26,0.26556236321355564,71.66718682829377,0
195,0.1883239248825628,10.045602311350821,1
191,0.24848541900560486,62.45575025120912,1
157,0.16842094038918234,11.301262534697843,1
163,0.0733470910467173,25.50356696364601,0
194,0.1672989373167095,17.787063353422806,1
112,0.11762238249521054,17.306194920070496,1
85,0.2122747204507574,61.639552477685925,1
113,0.14798019960307338,56.36049225541615,1
123,0.2524727134290294,17.602815278772688,1
48,0.20664102857335584,99.01728054184318,0
75,0.20851788557908393,42.18367323682938,1
54,0.07297504671240883,9.706932815493662,0
55,0.2954324322824742,12.056901695511513,1
195,0.2540858106887317,58.38937137265947,1
94,0.23881141652260143,97.90694033834728,1
43,0.10576241529640794,57.195110161919786,0
158,0.16533317932569724,94.90414766166371,1
185,0.049759924541555305,44.413285075802676,0
86,0.16615803323218473,43.5841103652012,1
180,0.052307881480153307,50.000735931588224,0
83,0.17038097475698435,69.74254581555553,1
150,0.19812934524492262,36.76159664513327,1
155,0.12315683050247167,86.3886032678957,1
15,0.15457801471607505,2.9281384768146235,0
164,0.2639394824256299,43.97641950284423,1
148,0.04148331196381472,51.099184997991784,0
144,0.23960253896989933,60.70322382630962,1
36,0.059518819788896955,27.607191236586324,0
76,0.020645315013342234,42.74799709858353,0
146,0.06381663479606385,48.45377502140566,0
157,0.231862525091442,68.69099786832132,1
44,0.1274865612676894,77.3544184735814,0
145,0.2630309498853928,73.78273273437873,1
61,0.1621651869428571,34.15830522895853,1
163,0.016452602058635978,99.94505229919636,0
99,0.21784694678455876,84.86653117871793,1
51,0.041967543529157485,26.00233731449689,0
18,0.2389200937039581,19.510580567282755,0
108,0.0587497394435022,31.40212505833905,0
43,0.11017945188359889,45.23448529996449,0
6,0.23076871459135448,85.07993783196139,0
171,0.28672709366816224,77.83622637945345,1
116,0.11771584568755236,85.1246123505876,1
67,0.25052606385769133,27.19571149103285,1
33,0.06532975698799322,59.34612224518362,0
193,0.24408213335872242,28.324906227737443,1
68,0.2006732771843128,10.902316071949315,1
54,0.06589561709158684,68.41977434746806,0
9,0.09772614850190935,14.299755119543878,0
41,0.04821355769314044,66.76977617064715,0
40,0.12106043320865084,64.79643049054091,0
196,0.06905810592575044,81.0248444424017,0
121,0.19675940655283733,13.95546045635644,1
137,0.298406480223962,78.34801485088109,1
9,0.0134826572944366,99.92765259462371,0
101,0.1668667458533166,85.10424485859022,1
187,0.17636331328921281,75.18120763276663,1
127,0.27512054900743543,66.21653546947076,1
178,0.1567415470824119,42.17814846854294,1
148,0.16767341169702607,73.05001678916022,1
135,0.1467793123852327,72.41780351404532,1
192,0.0879822483228296,63.149828268728825,0
91,0.026248448642184966,79.62783782978285,0
112,0.12851072784085246,44.87638884268347,1
77,0.025251526659796776,12.125271213239063,0
84,0.16964281614511614,55.90677276092374,1
29,0.099115156540265,26.504352871134262,0
48,0.16474469644237408,38.44330974291502,0
8,0.04894611967460414,1.7414903941226023,0
144,0.28046269006441427,38.27905879178834,1
68,0.2694111606294811,80.88011061354547,1
57,0.0650989876686625,54.272236693825484,0
184,0.10959884215526286,0.9800526933971043,1
61,0.18791290383707407,46.98438202398473,1
51,0.037749000118712815,29.145164764540745,0
188,0.11282466812368372,47.75506553971711,1
39,0.08282256317751176,40.4692721447877,0
165,0.275499851327842,93.19792195573815,1
170,0.25722808452386947,4.117729896301581,1
62,0.1781514949673905,68.35880112819322,1
146,0.1609004376927565,85.10265963017414,1
49,0.2799104804181652,95.92385846504754,0
160,0.28040405706385646,17.76362265442959,1
140,0.2911057363519815,53.13048019661939,1
77,0.04635987639137442,4.358957731721191,0
96,0.056561765121319364,49.91835244550885,0
189,0.2062536426171671,12.545808954098192,1
42,0.167015998216855,83.78966746987135,0
176,0.01535511241903843,11.387000260536484,0
35,0.027972760436960613,51.32883603864953,0
121,0.2675433108550535,52.10960689927538,1
107,0.261972530706422,97.16504979316053,1
9,0.11360856737885308,65.49806940388882,0
94,0.26840467890985503,28.784029307680193,1
5,0.18216577157539152,24.079930993813846,0
56,0.24371263763548154,12.824820564506489,1
128,0.13395501063646215,75.65147240490595,1
70,0.04288551493002353,69.07566561823386,0
185,0.1357808481673447,60.98771273081059,1
20,0.1426169414191004,4.084044294998835,0
91,0.16977381621377488,76.28288663942945,1
126,0.04061898674228412,64.18875771484792,0
79,0.2975065402843873,96.38888681104883,1
55,0.08079967803400283,58.72021298768121,0
115,0.06758019702575693,30.395190666170812,0
147,0.1627728464682216,38.15205521893203,1
181,0.1657903720245177,17.584070537823248,1
24,0.13754801397164085,72.29141822013851,0
155,0.2338487224343238,70.77216600217253,1
4,0.15982977621129477,20.065001547767626,0
119,0.1868116819920454,15.84893231822786,1
20,0.2198864517682578,7.70049332021946,0
17,0.017257279453521318,91.19757436817586,0
174,0.17548681293806298,23.306983369485113,1
197,0.2664163966562271,34.41635267518039,1
56,0.015042735448375835,28.050450837749064,0
92,0.1275028101022787,41.36246026107911,1
18,0.27860596055969067,71.40487993824833,0
127,0.11241477666193594,87.05956337262845,1
96,0.14303135901806985,18.259874952854016,1
192,0.2946470039828507,68.64123437411651,1
130,0.0678039190956664,35.25621422424852,0
169,0.028924004846251725,98.05271682972928,0
20,0.25923255134977824,29.891915928407688,0
39,0.26185494895158684,0.7192956007859963,0
66,0.14690257205720383,51.563997401984516,1
152,0.159120080598413,15.073108427593773,1
126,0.25238384718917245,4.44944268183991,1
54,0.2241822544535806,69.82692319477086,1
179,0.08689321064293308,73.22592825084566,0
171,0.014899072970740352,46.069901311650256,0
108,0.14911304713472825,67.68855167565772,1
97,0.259084574567736,53.82394482471339,1
183,0.269792056240147,62.980110772193164,1
182,0.2873055971520846,59.67039731879612,1
111,0.26507333890770657,66.58227640555924,1
197,0.17821263103644852,19.963064867317126,1
114,0.13893562377846924,26.87066200367002,1
116,0.23470645549488872,43.9963149507692,1
86,0.22454827396602298,44.61280094191864,1
200,0.16606159472362178,77.44117115869042,1
80,0.03532493804195604,36.739365922953205,0
65,0.27856359056820645,16.25051560591824,1
18,0.14212473587548202,25.146597049107587,0
134,0.11536679675571664,21.47335023842284,1
117,0.1925745445989438,73.1660019256022,1
190,0.2054130087384233,47.03396146259821,1
41,0.07109949593878741,70.86306979709835,0
41,0.25271226499488725,41.621968075762695,0
58,0.09408175716208957,88.97356025039052,0
19,0.06413833851515184,98.35203077227345,0
72,0.12785595732780425,66.98425087026116,1
16,0.2218624234602649,86.38125572362189,0
26,0.289982871747543,50.79332671720627,0
174,0.24469156666771563,93.46208403539079,1
1,0.2827010295243556,83.1586485672828,0
62,0.05077568318219277,99.17785717660391,0
61,0.030641271670466264,62.309373532778054,0
99,0.17173438095293464,77.92067402682285,1
18,0.09418627008276995,54.28681399782135,0
16,0.25013594216108914,25.912010427142285,0
68,0.20487648270667455,35.47551711297577,1
166,0.29151116755588036,89.40054147313161,1
116,0.08388978316207821,5.594794659862057,0
198,0.1508773931630174,59.147988607440816,1
80,0.15535973845335244,37.24840325041087,1
38,0.07936127050863909,38.669253800555566,0
35,0.18112708585152223,88.45712064137673,0
167,0.13855293596297946,85.38223745462265,1
172,0.13954925123706335,59.88423755724687,1
131,0.11519362791202023,27.291884740433392,1
152,0.014909512203405167,47.545634616202406,0
196,0.1614076187052888,40.8293393789216,1
157,0.107221872353096,35.36180292024953,1
195,0.010382762005455607,10.278557855729641,0
28,0.09930367522196028,54.311388671532036,0
200,0.09080221659602951,30.183129787448358,0
195,0.12409996443485437,66.08079429275284,1
50,0.04823707699658512,31.920393582553075,0
151,0.1572283091441745,43.11634931348017,1
13,0.2108077022302577,5.236037419440754,0
68,0.192753815025826,99.25380699054777,1
145,0.24308893479506527,50.76103832751758,1
169,0.14108240351625354,2.4237594164172815,1
56,0.1605366017985212,54.12306587611441,1
11,0.24501656284910514,87.03539993056498,0
16,0.13403333953757918,77.25521342662026,0
29,0.2134638114708831,70.0906684129454,0
87,0.13603468692821763,13.94646545990349,1
98,0.13114349640835316,65.77370789874723,1
22,0.2304596311134565,76.62983780122603,0
128,0.060702705485201236,57.24190639654966,0
78,0.10818993186305632,89.27490045203515,1
31,0.0750099602566015,27.69897817848854,0
8,0.11414188346060315,24.214469973925056,0
14,0.07680869848614695,86.9569744942646,0
155,0.17802763301512986,62.53982429914524,1
151,0.2414695327591751,0.1447220520999326,1
187,0.23811778775319153,35.31314085110525,1
162,0.11570527971914979,85.78559858146745,1
26,0.2967405177093359,2.731951164174329,0
108,0.1822177657646822,0.3247928261508881,1
75,0.12582608751570548,28.125929052512976,1
147,0.25230639098001334,91.40000370092778,1
64,0.22166346366636583,90.14775814700164,1
176,0.22728984767899027,51.876194580150795,1
108,0.06688041142282275,55.32368711396226,0
128,0.14581404913688098,33.20080113171888,1
9,0.25993015793913476,24.373666202780985,0
46,0.1561710222123396,81.52218542121183,0
122,0.2082012955921046,10.629486049964143,1
58,0.1805007825799367,48.73543708786357,1
95,0.2542834684383308,63.439725949708446,1
189,0.09252264353086476,10.368029037102922,0
102,0.17688783058704582,51.960709547234615,1
123,0.045738053722843154,57.75212879124432,0
85,0.21016112524284566,74.24960605073649,1
145,0.2222706731222865,23.483604914753286,1
111,0.02242282314480954,29.33275032907583,0
173,0.20597937945211567,56.95211466330334,1
159,0.13026014470807804,98.31264099816141,1
26,0.04598809407180788,21.749318282011444,0
17,0.1317731888325556,98.5903827123464,0
166,0.06632754961171869,71.43425330544812,0
176,0.1305122643157618,82.60820696300232,1
81,0.12145831810797302,8.964126823633922,1
171,0.22413357471145667,30.042018743063224,1
71,0.23452251186824405,5.773627965098105,1
53,0.18603830977151853,37.15469950031752,1
161,0.016579184232909785,98.12896599200519,0
70,0.2799964609305883,10.527306220633847,1
163,0.20900765122796983,56.237278237119945,1
145,0.01991668047714476,0.6070622813812321,0
37,0.24746154077209417,71.26828160440627,0
186,0.06807718486821887,19.719269237204106,0
136,0.17797414497562097,12.958453712476292,1
200,0.14532396728555427,33.701781216078764,1
199,0.1317532468829722,77.10442979389815,1
178,0.2680169788360753,10.66130863112108,1
34,0.13683477455315826,22.983899579869536,0
81,0.03184979409621371,0.8464421617309537,0
132,0.2845252308923362,96.8414862695618,1
141,0.276955217059492,59.214559998886386,1
157,0.20848547997866362,71.98996363846994,1
3,0.14568883315828723,65.13831711560145,0
166,0.03692924715362116,14.436455886967437,0
191,0.23931695438746808,59.49399389939941,1
152,0.031888595182968396,13.141559514126211,0
155,0.029894285619592238,40.12364539631279,0
193,0.16584131430741675,56.8963135925293,1
149,0.05643718965354566,55.88811141021559,0
158,0.012241777528701205,11.907342598274095,0
22,0.132702894988778,3.443596964652218,0
47,0.04979299716691912,79.82343138738138,0
147,0.05654947043140046,72.59224369960053,0
124,0.03230408523324705,8.181890456473806,0
165,0.06947718857984687,12.741551880155344,0
54,0.2174904121345729,89.25837763896203,1
67,0.2445889190931595,76.91289016217799,1
87,0.14123475676849717,99.61602962166741,1
0,0.15690060660561111,25.39874492050217,0
134,0.019469960032318753,48.78029888688149,0
184,0.030101715797681887,23.64595760623557,0
94,0.08469464043835989,62.28001384773098,0
139,0.16773054200681278,11.541423909131797,1
105,0.22446983313314794,12.72431727430331,1
132,0.1854508877880296,7.188789140512264,1
107,0.12371707794616858,69.35860822641669,1
177,0.04431398117091007,49.40725774332068,0
41,0.2364242381172849,61.773121635463,0
101,0.11549795496372654,87.93010465893589,1
123,0.22345566420000898,74.03284847553586,1
139,0.15876386415515914,46.172291816669095,1
102,0.2242119955329293,98.43559883942264,1
145,0.27311397282124583,45.62561011419732,1
193,0.2770985596556026,11.24506732335332,1
73,0.165180966200175,99.2654747252716,1
107,0.15833742578203525,2.28207300148473,1
121,0.08704675499582279,54.988355948775215,0
16,0.28138195114349446,30.909548869970926,0
195,0.14279655848789005,50.355215101698484,1
70,0.04700145939333937,55.87129525945216,0
61,0.13548442524169949,24.00958962784876,1
40,0.046845442569021144,55.685875573726186,0
118,0.15573418843455178,75.60611120055376,1
161,0.17276989930830153,26.650983724399836,1
197,0.10794917083313973,38.34261333139071,1
44,0.030778678127130553,26.82426931640579,0
57,0.28361602533363933,82.05597309882025,1
178,0.23427240291019458,72.49822592095967,1
125,0.25327551334648507,87.11964372184073,1
161,0.11639183434300651,17.004989290165927,1
43,0.23064099870564064,7.357963815975155,0
14,0.15075813959906634,11.938350385867336,0
77,0.06831421163775332,16.101833282423637,0
69,0.04608277930309185,53.30826606748024,0
177,0.11006475210339647,97.09120703627649,1
100,0.04989011232779051,35.723541661678205,0
159,0.2994980030991799,95.85082693602051,1
194,0.024264807167286396,3.820079498917972,0
2,0.13793164381703218,92.68722028146583,0
85,0.1411071214932114,18.11526073049712,1
73,0.09718325928868589,91.24749857193488,0
50,0.17569195405501414,5.622743011546117,0
66,0.053493337003947955,94.82194474950326,0
75,0.23733459037029775,20.079826431886083,1
92,0.10640983829181509,30.27140600731607,1
175,0.1814893510416061,49.09423441029581,1
144,0.2175353784594182,38.07208812354752,1
6,0.26782221413014673,66.752796926315,0
12,0.252378356571138,97.48077672500773,0
119,0.18640961815003226,60.642649080494074,1
65,0.1226340223113272,72.14854094365492,1
3,0.15592935432173954,8.80052503057015,0
137,0.23293309007985274,62.78124290700053,1
87,0.26448820734224715,45.384977704641315,1
16,0.04009675917123484,88.57823579196284,0
51,0.1216083161229855,38.821109964310196,1
133,0.23507381353991516,67.94541440499191,1
68,0.13517901115224867,22.815372825907907,1
136,0.1063460515792223,25.9372533524196,1
20,0.12928358207874818,37.61224309222736,0
23,0.18482497656804173,30.406353750650272,0
3,0.2999434917988024,25.387883939007484,0
151,0.15296780444031421,4.96687059008093,1
186,0.07046339773673556,83.6746331752459,0
2,0.057225506830937474,6.4301530891284315,0
67,0.022281426768160143,88.73655156029676,0
100,0.17205699812631323,12.546538906806026,1
167,0.16792590653176193,6.526173706265903,1
175,0.06951783876628966,56.30047639806971,0
53,0.21164552787124444,50.244179257472176,1
34,0.2249210420726074,49.12345688318851,0
55,0.08513847956081226,57.45043275013978,0
107,0.10978893156862359,28.705660611915572,1
39,0.29723678498070444,66.29492734296112,0
67,0.1185366956767129,50.24022197071832,1
45,0.2306324848092695,33.47434669573253,0
77,0.1412903737226826,82.6500666980728,1
140,0.24007000007968302,72.77210963267102,1
154,0.2330167392469679,39.3610341944622,1
5,0.20364924730757533,84.76177852288728,0
16,0.25788572042571795,92.02582501117742,0
163,0.2823733635145287,53.68662670843625,1
98,0.17819516293110432,21.495245015692078,1
80,0.07886598309459625,91.57921565469869,0
1,0.12560239887678176,18.947962009551723,0
76,0.22990865691885504,4.8423226417269145,1
179,0.19875621068592214,32.748700887313085,1
65,0.06156151818392213,72.69663444610399,0
51,0.024859466932463166,92.32740863535494,0
91,0.20805886212719882,63.72856468144399,1
170,0.08281291696851013,95.183854696666,0
21,0.15490437068142549,9.237083927589662,0
110,0.22655656402865232,6.075372958802006,1
106,0.17317336639033662,60.41919507436641,1
182,0.034157749102420955,96.61163224927549,0
66,0.06381826866723106,50.2721308954724,0
187,0.07360517336896653,5.151522593930514,0
185,0.084780633557005,22.121865607745615,0
139,0.17396698366564622,24.479290641577066,1
68,0.1561500761493641,33.785712913695,1
83,0.06891641112562058,4.360338358621263,0
102,0.02959090460214925,90.48927004979163,0
38,0.05971533929766824,51.55639447214953,0
12,0.29547058065939497,67.0930792954109,0
40,0.14587861543952696,6.717283689500897,0
56,0.26153019636361263,5.41154678036494,1
180,0.2561382153339645,58.64677720405472,1
11,0.15834067166423338,88.7296010504208,0
12,0.21493943545355762,52.8482000959547,0
119,0.06589808301968655,87.78191725700715,0
96,0.2096350444288034,81.09912730552394,1
56,0.08899152798635394,7.585378579492074,0
39,0.2512980080587037,20.19574743856899,0
117,0.03427999860158387,65.77106691553425,0
79,0.23421021513673046,44.350138255004154,1
127,0.03898170290489966,29.069981364692055,0
172,0.26554487869934956,41.86338560479791,1
34,0.09821931025915107,44.51996462706344,0
2,0.19977407580086667,91.05522508215965,0
119,0.15137566079988116,10.345828370495303,1
4,0.11622791212607829,27.9730746807615,0
10,0.19717813162321396,53.75648165827139,0
125,0.284781664359859,69.82869266305917,1
70,0.021968226738640337,63.06372889592436,0
116,0.2764673282061002,94.16427377373945,1
183,0.18663367995609392,79.56089248194732,1
137,0.24412114722302516,55.70768419744303,1
105,0.12132373649594048,21.46826916735075,1
115,0.14683446270290798,45.08742314022398,1
161,0.26196671802233756,69.33822441944774,1
66,0.1303059112448487,83.79621748360849,1
199,0.16505127435723466,95.97362244223874,1
30,0.015856527694456543,60.54527661379176,0
74,0.055993421693032265,52.691936730443246,0
70,0.19608908731269192,1.7691923121148312,1
65,0.21792330130852436,7.209906915017994,1
69,0.17895427166750483,15.610499763740027,1
40,0.051559910519927095,5.4759931189628075,0
190,0.1391675742875721,40.08632388049265,1
159,0.11297748224532503,33.68785451388722,1
19,0.1537417897701756,63.73541578683929,0
184,0.26239542002068733,53.56651079334027,1
177,0.23499981721100904,59.59707593878597,1
152,0.0343569554028561,47.197720293765414,0
139,0.26818966735462363,27.773714855425712,1
198,0.14681247383344884,95.2825314946477,1
38,0.22572002201693955,8.640915976013897,0
144,0.05061137706666212,93.88909994653072,0
44,0.20450866245504393,31.123804686473466,0
138,0.07853454510674279,51.26614453672974,0
69,0.13713046017087013,10.884232282754613,1
124,0.014890232323810279,7.093106837100926,0
150,0.053967084999838044,42.95454487186029,0
90,0.03670334300584973,74.16973763796781,0
69,0.07952581015209494,26.93647775485489,0
165,0.03900524610705346,56.234788893532006,0
129,0.21065390771967296,27.865034052281835,1
83,0.018421571640673616,38.86130608930408,0
88,0.1891447451812494,90.64463184738247,1
78,0.05080527093941653,85.58396254949196,0
112,0.2840968225815901,51.601754341762984,1
92,0.28059728120185773,23.810562747207875,1
71,0.07539589973107914,19.318391273302282,0
164,0.18818217648467855,95.40873530357142,1
48,0.018121542647012948,20.271659651068752,0
51,0.2802186774848405,80.81683109125392,1
32,0.1616663193755958,36.89702095355373,0
21,0.022534713911155906,98.56598475582383,0
113,0.10932499797235982,36.81557403627879,1
132,0.03228634393975792,35.151662491072614,0
17,0.12395388741827436,63.74636288776231,0
165,0.2042786392267837,96.15168066268193,1
117,0.1462680733320175,97.6209605796433,1
116,0.12127943066864179,70.72061464669852,1
36,0.04455554320673479,75.46063656363536,0
63,0.08103232325116032,56.34021759730277,0
137,0.03904155344412182,75.57757391323318,0
78,0.24417463218043162,85.97796549704965,1
169,0.04921955011556954,48.609530319502326,0
122,0.1826582762991791,61.9862262830103,1
175,0.1093947199407653,53.731669523304774,1
43,0.0755337315500032,56.247061352867725,0
81,0.19544584745271007,89.00479098739409,1
86,0.14253066971931277,35.56168302055702,1
15,0.12604218551252214,20.81840256006242,0
53,0.18192708141874425,45.628011027362916,1
101,0.1524676122621002,20.808519048126517,1
162,0.09801042047995262,49.840042566201916,0
97,0.17212777345192298,90.35081053570586,1
155,0.20415458719970142,61.74335204824778,1
1,0.017741015990187743,85.54328533030777,0
93,0.14510280138322584,16.61909196155118,1
140,0.026728152529227694,90.08735925371768,0
168,0.0640575700797522,60.178716440711575,0
58,0.17254753288261218,3.17597887404798,1
68,0.2611947854270184,63.31189552850368,1
118,0.2660136469646606,95.1396956260918,1
91,0.030283762940203067,7.916700047536207,0
180,0.13154047502314492,58.24561304695721,1
44,0.17907188007131986,91.54786028697147,0
147,0.05265027231959959,0.969516833437456,0
23,0.23197534285598378,63.09129264658232,0
188,0.22582822494679924,47.49022918309627,1
90,0.2719688939749704,34.69893186486106,1
93,0.012460943504198475,62.753648994537606,0
57,0.07283843075681076,5.270209458741693,0
154,0.2498841471311433,75.30630462874002,1
153,0.20446821473981125,0.44794769197076256,1
127,0.2693730575725623,30.693574379235223,1
6,0.026582099813777293,50.39586376846784,0
169,0.18311955005776842,37.702225056655166,1
46,0.1750235067191655,30.747593520558247,0
52,0.020345580744554385,83.08351454680961,0
186,0.15892140230462024,93.48325742719089,1
37,0.18676089027987802,87.37126849058888,0
196,0.0654750205186111,52.24313130499997,0
52,0.08926557910615224,88.4164175193483,0
142,0.19570073042634373,92.08615651815437,1
153,0.14580727480398792,40.9238397047462,1
47,0.2588239606948148,28.34458595054454,0
94,0.10929071214266461,9.826520581332032,1
146,0.08733130093257832,47.9091921049229,0
136,0.2956111227000044,94.62969204384414,1
63,0.2742293733377242,56.090752807037106,1
92,0.018407896049704157,66.75621017861715,0
181,0.2335112984389041,11.28838184918476,1
124,0.041997084409308855,14.351966414225625,0
178,0.017970706500517575,46.44732619596725,0
38,0.08937169963024116,95.12647989837258,0
3,0.08811030492772023,36.07846415915289,0
125,0.24760244108061974,87.74840413175336,1
2,0.2160935013234222,12.028859342571153,0
63,0.2946667339262841,61.70172069337101,1
28,0.21633874109042736,60.06129769105182,0
115,0.13129411044425388,85.98747500702684,1
10,0.21268902167411288,0.3316704404901505,0
96,0.2998431294840566,18.993166719757216,1
101,0.21594114594313313,21.968762542948173,1
185,0.23088759323429228,94.99660880907373,1
154,0.28212585440517524,15.369365626989495,1
20,0.04295886578038817,3.696235022056038,0
38,0.21438744509984078,53.44614947418081,0
101,0.2567337278105602,52.85584624336816,1
45,0.28676979406405895,84.40469653678643,0
65,0.07118109401639282,94.88596501778021,0
90,0.1561394122400308,53.8545442140131,1
163,0.20736090581689973,92.99941824196554,1
110,0.08176564155538785,72.51591512998297,0
81,0.18413713034257947,26.4559127995585,1
122,0.08469784692441981,92.84207109439264,0
192,0.1067025359541777,66.74431761818748,1
190,0.13804042198815086,41.40959327426338,1
98,0.16346512863650442,68.02420845169307,1
34,0.1403161027712937,40.13128277437509,0
158,0.15302670073849947,11.418376798795926,1
155,0.09659073932360485,71.89787471768997,0
102,0.05609987726656287,82.40876121707437,0
128,0.023731493424783437,72.88061990193877,0
24,0.06683382952258363,22.911466775667655,0
42,0.17876365603667707,95.6635013477613,0
83,0.23797347986290837,2.525456169115592,1
194,0.05908180325843941,33.26852973756406,0
190,0.041481053754068055,26.00924345348955,0
50,0.22729420455928256,4.8126227614850965,0
129,0.09849591585581399,40.572969298866845,0
125,0.2859348373759322,62.311484016277454,1
191,0.21715221147700817,88.25528634851013,1
68,0.10475925370047894,98.96897161914701,1
8,0.09396739686017441,80.80895864043981,0
1,0.16187253201867963,46.86805187128248,0
161,0.032951953800680736,72.37044259670307,0
187,0.04412618866713671,84.36237885896406,0
188,0.06099878558169582,46.53071964186813,0
158,0.23466984205832245,78.50544340254999,1
9,0.15901863418804552,48.265241831287675,0
113,0.013064465604588453,38.64959908767227,0
75,0.2053197929669116,52.60908377837612,1
163,0.13287015181154416,67.58547376271449,1
84,0.1581471858395014,72.68820563185973,1
48,0.07209371058975131,35.67362688921079,0
69,0.17001684623429006,57.132025155603486,1
176,0.2939544395279317,90.98708740804472,1
130,0.03129896039167082,97.63129001106398,0
132,0.09233604590268488,22.72480911839545,0
188,0.08046930192964062,19.283116571334148,0
89,0.08207930011784206,67.66856334286486,0
25,0.1198248436939594,41.46838858234438,0
71,0.24725183757580857,2.4222338418137035,1
4,0.2747290200896723,34.686187064728415,0
14,0.06864237536310226,80.67447434722521,0
122,0.1674554820049527,79.74269303831825,1
143,0.19470070192798927,49.46851488165819,1
0,0.16132996756551501,47.25779348875353,0
143,0.13588215431710668,57.95074424343775,1
164,0.06567289669917897,21.9396710563576,0
2,0.15158361416777918,52.60436248909555,0
179,0.12635230003628536,1.1046360056648385,1
46,0.24071337512565819,47.55595547831337,0
94,0.2314452641572686,33.605104625059255,1
12,0.048859617549644505,67.48696059036597,0
119,0.0356705252432896,63.83535841526275,0
54,0.27336464353597584,38.0835880182809,1
148,0.16529743279970432,0.7272981478591567,1
65,0.25876227181195127,25.227362939496047,1
181,0.02686382496425633,63.33478501891623,0
154,0.16268952879127277,7.237334301750453,1
165,0.16643368922710855,10.764242183346385,1
89,0.25960358943722345,64.70350245670872,1
185,0.03830689948661518,75.57674009492924,0
61,0.0797292134660137,32.15497080127121,0
101,0.1278961110272338,48.967306551656186,1
173,0.2610940278717832,94.57113649836586,1
138,0.2822761613704644,94.55435621759695,1
199,0.29789013968215206,30.75027744634301,1
7,0.28816611107297124,80.99878750170902,0
96,0.01172310919486278,59.39440528068588,0
116,0.02383541902162289,97.548449335038,0
198,0.05280597755570071,47.76135697110965,0
63,0.11117000806337919,77.47068680155616,1
20,0.250676228986218,76.8137129614871,0
199,0.26887029664728934,49.743286763307616,1
114,0.06418197782542907,79.56301142973078,0
190,0.1897026039697155,26.10403333069965,1
84,0.2760349756689302,12.225303629022887,1
191,0.14448220342008303,42.51637446553163,1
19,0.040027635866307344,94.36306566335847,0
7,0.14276595852454124,50.074460820252874,0
57,0.11898052166353658,63.5259138646927,1
45,0.17752081885914203,62.41624559078753,0
30,0.13721101847806005,13.257286726953044,0
92,0.015030318787578203,39.029688237721025,0
8,0.2982593426899646,70.69389729218749,0
14,0.16762666894186556,97.19900985807263,0
93,0.14735291909053677,16.801773829702615,1
153,0.28683903773617564,41.04418903391163,1
137,0.05519950660025236,9.509379980272936,0
28,0.06487890473812198,24.2376459649256,0
79,0.2443242772282072,37.67593433261502,1
35,0.08564101320725254,54.06432479523504,0
83,0.2417758608245428,23.056688223908097,1
108,0.08874471004346572,22.756266117868574,0
117,0.01962441276525043,77.78299791402038,0
36,0.15993426992714763,96.26416629468812,0
85,0.06703906589678979,32.36129677514562,0
70,0.2297754249504166,68.79920186356802,1
150,0.19594789363732296,25.808046135792072,1
168,0.27784477371359617,92.7952254965632,1
92,0.2370666236070634,67.29023601653982,1
79,0.062425026903810785,80.267685463757,0
101,0.24204588863279095,4.935404319916481,1
155,0.19610374299606675,59.850596824062464,1
175,0.20399597611058123,52.761233135838225,1
165,0.2513562369313431,29.299690691153202,1
158,0.17640898006479266,26.24299850573181,1
13,0.14514101916237374,58.00248023169697,0
116,0.1946259002540311,70.64856350072252,1
72,0.09640765439792412,3.317275703518896,0
90,0.06295316801525878,56.74015819237044,0
89,0.18881047304066145,17.045952894662864,1
28,0.07781602703478852,14.036273138610056,0
178,0.03317538171051595,62.311948809468454,0
48,0.010160713529723635,31.087011721747302,0
170,0.18641262640601947,44.0880233134864,1
71,0.11502314720926866,35.99988094397729,1
132,0.22817018149530222,64.83363201525238,1
41,0.1188011555107997,47.01197660664689,0
134,0.15094099998908575,96.34586620379476,1
41,0.12805464211646161,35.238275910646536,0
163,0.19866668942171037,74.02843402628352,1
104,0.11328035698434076,25.72925675830445,1
26,0.28949261848326957,50.875309262614685,0
57,0.2814826261135737,55.2569751901957,1
45,0.25592809177061154,32.91092810627322,0
65,0.27688707846609695,47.17805289126291,1
24,0.1402505096532234,27.927863789849216,0
72,0.1655648150689527,0.6000781673981992,1
116,0.22520685184189088,21.564830163787875,1
154,0.2118823182321769,70.00641724932007,1
128,0.26829679272558654,77.0963024485377,1
86,0.21773599790444162,28.020286713891995,1
73,0.2993865653862535,40.8042998818072,1
169,0.11106668195116139,3.736566013861109,1
179,0.2515693452494312,23.70629010976806,1
152,0.2123140986214726,77.92192833722991,1
181,0.2105020691123554,60.598627026505724,1
124,0.10449232250504967,20.57705219543714,1
66,0.23782451980267652,25.744199512243217,1
5,0.27110904648080375,81.68020229895602,0
124,0.07337905384096324,20.90842029449008,0
57,0.1913940827638442,33.415772584713125,1
69,0.12371910043980479,66.43586916546444,1
52,0.29696895459551437,56.11123857080786,1
65,0.14886151659118765,46.087020523381426,1
57,0.07621285040111338,89.97410909797443,0
81,0.12073871131433142,21.971046271505166,1
86,0.1996131330468216,74.14198908629999,1
1,0.032065917691377115,15.906384061818335,0
149,0.1850445568641589,61.57338334821452,1
36,0.2800551801618804,87.06235634113132,0
147,0.2566052084207766,45.79017854781379,1
102,0.02962532563081518,72.42945071913289,0
23,0.2980830648343297,82.03933529989882,0
111,0.21263080787412494,13.602642487760274,1
64,0.057061439051066865,70.582689528211,0
192,0.013600665859132813,91.98410239886763,0
128,0.05967196452472389,57.63706098555442,0
116,0.25307101699886414,18.6122244528756,1
115,0.016275404234097485,12.694253158894298,0
104,0.07761271804924509,25.973533046674792,0
2,0.22961862264711386,10.351326901668257,0
45,0.1799720554104592,51.33940715850475,0
54,0.23699335600445562,6.970468270673457,1
74,0.2263836461097685,22.340462463622647,1
191,0.024674402265323372,43.991044391221436,0
44,0.26882831153730397,47.391475040202145,0
153,0.07583923194185792,56.539848514696445,0
76,0.1704838076666315,70.56149627507266,1
192,0.19684356539305586,4.722863966546753,1
23,0.05890218115667766,8.062095217578324,0
34,0.29310706444328255,6.085915180478074,0
23,0.1515652272653196,42.315031546491035,0
27,0.026716381723244094,4.184794488293431,0
15,0.2818059929855737,74.60812668313262,0
58,0.18001767452604775,22.300018103847783,1
181,0.21276602741459913,93.92124932899587,1
143,0.16230097908092497,48.64037550971114,1
14,0.25207400688532056,44.63257524422016,0
10,0.01960870403603116,78.05386926395002,0
192,0.08782972593037285,71.3153983892991,0
78,0.14619802335678073,60.730904094814285,1
114,0.03221504873097591,93.514670625037,0
67,0.21471293410473088,42.2259260987077,1
42,0.1241623900761358,80.85316757722865,0
68,0.08907371717776176,38.00929457458185,0
140,0.010979865574439559,83.83456742961049,0
137,0.21875079040748657,25.94746289659686,1
74,0.2518046995731299,28.92670728360325,1
102,0.12456175534763453,67.7869534017454,1
40,0.173623213339676,21.271329495179636,0
177,0.07602912151958353,22.91541870254288,0
198,0.1904373174212386,30.526242901741472,1
58,0.013519862911408151,67.89287696603759,0
38,0.15170673015863995,88.93880924232319,0
2,0.19681958973380076,67.45676511269866,0
6,0.27627561423662284,82.78142443441251,0
48,0.12058738696546242,54.35605896944698,0
25,0.23190515886449864,6.892322134514528,0
160,0.18332923868361523,10.046621150850065,1
100,0.27883351274827334,55.43919783669155,1
175,0.12552952594123487,32.78009686421096,1
78,0.10253764856316651,22.056807363694265,1
1,0.2672711796213017,46.62569273026208,0
126,0.024280876408403845,66.64967409043015,0
198,0.04955176395076627,38.49919477358584,0
159,0.03389728602937289,80.25422571573417,0
131,0.25450188740715673,73.85232465713936,1
19,0.013076152777392623,73.49148821595668,0
116,0.2598805750941439,98.51896896773886,1
163,0.14086766065766737,29.522997737163482,1
31,0.011167330867651516,64.47255863408952,0
27,0.12647710139149212,85.54783401603136,0
76,0.06417224390306031,57.95244339139109,0
0,0.19107614136692727,78.95021761153926,0
187,0.2070140490772775,41.44521858399123,1
55,0.15138299541744996,59.049134565480465,1
34,0.02175066237750429,5.5666392804328275,0
111,0.20027735326648854,98.57676058248134,1
29,0.2541912472456011,80.00184814484173,0
53,0.21889404042465643,86.88090716314495,1
35,0.25068779649704237,69.42942781429461,0
182,0.06814776182975736,18.605003280869948,0
79,0.26777750250037996,3.1028442418032265,1
57,0.10343610068790919,86.46566077360136,1
82,0.013887396133077398,39.63306537361231,0
64,0.2545835774354305,26.38648760399199,1
68,0.28312816799977075,56.16729588389444,1
127,0.20011187725103113,42.08985224757193,1
50,0.07711662283439315,65.1665995687557,0
21,0.08300589464193381,48.37932330545136,0
106,0.14531193329632966,69.72331404402706,1
108,0.27037101308441164,85.3423269509143,1
115,0.05338332028279193,19.555701095578904,0
100,0.2495323641792112,32.94328805654868,1
180,0.0944778145244936,43.68155865706389,0
99,0.24448998913443837,96.20584480276382,1
163,0.27687864730444617,36.53336135474853,1
67,0.13397322287835287,38.10998495926295,1
35,0.11586468969060393,65.34725229595611,0
179,0.24264418250167752,41.919970988994926,1
180,0.16355003589002426,95.12237456396052,1
177,0.20849022405432716,89.4468760475444,1
168,0.19062047871874205,51.34087777756729,1
145,0.05433776523699093,64.47752339478498,0
21,0.2549892044839729,5.803056188362055,0
65,0.06677478230980949,69.5730528032398,0
20,0.28036182178052643,70.72008729490322,0
99,0.08266567451242286,35.91992956432081,0
127,0.22282548224938514,21.968288362527268,1
43,0.09255006411314168,91.50784018170167,0
102,0.10215776849019051,42.67049008051277,1
46,0.09990053730686853,65.37061048017107,0
38,0.22688875366756414,3.332879497625596,0
28,0.171476384211124,41.40671665768363,0
53,0.2660562121957742,81.725881101388,1
89,0.099138088569173,38.7576000400715,0
84,0.21067783139645585,60.31611601368768,1
16,0.22835509390230208,20.985580048453944,0
79,0.05392981277868787,41.652564883955954,0
187,0.12617091362274524,92.76377180531867,1
158,0.1500170733616192,56.64517497010372,1
72,0.11314934306936854,90.19314590929315,1
48,0.10341265283105004,90.20192994895433,0
100,0.20906176925931616,94.41478004244796,1
1,0.07260125532125167,89.53916600801053,0
175,0.21572331612282733,0.3281129010300643,1
141,0.28116281695331186,93.40148915815969,1
58,0.17390728114154783,13.745943908537638,1
96,0.18731592865444746,3.9926251111150557,1
98,0.02999048361598583,5.538853457805281,0
185,0.26069830204917016,34.891619517643356,1
102,0.092779858287961,62.08040852687936,0
185,0.1883648380032838,40.231119651899746,1
178,0.2939425292259927,2.5554284649379477,1
1,0.18269575416611425,47.64826341747147,0
40,0.22016575136466948,44.21307422703801,0
122,0.13914268928488804,75.68492655016469,1
81,0.027506094619366636,27.961289842543835,0
143,0.24130381135203866,21.753117379436716,1
131,0.020149663966555844,25.593895767662623,0
139,0.2131907703774777,30.3739822629848,1
28,0.016647256213394714,59.91648733671665,0
134,0.26006851860723446,47.152548545207985,1
13,0.05571445039156437,33.68945651790579,0
11,0.15913873367833983,37.43141582836784,0
98,0.18317370430011273,37.09236601589762,1
132,0.1426881681382895,97.24066947103174,1
80,0.10882141191117728,23.299698805295254,1
105,0.14566614589248178,81.80615602722587,1
31,0.10031056862553601,70.8210837588187,0
73,0.13705548065345033,0.5570005603550587,1
170,0.11408476738942888,99.3176218125488,1
80,0.17419939881707214,75.64393706335736,1
68,0.07899800705104519,68.24495863507913,0
44,0.2967104009250636,40.53247076766373,0
105,0.155252286480828,55.52030889142896,1
136,0.06630700245020779,25.32708956674702,0
176,0.14834935737450902,3.5483405145697478,1
160,0.26126038756219905,83.60216584459728,1
99,0.016323970006074724,89.64844936811717,0
145,0.20707069454111374,16.247063661423987,1
8,0.16891066107023914,78.7056095845733,0
61,0.0591718183673393,74.11526732856586,0
184,0.247068167398427,17.837500193609046,1
28,0.11697654048846162,42.18288025747938,0
124,0.09520258835649714,42.27579208341034,0
113,0.2501563056385013,75.99642583052486,1
152,0.19517226339558275,83.76609057760554,1
142,0.2704951342656991,9.477512139137101,1
133,0.1926662740646478,56.29692349042029,1
119,0.22483712080031343,76.17484969288853,1
169,0.2525693099152877,78.61905940651585,1
156,0.025874494413881705,14.799352443040892,0
78,0.23505419807212027,52.55051431507941,1
92,0.18797487973637725,85.75587063627029,1
3,0.030157260989406035,31.851857658528417,0
81,0.15748759734192738,42.511689891179714,1
184,0.033912842615346626,80.43585113363324,0
176,0.2234246884997345,8.93195211837623,1
171,0.1684854970303861,85.94932898889782,1
74,0.28653632584956623,31.115671673080904,1
13,0.06310925775581325,0.14503165911271543,0
130,0.18574970123090975,23.415914505635826,1
113,0.07135881902544249,8.950064089550647,0
61,0.1880788455709455,9.238490699624414,1
105,0.21956841368464836,69.28357341425915,1
63,0.21946825550556617,21.39763356390648,1
101,0.24637145729795687,93.47423629769824,1
172,0.25752956610791183,51.6444546591304,1
105,0.03240880061748134,46.00982579549186,0
185,0.10954747555099717,43.428351822015166,1
19,0.20926553090434366,69.25876396716319,0
57,0.1545900233434515,45.22627625236084,1
111,0.06529602455888953,12.860035622519185,0
56,0.1702857753483424,88.01721806407565,1
195,0.1281563393021817,42.839534892565865,1
118,0.12311110051974847,7.400457569950247,1
96,0.2448285780563425,52.93659874977611,1
91,0.12820351681133255,64.73468584557034,1
51,0.017671806589323005,27.558246415775855,0
36,0.026838368278416472,80.03404076738423,0
7,0.25831077209056985,66.97758460373637,0
43,0.28857423490363115,65.03411692644335,0
97,0.2096387075721552,42.08249528677942,1
132,0.11566680528902325,96.19153014112878,1
117,0.28219409158047093,27.418916794924762,1
68,0.2022128950489634,57.77055010154526,1
158,0.2548567292678079,30.90551574726176,1
44,0.2320971681707327,74.48047529715541,0
136,0.11995040157405179,4.779148387012144,1
31,0.1488236382467278,4.589386787504923,0
32,0.06397832476674885,81.08609695187914,0
125,0.09468408912781287,43.426816106367106,0
66,0.23565644177309128,34.11800546003557,1
29,0.2692537336461014,60.75268621753385,0
113,0.22009352274290941,70.18993438689736,1
28,0.1449003720304251,20.12013468444066,0
130,0.03508768799252678,18.543124140473154,0
184,0.026514905122549982,95.81507477598815,0
29,0.1185544137377276,58.966430638456934,0
136,0.1445082984426223,39.01164772942681,1
153,0.1866449804418561,80.14416946695064,1
129,0.011881961202229192,52.51589587779172,0
61,0.2970196382352288,24.166281037458138,1
2,0.11554227618717243,20.67353056415738,0
173,0.2559474525023252,39.68592661698217,1
67,0.16514034464296726,85.98958602598796,1
24,0.04782744181467048,6.144791604425892,0
178,0.24129401023501135,21.852600075476314,1
140,0.21584985172676405,89.31518188525914,1
43,0.1629564646294761,12.17345689692505,0
162,0.1592203964867962,62.962571826416834,1
54,0.03536908566776913,21.35113681210251,0
136,0.20019619508642347,60.586684751188834,1
129,0.2742610951687469,38.31041668442321,1
188,0.03704102657419392,10.167689643099187,0
40,0.08641832068818242,58.24750675541064,0
171,0.2716693122982086,68.3042747084586,1
63,0.09245973384774005,68.02726189658028,0
30,0.19964366493217864,63.70344090727096,0
46,0.1650972678335118,50.02247809355458,0
129,0.18293500545112,51.94726168593257,1
95,0.1305787814574034,63.564010980795956,1
76,0.09699752646057622,69.02593617466411,0
109,0.024074700711604002,65.48767388313851,0
68,0.2258414723953076,58.694556491345175,1
57,0.22636710403632576,15.58389848041184,1
105,0.20451046462282974,21.061653849286177,1
43,0.19665379855468995,26.022402103534837,0
73,0.0806779683285826,91.96616570875022,0
55,0.01648003079222445,75.93950917969666,0
170,0.2445274650967775,55.28668195368782,1
126,0.1524301753517898,25.20569285440468,1
161,0.0989830579037593,11.089152324417118,0
29,0.03956025296636532,89.87592259799747,0
70,0.028189261361402637,89.2666015822917,0
197,0.11117134932060141,11.069559569569154,1
117,0.24337374878241275,79.72166660964962,1
54,0.27642988730681084,44.664506930991266,1
66,0.27005789573778877,32.39669328305401,1
140,0.2768002420773999,73.91045362087073,1
2,0.27324034950750936,61.432954106073055,0
25,0.1628951779641148,78.00301075933373,0
56,0.0736305351815021,7.432886063293709,0
125,0.2414335090226779,31.85870199574564,1
151,0.07197676270724791,31.931685041673575,0
52,0.08749011025940502,32.97530922877655,0
197,0.07764375332853904,50.24798726438055,0
42,0.1593448970717837,28.301380308094735,0
187,0.10332997736903315,44.43836100875197,1
185,0.054705254391349024,36.77775931154158,0
48,0.14142028944922588,73.52960480205113,0
41,0.2634330992476984,60.35007956750501,0
193,0.17546032793549193,65.36294323173153,1
10,0.26471732570740025,21.058389408264443,0
102,0.06680293367294984,32.550216532688935,0
97,0.05842242336504066,2.1165447612074284,0
145,0.17691736645254186,10.837470729316989,1
84,0.14436538144841918,26.505423198888735,1
99,0.20145006607761748,6.546372130202105,1
103,0.24044176939776665,60.26324003547025,1
179,0.22787911573913117,99.81301159238252,1
45,0.2832557403609827,10.081521406538851,0
43,0.12549435865553335,82.12302126692651,0
21,0.06985215525197241,11.881624726514717,0
180,0.16976466558488687,66.9914018796436,1
186,0.042115504855443825,64.31576030590172,0
113,0.09376682576617311,90.27169348111993,0
124,0.0702875360263119,11.394561368051237,0
123,0.12500347787115346,31.54444660818978,1
29,0.04225280675064246,9.077976035468572,0
7,0.019234105918948377,40.738332580443384,0
97,0.2004702613427092,91.15931735574449,1
56,0.1869722037040434,78.15231510618561,1
110,0.21542409145121175,72.29001004453191,1
72,0.20151206767868973,53.3027504862702,1
114,0.04314545753129122,88.34857423355228,0
19,0.09441287559893742,44.94417982413283,0
24,0.04756271687110218,14.968566710063824,0
18,0.2544619965940833,83.75852231207791,0
4,0.22660206005310174,27.963832805172682,0
74,0.0684428308462903,5.363354102444806,0
127,0.10897967974206908,12.603803066879138,1
71,0.29031834775662213,60.90589161941482,1
154,0.18230621378509893,60.70819639211725,1
39,0.2423351232173356,26.018317108203448,0
25,0.08673140008293144,72.7180147945979,0
26,0.0709153468519985,77.36401553995343,0
189,0.23733590936549903,92.05026261336182,1
82,0.20890301201711764,58.493749867823695,1
127,0.20748359947141146,77.94233641475728,1
177,0.17026402873046623,75.30996797716337,1
169,0.17343771940519917,25.780904846719288,1
156,0.2233522765388136,31.022592793765934,1
166,0.08830071952514662,47.848239575287145,0
187,0.11230285509851716,1.9038967529248496,1
168,0.26277466345081596,29.739777315772354,1
32,0.09957090829352573,47.388287334423794,0
96,0.1684297756999967,10.806929528114374,1
110,0.21376544456193838,12.627588777512544,1
15,0.29997819978162116,46.32367357373411,0
22,0.13623448613364628,73.09650315859312,0
134,0.1341469342212337,83.37489309206832,1
25,0.2543506300357635,54.63138975047486,0
95,0.24359590226536035,47.47489875467311,1
11,0.22201200570301907,38.42805684597552,0
71,0.14433659484861838,19.29489924376062,1
132,0.10394234484660757,14.65620028143647,1
105,0.1865318399496061,79.18964516618081,1
116,0.2641047550081759,46.500663221233616,1
196,0.2662954628804901,79.03202454797547,1
176,0.04146452007042714,70.40830359006297,0
25,0.13422158230581369,19.389591438337884,0
132,0.14476936729763734,51.03072642112257,1
21,0.2935084565818884,44.40166304226807,0
12,0.2066194244203495,42.38735060906967,0
155,0.12810146100600045,54.25710492038138,1
160,0.01755678693582197,98.20819010754379,0
106,0.17396169642876683,81.29005976707452,1
22,0.037862032935123274,90.37124316303917,0
96,0.25199048763085125,2.9639583176037543,1
17,0.228230411565405,14.033636679250595,0
116,0.14354765637337183,8.47636602245635,1
29,0.1344711260670929,26.323100506527663,0
25,0.2702283000149429,44.189249196665045,0
143,0.09365292162125723,64.20532476558895,0
38,0.08221578901096352,50.0831266286602,0
160,0.282367255519471,90.31839149131397,1
153,0.24468129265850994,93.98559588938637,1
175,0.24798142198948644,16.35209511974589,1
192,0.0666062061400184,85.2912920264785,0
165,0.051555837514970976,48.1722204013301,0
129,0.01754856944696912,45.332947131738436,0
112,0.0787420375864172,78.49393484845682,0
133,0.23451524259715417,9.314050904487658,1
45,0.07961114144160343,88.24931274191465,0
49,0.2214399522425141,67.08633545476147,0
165,0.08305339695655223,87.52616076579979,0
105,0.12463482440569477,99.44775777076228,1
145,0.29511706407430843,51.800445235725334,1
154,0.0809954020723993,9.326219790892898,0
168,0.1191474819164976,16.65238629308865,1
71,0.09731528233491195,32.361824255430996,0
73,0.04179124603570066,10.355294213470955,0
16,0.15206930121793924,81.53418261377698,0
189,0.11982029236657064,29.686785103276847,1
156,0.21151725488411122,97.58861880198653,1
185,0.2471024186159484,70.25914319318557,1
69,0.16783241720373518,17.343037025555763,1
149,0.019336962405327687,47.604264694394026,0
5,0.18948748330806925,46.68842216333211,0
25,0.026063311706072366,49.25116583336339,0
166,0.18874333384371722,53.56911706429356,1
139,0.20865868528806467,3.117308231773086,1
98,0.06735261200908034,68.63011257436234,0
141,0.24761038312931358,48.71917752884433,1
21,0.2742146881564741,79.0965398868699,0
50,0.24579521959300768,81.53495732604306,0
150,0.09848166516150382,23.053512199171745,0
175,0.18012647360923398,4.84229464267778,1
198,0.275296393265456,70.32338561123225,1
103,0.10299277060462646,97.77627884638743,1
177,0.24780806845697326,44.665798658090104,1
88,0.012747788065891993,25.961280959359577,0
140,0.011057543807556119,15.667189458348096,0
137,0.23031638149830055,28.744559739058506,1
182,0.23081979881686512,32.79195513714498,1
8,0.23880338447716518,42.38747434344645,0
78,0.27970778298756704,65.54071232145866,1
51,0.04419283042788242,27.316305608022706,0
129,0.07727564564526962,5.097676346867597,0
152,0.27208022690840417,37.327861157271954,1
12,0.0613984973539825,85.56296161590757,0
50,0.20784648759720936,49.83515108518838,0
185,0.16383427001183645,96.47837577454098,1
33,0.0341261662869371,50.36215310887317,0
34,0.09272646196304452,27.589881692184782,0
130,0.16090794276788067,19.331399724521457,1
119,0.2571815338383119,69.45244967855764,1
186,0.21518616198825535,53.638128577743636,1
69,0.1903461168219306,60.39989289954415,1
175,0.1538495380830103,75.51267893341311,1
191,0.09661835530609894,72.59034642648929,0
146,0.04458102428258574,4.336330016822698,0
66,0.1286320500241677,80.25719052950282,1
102,0.018270363234274847,53.27033070517114,0
72,0.07120620788738667,39.17085308147726,0
115,0.13542017900307135,53.751942626807036,1
132,0.13139550384485538,61.245144845732504,1
66,0.022845674989127797,14.950630987379698,0
138,0.18082744452233446,41.7415395326445,1
120,0.1694084341974385,33.55862101881838,1
93,0.032650248166064724,35.04089448180384,0
195,0.28351728521352737,9.133493840730821,1
196,0.03882100589574943,15.98434880002304,0
128,0.25790190385882744,16.183206758622138,1
90,0.010089822255351722,37.32247432216478,0
91,0.26586151756316106,89.44915448747915,1
62,0.015718722339250642,20.602737192094267,0
28,0.22976548924871362,41.61925076748045,0
11,0.11489033527707333,31.16094152991379,0
76,0.22408287203953275,78.73833125513382,1
40,0.12650610957324376,5.012643232081615,0
129,0.030563297476234104,19.65433955358904,0
36,0.2325769416646556,21.06415423547944,0
172,0.03066327874319584,99.29628003132312,0
175,0.2774149264287532,57.07750179663036,1
23,0.024782470379581797,13.895826438351822,0
98,0.1490043305537395,27.21991392765655,1
149,0.21967998494673074,16.782209412292424,1
99,0.12404147478969092,12.4604569619448,1
138,0.07299770763180605,79.71820284078926,0
57,0.23013637880484783,49.57526286603549,1
173,0.23744546438873065,63.121013684878136,1
28,0.2775815453467665,33.1251246991996,0
162,0.11908788202501253,55.36950860673294,1
142,0.1568130030042248,25.75690325236971,1
59,0.11530724842536089,30.80362749282348,1
94,0.08455372833689677,65.2237944366733,0
41,0.22779955884590647,15.035012591923024,0
42,0.10849903505491706,61.722185916746184,0
73,0.1341633381777821,85.22348164231272,1
176,0.12706536071096808,12.042322618076906,1
191,0.2166717554375563,89.7461280569979,1
159,0.27616073157209714,7.944568029889498,1
63,0.2033592577791394,34.8909226955873,1
1,0.14675895286732746,61.050931523799456,0
151,0.2359694832742762,55.94147601185369,1
65,0.1958816839954199,9.639107249443345,1
165,0.02757700356416591,79.8913167785853,0
30,0.03774244006146408,97.31532931452527,0
114,0.020995913781353667,18.12282891837701,0
25,0.14247673459983276,89.51309698154628,0
28,0.2494974959582998,55.68094421117505,0
194,0.10079411911189208,93.59337712453274,1
77,0.12140645309681967,17.608595841676113,1
24,0.2737483614266883,79.20213931794245,0
47,0.2527019991418299,5.978157544533113,0
64,0.2028639525909424,88.31964468027265,1
180,0.08737309680675287,67.41594221996337,0
66,0.04394202997964861,37.025478392243,0
89,0.014657058577232977,19.046682349785016,0
145,0.041033095055282055,81.65330985672048,0
136,0.09485296865094339,60.32413213948116,0
37,0.17001911843805373,36.041585294800136,0
86,0.0285600239981922,44.383582480251626,0
148,0.049506055712350214,82.65426560723765,0
64,0.0625134036693029,33.89271933568677,0
148,0.1932748069651588,8.96326781099287,1
26,0.1885790417042361,91.12821722034727,0
105,0.16972206064792436,38.73437396580346,1
122,0.08264541316182247,34.83875111152135,0
197,0.11762471045343227,20.439961887593938,1
43,0.03804001773794548,89.74225712283456,0
99,0.07567357508983591,21.750533368783387,0
27,0.2703345156770483,63.66728680013837,0
172,0.29411060646639026,88.0765011608103,1
16,0.19782127983568545,3.49136146032174,0
126,0.27587875468679185,82.87917053001958,1
122,0.19639515111641329,41.05994216897745,1
167,0.019626980970586266,65.79745752652119,0
130,0.2990611496460586,37.240456322555396,1
75,0.03869616748909512,69.5516256347494,0
193,0.2079661224190676,25.429491455769913,1
45,0.0833224988916891,2.193054243539627,0
157,0.12367452274301843,94.77875147879536,1
68,0.19732091359227208,1.6367764040082777,1
136,0.13658133129923505,82.40992896335071,1
84,0.08265835709002718,16.91375933224738,0
10,0.10698939419471416,39.222022860202784,0
68,0.10904895390772112,82.24923765060558,1
98,0.28820393230738195,20.593215031234536,1
90,0.2415977746178008,86.57076055250357,1
193,0.14297914372902604,49.77589391019014,1
158,0.06794806689899559,36.61534627172765,0
160,0.24519467197617023,66.24377467363361,1
166,0.05558291676642832,34.13897219809575,0
93,0.07103404297118099,34.728835899635705,0
173,0.11614388363364382,73.35263909383032,1
164,0.2653009767970771,30.983222453910784,1
114,0.04821813390389197,20.07726483544251,0
187,0.04544791592781256,80.76461279965721,0
30,0.15325274660852714,80.53710337272318,0
10,0.09015905691716565,49.758570370686925,0
86,0.17493110307796636,52.665561616295506,1
120,0.1409746385581348,69.60766257676386,1
129,0.13613814084185288,50.92742917624334,1
104,0.042472161441228055,41.70399589692325,0
26,0.050904410172453646,99.48941932967458,0
1,0.2481127874595865,14.764042785255892,0
102,0.2669059938958059,59.27279792398606,1
100,0.07805822453672256,88.58630260756603,0
20,0.04290354544218303,68.72150411811148,0
57,0.025490834861008074,88.09232990882384,0
132,0.18640630798515007,33.63347203546726,1
179,0.21745243162505962,27.19929762602392,1
172,0.11811489686892959,85.12723869021048,1
84,0.20710600157228548,39.41145761854605,1
92,0.21675805651226257,70.96823230573112,1
19,0.28124926160510255,14.774857841411427,0
60,0.0288133549721811,75.58381253766747,0
37,0.06576459973701314,54.898264902486936,0
147,0.029872536403126558,26.861163991046087,0
24,0.26171824066747207,49.45039639589051,0
129,0.23985027640973489,69.69436258397035,1
120,0.1766462004803333,1.1886408847383678,1
159,0.034262388914843116,63.74670588141294,0
25,0.08926058400957868,54.15907782732744,0
197,0.0963387559369699,22.02861677467326,0
168,0.17261552684447096,75.29810739761967,1
66,0.08483272927064747,30.346098463320114,0
0,0.0311583605347569,27.686093154656476,0
50,0.2219210675374568,47.12183489993227,0
4,0.09673326138006927,67.61496784223647,0
12,0.1411885113367572,92.88459758762544,0
146,0.04702332414486855,14.135724313210396,0
139,0.24273900798442807,39.646812075173365,1
47,0.1740042443079767,6.698959251262993,0
152,0.27145983160086024,75.85507474717424,1
56,0.15368675328894668,44.77328896813607,1
114,0.2830134448271851,70.69291351881851,1
34,0.2686417792705845,32.219442397628725,0
75,0.17717335837317782,84.43172414063234,1
93,0.2808290970634604,53.482807824011466,1
4,0.10369573671542015,94.36078218236551,0
21,0.11603622718422128,7.881463914403419,0
102,0.023188605878750712,51.427682454207435,0
184,0.1808682629615174,76.64552459976987,1
174,0.21935795127939067,60.01526480736147,1
181,0.2343205651702099,2.3194140426842758,1
130,0.05344672295336996,97.23386783438808,0
123,0.13880613097062508,29.82636930758984,1
52,0.061290331507235535,24.927786636638206,0
158,0.20201693116773217,48.56598756065795,1
68,0.055804448002312754,54.21581075233489,0
103,0.2722074683472617,76.62881375898255,1
160,0.07688404724180986,39.32736576589891,0
199,0.09450665722359099,43.99603764622122,0
177,0.2567628334237899,53.495991593383096,1
15,0.1429556069422599,39.43870997416406,0
115,0.016958824282021178,91.4548079101156,0
75,0.15343001284876728,85.12519666342521,1
108,0.03451756726023568,45.49736950778783,0
38,0.2957499684193201,0.019486233731713654,0
88,0.1805523554321247,90.09344955292806,1
173,0.08439445910718374,12.433657343946525,0
111,0.17347812706880913,24.451241519404622,1
46,0.032291459980708904,15.23612843653982,0
171,0.24196847823795695,17.981556998102377,1
136,0.2783451356206075,80.28775378898348,1
127,0.26358887257978625,57.95014416659242,1
177,0.1091097046665832,95.60951631253485,1
76,0.10447275469657685,23.145351232371645,1
187,0.020175407252727,48.5634908131234,0
14,0.19890610402326583,97.742836908247,0
35,0.16512238741504054,82.64435142747698,0
62,0.143210447684929,72.86156791204911,1
68,0.273212976467065,18.897520137079194,1
168,0.05868488131402543,76.94054009097161,0
73,0.012803217340152877,34.75651225959177,0
23,0.03126177111502197,53.05368970467577,0
48,0.07477771696993697,60.91612130395402,0
145,0.019652809286402513,60.93637115242541,0
6,0.1558246760865093,72.65234719135164,0
3,0.10108623201773762,66.17020926422056,0
89,0.062340072339758475,6.837087931058983,0
196,0.22752438173511202,45.73470259491073,1
59,0.06929088460743371,66.40216067199792,0
54,0.20940547928820002,29.599298216572866,1
15,0.11128682269581527,31.30566872163897,0
28,0.15843005059214083,12.456754775461555,0
150,0.2808214415568827,41.861498597485536,1
13,0.02083197409658572,98.68304343061747,0
78,0.15507670716846395,28.531936128803736,1
176,0.25778265849500925,53.143689268609805,1
32,0.18051253202740106,74.32372527790844,0
152,0.0902924499198954,1.3497270884270662,0
20,0.12532752919205994,90.04395595982989,0
144,0.2072770323312866,38.65501847249385,1
22,0.2683354493510029,86.91159867109822,0
56,0.021909248386517362,3.8947658899478044,0
185,0.03074625834820916,14.566355186367586,0
141,0.10426494184678038,32.25294544775592,1
92,0.0775061084868689,34.54617730632788,0
19,0.08682995700449773,84.77942230280165,0
157,0.07416829960150546,1.1201115388235205,0
18,0.06678926416799573,64.11117764696796,0
180,0.04788095039209462,13.131243617855027,0
102,0.28084669822061903,82.32156507110494,1
183,0.05181494453278439,77.85732659579124,0
76,0.06927709468200549,49.99210274112006,0
150,0.08141705995442786,21.268722551237516,0
189,0.28057431320782195,63.44953909655563,1
32,0.22915709874431456,15.625831765764564,0
17,0.23901283479149926,19.002379259265346,0
72,0.04037989526616443,62.66899022253577,0
160,0.2525298637545448,99.12284460886244,1
159,0.12837599372705122,89.10608372525462,1
188,0.08621867760159273,59.31073576836771,0
181,0.17696752422089004,53.85367687674238,1
16,0.24843304268685282,99.83848800081086,0
18,0.2358091238117237,54.73971476338937,0
69,0.2680992699485283,42.01165219594439,1
119,0.2791583339444787,90.95555357753415,1
100,0.07905540071404736,23.418429586928823,0
33,0.13291878930908876,9.752599029680898,0
83,0.014242276369470303,63.40900343618303,0
152,0.2650032811868674,9.5849633768749,1
195,0.05482592392768259,37.314853695296016,0
73,0.25982769557938135,42.35773855817205,1
87,0.10552232337611293,54.75380670492331,1
84,0.11675874109453006,99.16595457479623,1
10,0.021348353800319218,22.09817233331808,0
90,0.10479484903194267,37.5756378506912,1
143,0.2676254680123666,13.224012441065803,1
188,0.0174087463252652,60.76135260332347,0
126,0.12783496718355034,72.76731823078335,1
112,0.019105892645694927,48.20768232358789,0
79,0.11756779328162882,24.583126828997102,1
6,0.06006578582628444,62.08882691817477,0
15,0.08314333404782788,53.91577233688495,0
15,0.2645035282168115,17.118572340371774,0
167,0.1364542739803484,40.568190050213026,1
11,0.08940141750655452,43.519709163519494,0
34,0.18090812960565886,98.2617753771433,0
20,0.05121101835144889,84.92858321555218,0
177,0.0852235661520482,73.43707882735939,0
170,0.16841191060483768,88.87770255029474,1
16,0.07888168213593995,73.54844058287149,0
31,0.20694704384625326,90.34018551257333,0
40,0.15253247765526154,5.455311487950798,0
133,0.23387683037386034,45.606620926691654,1
26,0.2849909153595159,74.68983352418336,0
147,0.04358341791074824,58.329579661001354,0
152,0.107052852895518,17.516616415078666,1
65,0.1026692282347379,34.04920865285342,1
136,0.05384304660780373,31.777437502669127,0
91,0.24498790982670654,26.1346913184336,1
180,0.2303648241712491,34.31355535139661,1
60,0.1504833865419757,51.4853288461121,1
165,0.16595352556043677,85.4869024783276,1
2,0.02726780002072391,74.20326623937564,0
197,0.17109713217484324,83.52497040162336,1
102,0.23948904196569457,88.36037445630863,1
54,0.1764099963393186,41.61504560976073,1
0,0.08693884733492148,34.60262840267472,0
100,0.20358899897695779,5.762338168416181,1
197,0.11483164468992181,93.04916218764343,1
44,0.16801325244286322,6.582301793814393,0
174,0.15139395535088818,74.11355153704704,1
25,0.12054075027990221,37.81083044655872,0
120,0.21847461431429918,94.87807744991864,1
141,0.2663240724759057,41.9602020934129,1
181,0.011511630358308234,81.66083513547164,0
198,0.2807487905768065,28.26548321636766,1
45,0.15833938946413523,29.908871724384667,0
121,0.21321224530534688,59.55194098784342,1
30,0.25813112419100437,99.79826337074738,0
58,0.1454600707711383,51.757241797919626,1
28,0.2521424812758182,93.63086363932905,0
105,0.061509747642008644,78.62498282487277,0
16,0.056158584999146194,79.58643141772349,0
141,0.2006666969682845,43.59599891287641,1
163,0.26234147161000376,38.65422501728006,1
185,0.2688035914854514,19.19218080908154,1
23,0.1966847329294015,96.39412669836535,0
108,0.16239187676070208,95.939361244382,1
190,0.10610399543198969,74.70677343101828,1
90,0.29420012052380606,29.625244985266953,1
24,0.10271174913321263,24.517954034228218,0
186,0.225813971097162,98.86102423869629,1
31,0.16427472197245022,6.65428151081775,0
115,0.18646857933235053,84.3564292141309,1
81,0.12410935967070158,35.545800048247465,1
109,0.2897987063869519,41.88697197272205,1
145,0.1757878745687886,83.19776487488372,1
36,0.28195841283304907,9.060301600535803,0
25,0.012201510690435097,35.416967852025714,0
136,0.17607446912542507,95.2024277169573,1
63,0.2179841980203287,69.90659127712564,1
71,0.22607324963704323,75.49391648058904,1
147,0.2724432957166876,75.75053009554765,1
181,0.01127646661109802,6.057008316394452,0
105,0.010095746185248167,20.320759326043113,0
85,0.14695640363061244,49.12632560812118,1
157,0.01849517445155749,36.81502324753752,0
52,0.29261444056208863,41.091229313285346,1
91,0.07439890061700366,78.14473786256725,0
98,0.14707277151580497,1.4679235067735275,1
190,0.027729912703544843,66.04919263212388,0
10,0.16139404068966498,0.011023180182245795,0
30,0.12018727629274846,6.30585255762437,0
176,0.02295140837439489,40.8286119837624,0
99,0.10718603734190517,84.09485198048215,1
86,0.12351644586462812,14.499576556446048,1
146,0.2970772324697326,55.46214091286116,1
139,0.07028690285661889,67.85052268267442,0
14,0.1679860884573289,22.953288417216054,0
158,0.2963215092676023,51.2330255269583,1
170,0.23968557030263918,91.14072831381922,1
100,0.2980765752558058,51.222852536553276,1
164,0.2908065112514491,15.732306178764798,1
28,0.15196646720730475,62.78142966875448,0
113,0.21194899646246407,59.220018000851404,1
106,0.04202850681293382,2.6954759798131223,0
153,0.13793315926357255,9.05944057475666,1
107,0.24461537725734225,15.678135514101077,1
129,0.1565472430833716,13.628907756186992,1
83,0.21378271951699723,25.94657705609331,1
14,0.22626788569544032,45.410532323556794,0
131,0.08350605096043921,37.17162978989844,0
49,0.263952818153344,89.06498914045969,0
165,0.1433485049636619,61.210940940633705,1
22,0.07095368005024769,87.61443499618431,0
58,0.26097060571864866,52.703932491759886,1
89,0.13116745377081354,8.987047068933995,1
114,0.22759060713011872,46.32874490664348,1
74,0.16892959094426194,82.2032546842365,1
155,0.12074280814800512,19.410376716710807,1
193,0.2448641603611851,9.121427875264976,1
122,0.17949628017693778,32.94347383382601,1
135,0.12326300970383919,38.88978306401396,1
156,0.04178338239718684,30.62576764059044,0
138,0.2696791409923453,13.5240785624556,1
17,0.0202861797490833,25.08398597217145,0
182,0.2603243310267363,68.22824046021103,1
49,0.11438884221611507,38.59285162931639,0
141,0.1954082414154077,63.25494446185558,1
117,0.27743791991234873,53.630377991873246,1
136,0.053994918496130535,54.9052939857669,0
138,0.17441563793525494,24.8549557947796,1
190,0.23168553008735568,52.15430327681816,1
107,0.22969931148852663,2.3594713863201777,1
66,0.16243325523385616,43.17437423249262,1
180,0.19117444337287284,57.26228231899151,1
166,0.2296828282985249,18.19956213541093,1
77,0.25389801494964936,25.655850624895137,1
183,0.2309257980940005,21.95310198156194,1
155,0.11266143352256036,7.055795526542418,1
74,0.2990506563067426,34.78573211400901,1
38,0.13600578117859827,97.89657664519395,0
24,0.01709476380009069,35.388040646361006,0
20,0.11515891595978398,46.05366218369756,0
137,0.04705705682641454,65.30872509563753,0
170,0.04521835856122875,64.8497751169107,0
14,0.09164516163099935,94.98949800186242,0
47,0.025478893311405643,85.75641403991253,0
85,0.20966853463877327,79.39506871051523,1
148,0.03145677641855247,95.16272257783106,0
187,0.06895397107642728,23.07653854831716,0
115,0.03694091720329462,61.70541946217926,0
49,0.028318641961879013,88.71967667221563,0
150,0.08764798300646708,62.41381582781018,0
140,0.1758507006215073,97.74204746068695,1
68,0.2897588113695841,10.0352713906379,1
3,0.2639114297613858,43.93305027932003,0
77,0.2640208383791442,97.73629079086362,1
199,0.0610594404509207,37.956802856992574,0
8,0.08682308611436781,73.95563750993044,0
120,0.03215406187063865,3.040290107864918,0
114,0.23575581857540365,69.48371146303131,1
162,0.030246727430812963,93.46267325275784,0
100,0.17144174453804745,38.27062851900027,1
148,0.0818839159739457,2.1299837926929466,0
185,0.08059923386833596,2.790980439548385,0
145,0.2973102660218055,89.2023305711089,1
96,0.22946614402377585,72.25161070962618,1
199,0.2527124139044045,10.668638422657983,1
80,0.17587497874976366,5.459027705119657,1
42,0.26259414334418724,80.48253636154794,0
94,0.19719225635824233,80.9860632805359,1
5,0.2843903743909401,12.0521839792049,0
66,0.09158818995323466,30.152040388863675,0
139,0.18264266827703957,78.00260645738895,1
99,0.21013809090169872,52.54120709540063,1
11,0.12395181845806393,95.65848607252994,0
65,0.26511531489717544,48.1062645346005,1
1,0.29414291730020475,67.69579375655125,0
142,0.15319315249807186,50.97833657415842,1
150,0.12328578989325832,94.29654956850457,1
156,0.146861999281373,39.86590920676088,1
80,0.25729365626226014,22.979645517860003,1
134,0.1971858434002686,32.66338602809932,1
155,0.022983988030247572,85.27752041652292,0
141,0.1672292740292573,49.793856351213336,1
171,0.015017035594881246,35.4252303502239,0
157,0.23577525759098755,54.42600218094829,1
159,0.10521055932731448,13.322970727684236,1
69,0.14688216981402552,0.5359304625596084,1
114,0.24161665071321328,28.058468369349075,1
87,0.02347015701287085,60.50057197835423,0
5,0.055977045321567026,71.16807696613873,0
26,0.1254085091690833,82.66109663519666,0
81,0.07667829742821256,92.66635593944696,0
87,0.10799141347476829,41.21123469647681,1
119,0.29947067398881483,74.05167995574547,1
23,0.2493701868964051,7.467293019806254,0
101,0.2663315263384315,5.752999877208009,1
33,0.28174584373407485,12.479799198615659,0
167,0.10887140529111672,44.85690978307624,1
46,0.09615231776097707,21.12814384987499,0
23,0.07787812284590172,28.69249419378158,0
64,0.25073390427935555,64.78801735123027,1
17,0.20707004006270363,35.8522178802846,0
43,0.07848987492003441,55.737155771802215,0
75,0.1193282104710319,41.24037567365922,1
56,0.1569464115405115,16.896925551981955,1
106,0.16316061660938858,7.4019990255894115,1
155,0.26773104127999725,23.623149530988783,1
123,0.12036417855469271,5.770046949104435,1
198,0.27347196884514857,61.86119598898069,1
150,0.137996592492739,79.57176014661003,1
161,0.2264480756897826,33.974076823740084,1
138,0.27977375279566624,38.71110553523582,1
162,0.27319695414934725,81.61910627593066,1
115,0.02651633151574754,22.26129123735603,0
92,0.06965424554320525,11.91602651948742,0
41,0.1483025734043598,50.111811733108645,0
27,0.13515074408640113,64.61901695332372,0
122,0.19585858280279003,59.965442504647925,1
23,0.28396562473936954,71.38730452741808,0
135,0.04259736627060516,5.675118217302389,0
105,0.14103901288892973,42.820161275837286,1
117,0.06579920098727039,23.857052394569312,0
52,0.26929120353540476,75.91212595460242,1
199,0.2897282538824793,87.27304840603496,1
131,0.14882348774820153,28.133574080641488,1
99,0.04016298634116081,9.521807906940827,0
4,0.23773545334957524,25.342796199139684,0
48,0.2121709916427957,10.40084890589197,0
97,0.11285453971699003,32.24221661134538,1
29,0.2673481674509994,53.81985783218257,0
71,0.29299124803698506,97.36809543982065,1
102,0.17177761624775667,39.93702543513585,1
62,0.1740610942898448,22.003992385462112,1
174,0.09627891648299557,16.680174037083507,0
25,0.17950675043516112,17.3039766138676,0
184,0.13749627295220548,19.25976832614592,1
36,0.09763539780913504,76.2267022537447,0
6,0.029483706991931383,6.102771143241991,0
126,0.08328527931564621,99.74027069430342,0
167,0.06737784840652268,52.26863911662611,0
91,0.1671921755206452,54.42718943008257,1
166,0.18448430631144222,35.756387869960484,1
189,0.18648580004874477,69.02553594121204,1
102,0.12257249030324692,47.14563408807977,1
52,0.13215662276879384,32.906128496454976,1
131,0.2519291445957856,26.51384037080429,1
107,0.1481075159199771,92.56512069332595,1
111,0.29645426631976546,29.09895150524202,1
152,0.1374889967025708,43.6393259429842,1
6,0.1983784739391733,35.03414021164682,0
155,0.024605269708084784,8.617882742803594,0
196,0.19946857808145513,18.59343944822671,1
66,0.25691365438035174,18.950197532638203,1
107,0.2833127731746559,69.36495143896548,1
110,0.29922297737553344,40.65854099658092,1
147,0.0918318072382776,78.19675630706587,0
82,0.17685731879945787,70.8950924334157,1
123,0.14070821580432274,19.204976639603764,1
138,0.17350706936679958,56.29169201201007,1
103,0.055661357585055526,74.29088460488028,0
66,0.25828337605282303,63.3042923475723,1
6,0.2737749935699304,60.00165080879809,0
150,0.14040188230274753,73.9610887400768,1
188,0.09132465985633728,5.678073925630689,0
198,0.05084169401937357,73.14219473614328,0
109,0.2082917991855633,27.265526315342836,1
33,0.1005472334900132,57.18722545093541,0
105,0.2737661852748827,24.230499469650745,1
146,0.2045936177050123,83.88175722068377,1
57,0.1972487443005298,48.0559354300756,1
8,0.17222661361048985,64.29412120249836,0
47,0.023275138434330427,79.40820434767281,0
114,0.2802575063488202,89.53152550713644,1
40,0.1921018730568434,73.2062097069341,0
47,0.298277975181102,14.876857619040573,0
172,0.16583335738413724,85.45323695857864,1
24,0.2159321586528018,61.85779158655061,0
115,0.026300771781204428,60.94497583802736,0
77,0.19320349127878916,92.13405598049216,1
107,0.2317483873612036,24.88315556658831,1
24,0.23576914550724162,23.95876184940333,0
146,0.23333237914678276,51.31935546949619,1
38,0.07562196191516361,75.08630665348652,0
118,0.2928655585055155,44.72407082285091,1
78,0.2986028149812322,63.38913898924022,1
79,0.031922803796864366,45.252472422271886,0
26,0.2815694626154096,61.03871804869687,0
103,0.09394026634826709,82.22623026137111,0
73,0.2098923837077798,18.04766960909233,1
190,0.1080521670134783,69.53785340059841,1
67,0.2906487537782052,78.74257393381832,1
146,0.039436118908025286,44.711140748178245,0
27,0.15434657691734904,32.32335770678543,0
122,0.13413385966320165,1.354432392440208,1
160,0.10454680116061561,79.71050223340936,1
137,0.1972048573552431,32.79386590359881,1
82,0.048006165592283566,35.73094694080502,0
29,0.2178321012587721,33.600616309881225,0
21,0.29437171590338834,49.873933081233815,0
2,0.24332202719590273,70.24995732190771,0
100,0.25940485834376814,77.18631310005108,1
104,0.11429465552191072,39.25707204031583,1
175,0.10421711587955342,66.3102035045169,1
1,0.15994402286013862,72.06842502713152,0
53,0.02326071828105908,29.691733167738153,0
5,0.2841538589923944,9.662146953709328,0
106,0.051697700174695736,89.46657206444625,0
167,0.2718737813587468,67.7115971781593,1
122,0.034238844380103155,64.81104088762915,0
1,0.24856122902678243,5.890251521197798,0
200,0.054069132504682385,81.78730575039265,0
110,0.021058168086527083,56.60541560860531,0
1,0.21865194057522852,84.78844173175662,0
92,0.09127693705058419,97.45611837367615,0
182,0.21720388430746135,95.7100320880242,1
199,0.17097472263711772,85.60893463902075,1
100,0.041554143166719015,1.09473738313689,0
187,0.28031772125733745,88.57272082369565,1
96,0.1411711106814085,7.50623138276455,1
110,0.2229897105616195,85.11939701767672,1
5,0.1552959658845313,28.017406861162364,0
126,0.18526482773874936,61.00683385333676,1
103,0.0978043417834408,3.806823114987967,0
146,0.06810448816100058,77.11816961182281,0
154,0.16734535898833966,11.17061222329715,1
0,0.13766350216159057,41.06881716757719,0
32,0.1231328318958406,81.74460023253015,0
39,0.20504448657744068,69.53489965083351,0
31,0.21024692328322941,0.6042696858066909,0
196,0.02331681626646628,40.30323345425488,0
16,0.1082359033306649,4.192751696450802,0
125,0.12941171956564942,67.34998608184691,1
7,0.038098726737608744,96.89484917533214,0
56,0.07841125134250361,65.52612623007592,0
41,0.024976121194599424,22.437243111755578,0
97,0.29891020859893597,35.52330320665401,1
136,0.2236015888612549,97.66505556584677,1
119,0.03536054538579857,22.405241203235004,0
86,0.015872320139126712,56.152907305444266,0
162,0.21859346204416125,40.045380868174476,1
198,0.13736572804797342,76.83152979282217,1
180,0.23817104562872704,86.73892719798872,1
53,0.27780805096733124,34.08372743502967,1
83,0.18379711281474803,66.03963636993826,1
24,0.06426144264600338,54.90476975177273,0
66,0.23683627045347122,27.844449005543336,1
189,0.2871854055205686,27.19408028130017,1
182,0.17826707324738722,53.8631647532304,1
173,0.20777925971141273,15.40028735322998,1
151,0.10786766156063517,81.08098964824715,1
45,0.12064303145149025,6.900483920040202,0
21,0.22304980437738853,9.457448620831633,0
138,0.27905361853797755,34.222630892726755,1
175,0.19240663229506214,11.809175819713335,1
7,0.23905589346075076,47.57000212554925,0
38,0.059774155050458175,39.96758904418704,0
162,0.07146813617481232,72.1809795885717,0
48,0.1642900591816831,95.30041552097204,0
45,0.061200715750423754,75.35585847391259,0
37,0.19414857036406785,17.944866288060435,0
135,0.0945794237644627,93.5521285464403,0
53,0.23954445941339866,39.21334325530672,1
164,0.24435200051815958,47.41893609269129,1
91,0.1444983621690524,42.15762373706355,1
39,0.06243508416091423,28.054702328771896,0
33,0.19756473871376043,89.5044287797484,0
95,0.29790823529644006,33.22388658966161,1
78,0.19055136040333176,57.85964696795464,1
126,0.020374660307062274,24.003358437433022,0
16,0.015015252972453949,79.73753747701804,0
160,0.10290497144276878,77.41986595291866,1
174,0.06677730398951741,29.631213844704398,0
109,0.24578485007155934,68.15540731434537,1
51,0.2549936434404401,70.38735330949497,1
117,0.08499944368003808,56.251141610476616,0
8,0.10443698531546887,60.05983822716702,0
32,0.07851162063738325,57.44546382907958,0
187,0.27343093873766655,8.186440399484562,1
112,0.15576830704046185,67.0265344713785,1
148,0.20027974278378577,46.97750098386913,1
185,0.13048980514288494,43.845728054141354,1
84,0.19299411611631404,85.99992187818007,1
196,0.12189805924930346,2.322671346111771,1
9,0.10850674694147537,25.131491795875515,0
5,0.19399922122030927,12.140349984274634,0
114,0.18140800263420687,3.534104460972576,1
120,0.09512310670870538,27.567699767594757,0
140,0.05331105059264729,98.84762727946776,0
64,0.1168872412130599,27.02291732075738,1
19,0.13040731535115366,66.37058197957714,0
56,0.1923184566931354,11.829889004072147,1
45,0.27521334145469045,60.184763004722996,0
135,0.02049359128454829,98.44814831383133,0
9,0.08066169363713502,29.183752346046532,0
200,0.0661776232610725,84.80756163755828,0
112,0.15566537852119725,99.75713803665354,1
194,0.13461323404251635,58.8554088720744,1
138,0.22142091090785465,30.940110042803536,1
11,0.0803006146380105,67.35312598991563,0
137,0.18240452606743,84.48482062686188,1
152,0.2663186064439882,17.13502429619783,1
176,0.27409654457630833,45.25157638414533,1
176,0.288047535370259,31.918771012384095,1
10,0.23424573410319668,28.335899696237988,0
189,0.27273649281508533,86.08212607401727,1
117,0.07801395287572951,42.16540068218385,0
163,0.06729847386163833,33.90763418039128,0
38,0.011881544296352672,60.35105414260137,0
52,0.2149848636544385,21.940157963738127,1
55,0.28186548446598586,22.989349056807896,1
103,0.06421125006208615,52.028873087150465,0
128,0.19471363687379487,40.927272864618416,1
55,0.22647333017431548,29.498238392232444,1
117,0.27900812819293636,5.39511322741022,1
131,0.19758946496499427,52.077423863852154,1
29,0.2913851824971382,81.66092056010751,0
11,0.10995521089363884,85.13772052860578,0
34,0.1114792747937082,23.54399797260802,0
76,0.1674736279041602,59.96412039474883,1
179,0.12121554552361305,85.58813094629404,1
158,0.010413461203384461,40.87259282762648,0
101,0.22221388727522634,93.21368173075285,1
86,0.22799794202876017,90.29785291295529,1
195,0.22662263535916344,20.81338974188094,1
51,0.1100559933170353,25.896483290020377,1
